"Protocol","Cohort","Arm","Patients","Enroll_Start","Enroll_End","Country","Center"
"ONR-2024-001","C1","TITR",7,2024-03-15,2024-12-02,"USA","ONR-2024-001-001"
"ONR-2024-001","C1","TITR",7,2024-03-15,2024-12-02,"USA","ONR-2024-001-002"
"ONR-2024-001","C1","TITR",8,2024-03-15,2024-12-02,"USA","ONR-2024-001-003"
"ONR-2024-001","C1","TITR",7,2024-03-15,2024-12-02,"USA","ONR-2024-001-004"
"ONR-2024-001","C1","TITR",7,2024-03-15,2024-12-02,"USA","ONR-2024-001-005"
"ONR-2024-001","C1","TITR",7,2024-03-15,2024-12-02,"USA","ONR-2024-001-006"
"ONR-2024-001","C1","TITR",7,2024-03-15,2024-12-02,"USA","ONR-2024-001-007"
"ONR-2024-001","C1","TITR",8,2024-03-15,2024-12-02,"USA","ONR-2024-001-008"
"ONR-2024-001","C1","TITR",7,2024-03-15,2024-12-02,"USA","ONR-2024-001-009"
"ONR-2024-001","C1","TITR",7,2024-03-15,2024-12-02,"USA","ONR-2024-001-010"
"ONR-2024-001","C1","TITR",7,2024-03-15,2024-12-02,"USA","ONR-2024-001-011"
"ONR-2024-001","C1","TITR",7,2024-03-15,2024-12-02,"USA","ONR-2024-001-012"
"ONR-2024-001","C1","TITR",8,2024-03-15,2024-12-02,"USA","ONR-2024-001-013"
"ONR-2024-001","C1","TITR",7,2024-03-15,2024-12-02,"USA","ONR-2024-001-014"
"ONR-2024-001","C1","TITR",7,2024-03-15,2024-12-02,"USA","ONR-2024-001-015"
"ONR-2024-001","C1","TITR",7,2024-03-15,2024-12-02,"USA","ONR-2024-001-016"
"ONR-2024-001","C1","TITR",7,2024-03-15,2024-12-02,"USA","ONR-2024-001-017"
"ONR-2024-001","C1","TITR",8,2024-03-15,2024-12-02,"USA","ONR-2024-001-018"
"ONR-2024-001","C1","TITR",7,2024-03-15,2024-12-02,"USA","ONR-2024-001-019"
"ONR-2024-001","C1","TITR",7,2024-03-15,2024-12-02,"USA","ONR-2024-001-020"
"ONR-2024-001","C1","TITR",7,2024-03-15,2024-12-02,"USA","ONR-2024-001-021"
"ONR-2024-001","C1","TITR",7,2024-03-15,2024-12-02,"USA","ONR-2024-001-022"
"ONR-2024-001","C1","TITR",8,2024-03-15,2024-12-02,"USA","ONR-2024-001-023"
"ONR-2024-001","C1","TITR",7,2024-03-15,2024-12-02,"USA","ONR-2024-001-024"
"ONR-2024-001","C1","TITR",7,2024-03-15,2024-12-02,"USA","ONR-2024-001-025"
"CVD-2024-002","C1","FIXED",9,2024-06-01,2025-02-16,"USA","CVD-2024-002-001"
"CVD-2024-002","C1","FIXED",9,2024-06-01,2025-02-16,"USA","CVD-2024-002-002"
"CVD-2024-002","C1","FIXED",8,2024-06-01,2025-02-16,"USA","CVD-2024-002-003"
"CVD-2024-002","C1","FIXED",9,2024-06-01,2025-02-16,"USA","CVD-2024-002-004"
"CVD-2024-002","C1","FIXED",9,2024-06-01,2025-02-16,"USA","CVD-2024-002-005"
"CVD-2024-002","C1","FIXED",8,2024-06-01,2025-02-16,"USA","CVD-2024-002-006"
"CVD-2024-002","C1","FIXED",9,2024-06-01,2025-02-16,"USA","CVD-2024-002-007"
"CVD-2024-002","C1","FIXED",9,2024-06-01,2025-02-16,"USA","CVD-2024-002-008"
"CVD-2024-002","C1","FIXED",9,2024-06-01,2025-02-16,"USA","CVD-2024-002-009"
"CVD-2024-002","C1","FIXED",9,2024-06-01,2025-02-16,"USA","CVD-2024-002-010"
"CVD-2024-002","C1","FIXED",8,2024-06-01,2025-02-16,"USA","CVD-2024-002-011"
"CVD-2024-002","C1","FIXED",9,2024-06-01,2025-02-16,"USA","CVD-2024-002-012"
"CVD-2024-002","C1","FIXED",9,2024-06-01,2025-02-16,"USA","CVD-2024-002-013"
"CVD-2024-002","C1","FIXED",8,2024-06-01,2025-02-16,"USA","CVD-2024-002-014"
"CVD-2024-002","C1","FIXED",9,2024-06-01,2025-02-16,"USA","CVD-2024-002-015"
"CVD-2024-002","C1","FIXED",9,2024-06-01,2025-02-16,"USA","CVD-2024-002-016"
"CVD-2024-002","C1","FIXED",9,2024-06-01,2025-02-16,"USA","CVD-2024-002-017"
"CVD-2024-002","C1","FIXED",9,2024-06-01,2025-02-16,"USA","CVD-2024-002-018"
"CVD-2024-002","C1","FIXED",8,2024-06-01,2025-02-16,"USA","CVD-2024-002-019"
"CVD-2024-002","C1","FIXED",9,2024-06-01,2025-02-16,"USA","CVD-2024-002-020"
"CVD-2024-002","C1","FIXED",9,2024-06-01,2025-02-16,"USA","CVD-2024-002-021"
"CVD-2024-002","C1","FIXED",8,2024-06-01,2025-02-16,"USA","CVD-2024-002-022"
"CVD-2024-002","C1","FIXED",9,2024-06-01,2025-02-16,"USA","CVD-2024-002-023"
"CVD-2024-002","C1","FIXED",9,2024-06-01,2025-02-16,"USA","CVD-2024-002-024"
"CVD-2024-002","C1","FIXED",9,2024-06-01,2025-02-16,"USA","CVD-2024-002-025"
"CVD-2024-002","C1","FIXED",9,2024-06-01,2025-02-16,"USA","CVD-2024-002-026"
"CVD-2024-002","C1","FIXED",8,2024-06-01,2025-02-16,"USA","CVD-2024-002-027"
"CVD-2024-002","C1","FIXED",9,2024-06-01,2025-02-16,"USA","CVD-2024-002-028"
"CVD-2024-002","C1","FIXED",9,2024-06-01,2025-02-16,"USA","CVD-2024-002-029"
"CVD-2024-002","C1","FIXED",8,2024-06-01,2025-02-16,"USA","CVD-2024-002-030"
"CVD-2024-002","C1","FIXED",9,2024-06-01,2025-02-16,"USA","CVD-2024-002-031"
"CVD-2024-002","C1","FIXED",9,2024-06-01,2025-02-16,"USA","CVD-2024-002-032"
"CVD-2024-002","C1","FIXED",9,2024-06-01,2025-02-16,"USA","CVD-2024-002-033"
"CVD-2024-002","C1","FIXED",9,2024-06-01,2025-02-16,"USA","CVD-2024-002-034"
"CVD-2024-002","C1","FIXED",8,2024-06-01,2025-02-16,"USA","CVD-2024-002-035"
"CVD-2024-002","C1","FIXED",9,2024-06-01,2025-02-16,"USA","CVD-2024-002-036"
"CVD-2024-002","C1","FIXED",9,2024-06-01,2025-02-16,"USA","CVD-2024-002-037"
"CVD-2024-002","C1","FIXED",8,2024-06-01,2025-02-16,"USA","CVD-2024-002-038"
"CVD-2024-002","C1","FIXED",9,2024-06-01,2025-02-16,"USA","CVD-2024-002-039"
"CVD-2024-002","C1","FIXED",9,2024-06-01,2025-02-16,"USA","CVD-2024-002-040"
"NEU-2024-003","C1","TITR",5,2024-01-20,2024-05-25,"USA","NEU-2024-003-001"
"NEU-2024-003","C1","TITR",5,2024-01-20,2024-05-25,"USA","NEU-2024-003-002"
"NEU-2024-003","C1","TITR",5,2024-01-20,2024-05-25,"USA","NEU-2024-003-003"
"NEU-2024-003","C1","TITR",5,2024-01-20,2024-05-25,"USA","NEU-2024-003-004"
"NEU-2024-003","C1","TITR",5,2024-01-20,2024-05-25,"USA","NEU-2024-003-005"
"NEU-2024-003","C1","TITR",5,2024-01-20,2024-05-25,"USA","NEU-2024-003-006"
"NEU-2024-003","C1","TITR",5,2024-01-20,2024-05-25,"USA","NEU-2024-003-007"
"NEU-2024-003","C1","TITR",5,2024-01-20,2024-05-25,"USA","NEU-2024-003-008"
"NEU-2024-003","C1","TITR",5,2024-01-20,2024-05-25,"USA","NEU-2024-003-009"
"NEU-2024-003","C1","TITR",5,2024-01-20,2024-05-25,"USA","NEU-2024-003-010"
"NEU-2024-003","C1","TITR",5,2024-01-20,2024-05-25,"USA","NEU-2024-003-011"
"NEU-2024-003","C1","TITR",5,2024-01-20,2024-05-25,"USA","NEU-2024-003-012"
"ONC-001","C1","TITR",8,2023-01-15,2024-01-08,"USA","ONC-001-001"
"ONC-001","C1","TITR",8,2023-01-15,2024-01-08,"USA","ONC-001-002"
"ONC-001","C1","TITR",8,2023-01-15,2024-01-08,"USA","ONC-001-001"
"ONC-001","C1","TITR",8,2023-01-15,2024-01-08,"USA","ONC-001-002"
"ONC-001","C1","TITR",8,2023-01-15,2024-01-08,"USA","ONC-001-003"
"ONC-001","C1","TITR",8,2023-01-15,2024-01-08,"USA","ONC-001-004"
"ONC-001","C1","TITR",8,2023-01-15,2024-01-08,"USA","ONC-001-005"
"ONC-001","C1","TITR",8,2023-01-15,2024-01-08,"USA","ONC-001-006"
"ONC-001","C1","TITR",8,2023-01-15,2024-01-08,"USA","ONC-001-007"
"ONC-001","C1","TITR",8,2023-01-15,2024-01-08,"USA","ONC-001-008"
"ONC-001","C1","TITR",8,2023-01-15,2024-01-08,"USA","ONC-001-009"
"ONC-001","C1","TITR",8,2023-01-15,2024-01-08,"USA","ONC-001-010"
"ONC-001","C1","TITR",8,2023-01-15,2024-01-08,"USA","ONC-001-011"
"ONC-001","C1","TITR",8,2023-01-15,2024-01-08,"USA","ONC-001-012"
"ONC-001","C1","TITR",8,2023-01-15,2024-01-08,"USA","ONC-001-013"
"ONC-001","C1","TITR",8,2023-01-15,2024-01-08,"USA","ONC-001-014"
"ONC-001","C1","TITR",8,2023-01-15,2024-01-08,"USA","ONC-001-015"
"ONC-001","C1","TITR",8,2023-01-15,2024-01-08,"USA","ONC-001-016"
"ONC-001","C1","TITR",8,2023-01-15,2024-01-08,"USA","ONC-001-017"
"ONC-001","C1","TITR",8,2023-01-15,2024-01-08,"USA","ONC-001-018"
"ONC-001","C1","TITR",8,2023-01-15,2024-01-08,"USA","ONC-001-019"
"ONC-001","C1","TITR",8,2023-01-15,2024-01-08,"USA","ONC-001-020"
"ONC-001","C1","TITR",8,2023-01-15,2024-01-08,"USA","ONC-001-021"
"ONC-001","C1","TITR",8,2023-01-15,2024-01-08,"USA","ONC-001-022"
"ONC-001","C1","TITR",8,2023-01-15,2024-01-08,"USA","ONC-001-023"
"VAC-001","C1","FIXED",200,2022-05-20,2023-06-06,"USA","VAC-001-001"
"VAC-001","C1","FIXED",200,2022-05-20,2023-06-06,"USA","VAC-001-002"
"VAC-001","C1","FIXED",200,2022-05-20,2023-06-06,"USA","VAC-001-003"
"VAC-001","C1","FIXED",200,2022-05-20,2023-06-06,"USA","VAC-001-004"
"VAC-001","C1","FIXED",200,2022-05-20,2023-06-06,"USA","VAC-001-005"
"VAC-001","C1","FIXED",200,2022-05-20,2023-06-06,"USA","VAC-001-006"
"VAC-001","C1","FIXED",200,2022-05-20,2023-06-06,"USA","VAC-001-007"
"VAC-001","C1","FIXED",200,2022-05-20,2023-06-06,"USA","VAC-001-008"
"VAC-001","C1","FIXED",200,2022-05-20,2023-06-06,"USA","VAC-001-009"
"VAC-001","C1","FIXED",200,2022-05-20,2023-06-06,"USA","VAC-001-010"
"VAC-001","C1","FIXED",200,2022-05-20,2023-06-06,"USA","VAC-001-011"
"VAC-001","C1","FIXED",200,2022-05-20,2023-06-06,"USA","VAC-001-012"
"VAC-001","C1","FIXED",200,2022-05-20,2023-06-06,"USA","VAC-001-013"
"VAC-001","C1","FIXED",200,2022-05-20,2023-06-06,"USA","VAC-001-014"
"VAC-001","C1","FIXED",200,2022-05-20,2023-06-06,"USA","VAC-001-015"
"VAC-001","C1","FIXED",200,2022-05-20,2023-06-06,"USA","VAC-001-016"
"VAC-001","C1","FIXED",200,2022-05-20,2023-06-06,"USA","VAC-001-017"
"VAC-001","C1","FIXED",200,2022-05-20,2023-06-06,"USA","VAC-001-018"
"VAC-001","C1","FIXED",200,2022-05-20,2023-06-06,"USA","VAC-001-019"
"VAC-001","C1","FIXED",200,2022-05-20,2023-06-06,"USA","VAC-001-020"
"VAC-001","C1","FIXED",200,2022-05-20,2023-06-06,"USA","VAC-001-021"
"VAC-001","C1","FIXED",200,2022-05-20,2023-06-06,"USA","VAC-001-022"
"VAC-001","C1","FIXED",200,2022-05-20,2023-06-06,"USA","VAC-001-023"
"VAC-001","C1","FIXED",200,2022-05-20,2023-06-06,"USA","VAC-001-024"
"VAC-001","C1","FIXED",200,2022-05-20,2023-06-06,"USA","VAC-001-025"
"VAC-001","C1","FIXED",200,2022-05-20,2023-06-06,"USA","VAC-001-026"
"VAC-001","C1","FIXED",200,2022-05-20,2023-06-06,"USA","VAC-001-027"
"VAC-001","C1","FIXED",200,2022-05-20,2023-06-06,"USA","VAC-001-028"
"VAC-001","C1","FIXED",200,2022-05-20,2023-06-06,"USA","VAC-001-029"
"VAC-001","C1","FIXED",200,2022-05-20,2023-06-06,"USA","VAC-001-030"
"VAC-001","C1","FIXED",200,2022-05-20,2023-06-06,"USA","VAC-001-031"
"VAC-001","C1","FIXED",200,2022-05-20,2023-06-06,"USA","VAC-001-032"
"VAC-001","C1","FIXED",200,2022-05-20,2023-06-06,"USA","VAC-001-033"
"VAC-001","C1","FIXED",200,2022-05-20,2023-06-06,"USA","VAC-001-034"
"VAC-001","C1","FIXED",200,2022-05-20,2023-06-06,"USA","VAC-001-035"
"VAC-001","C1","FIXED",200,2022-05-20,2023-06-06,"USA","VAC-001-036"
"VAC-001","C1","FIXED",200,2022-05-20,2023-06-06,"USA","VAC-001-037"
"VAC-001","C1","FIXED",200,2022-05-20,2023-06-06,"USA","VAC-001-038"
"VAC-001","C1","FIXED",200,2022-05-20,2023-06-06,"USA","VAC-001-039"
"VAC-001","C1","FIXED",200,2022-05-20,2023-06-06,"USA","VAC-001-040"
"VAC-001","C1","FIXED",200,2022-05-20,2023-06-06,"USA","VAC-001-041"
"VAC-001","C1","FIXED",200,2022-05-20,2023-06-06,"USA","VAC-001-042"
"VAC-001","C1","FIXED",200,2022-05-20,2023-06-06,"USA","VAC-001-043"
"VAC-001","C1","FIXED",200,2022-05-20,2023-06-06,"USA","VAC-001-044"
"VAC-001","C1","FIXED",200,2022-05-20,2023-06-06,"USA","VAC-001-045"
"VAC-001","C1","FIXED",200,2022-05-20,2023-06-06,"USA","VAC-001-046"
"VAC-001","C1","FIXED",200,2022-05-20,2023-06-06,"USA","VAC-001-047"
"VAC-001","C1","FIXED",200,2022-05-20,2023-06-06,"USA","VAC-001-048"
"VAC-001","C1","FIXED",200,2022-05-20,2023-06-06,"USA","VAC-001-049"
"VAC-001","C1","FIXED",200,2022-05-20,2023-06-06,"USA","VAC-001-050"
"VAC-001","C1","FIXED",200,2022-05-20,2023-06-06,"USA","VAC-001-051"
"VAC-001","C1","FIXED",200,2022-05-20,2023-06-06,"USA","VAC-001-052"
"VAC-001","C1","FIXED",200,2022-05-20,2023-06-06,"USA","VAC-001-053"
"VAC-001","C1","FIXED",200,2022-05-20,2023-06-06,"USA","VAC-001-054"
"VAC-001","C1","FIXED",200,2022-05-20,2023-06-06,"USA","VAC-001-055"
"VAC-001","C1","FIXED",200,2022-05-20,2023-06-06,"USA","VAC-001-056"
"VAC-001","C1","FIXED",200,2022-05-20,2023-06-06,"USA","VAC-001-057"
"VAC-001","C1","FIXED",200,2022-05-20,2023-06-06,"USA","VAC-001-058"
"VAC-001","C1","FIXED",200,2022-05-20,2023-06-06,"USA","VAC-001-059"
"VAC-001","C1","FIXED",200,2022-05-20,2023-06-06,"USA","VAC-001-060"
"VAC-001","C1","FIXED",200,2022-05-20,2023-06-06,"USA","VAC-001-061"
"VAC-001","C1","FIXED",200,2022-05-20,2023-06-06,"USA","VAC-001-062"
"VAC-001","C1","FIXED",200,2022-05-20,2023-06-06,"USA","VAC-001-063"
"VAC-001","C1","FIXED",200,2022-05-20,2023-06-06,"USA","VAC-001-064"
"VAC-001","C1","FIXED",200,2022-05-20,2023-06-06,"USA","VAC-001-065"
"VAC-001","C1","FIXED",200,2022-05-20,2023-06-06,"USA","VAC-001-066"
"VAC-001","C1","FIXED",200,2022-05-20,2023-06-06,"USA","VAC-001-067"
"VAC-001","C1","FIXED",200,2022-05-20,2023-06-06,"USA","VAC-001-068"
"VAC-001","C1","FIXED",200,2022-05-20,2023-06-06,"USA","VAC-001-069"
"VAC-001","C1","FIXED",200,2022-05-20,2023-06-06,"USA","VAC-001-070"
"VAC-001","C1","FIXED",200,2022-05-20,2023-06-06,"USA","VAC-001-071"
"VAC-001","C1","FIXED",200,2022-05-20,2023-06-06,"USA","VAC-001-072"
"VAC-001","C1","FIXED",200,2022-05-20,2023-06-06,"USA","VAC-001-073"
"VAC-001","C1","FIXED",200,2022-05-20,2023-06-06,"USA","VAC-001-074"
"VAC-001","C1","FIXED",200,2022-05-20,2023-06-06,"USA","VAC-001-075"
"VAC-001","C1","FIXED",200,2022-05-20,2023-06-06,"USA","VAC-001-076"
"VAC-001","C1","FIXED",200,2022-05-20,2023-06-06,"USA","VAC-001-077"
"VAC-001","C1","FIXED",200,2022-05-20,2023-06-06,"USA","VAC-001-078"
"VAC-001","C1","FIXED",200,2022-05-20,2023-06-06,"USA","VAC-001-079"
"VAC-001","C1","FIXED",200,2022-05-20,2023-06-06,"USA","VAC-001-080"
"VAC-001","C1","FIXED",200,2022-05-20,2023-06-06,"USA","VAC-001-081"
"VAC-001","C1","FIXED",200,2022-05-20,2023-06-06,"USA","VAC-001-082"
"VAC-001","C1","FIXED",200,2022-05-20,2023-06-06,"USA","VAC-001-083"
"VAC-001","C1","FIXED",200,2022-05-20,2023-06-06,"USA","VAC-001-084"
"VAC-001","C1","FIXED",200,2022-05-20,2023-06-06,"USA","VAC-001-085"
"VAC-001","C1","FIXED",200,2022-05-20,2023-06-06,"USA","VAC-001-086"
"VAC-001","C1","FIXED",200,2022-05-20,2023-06-06,"USA","VAC-001-087"
"VAC-001","C1","FIXED",200,2022-05-20,2023-06-06,"USA","VAC-001-088"
"VAC-001","C1","FIXED",200,2022-05-20,2023-06-06,"USA","VAC-001-089"
"VAC-001","C1","FIXED",200,2022-05-20,2023-06-06,"USA","VAC-001-090"
"VAC-001","C1","FIXED",200,2022-05-20,2023-06-06,"USA","VAC-001-091"
"VAC-001","C1","FIXED",200,2022-05-20,2023-06-06,"USA","VAC-001-092"
"VAC-001","C1","FIXED",200,2022-05-20,2023-06-06,"USA","VAC-001-093"
"VAC-001","C1","FIXED",200,2022-05-20,2023-06-06,"USA","VAC-001-094"
"VAC-001","C1","FIXED",200,2022-05-20,2023-06-06,"USA","VAC-001-095"
"VAC-001","C1","FIXED",200,2022-05-20,2023-06-06,"USA","VAC-001-096"
"VAC-001","C1","FIXED",200,2022-05-20,2023-06-06,"USA","VAC-001-097"
"VAC-001","C1","FIXED",200,2022-05-20,2023-06-06,"USA","VAC-001-098"
"VAC-001","C1","FIXED",200,2022-05-20,2023-06-06,"USA","VAC-001-099"
"VAC-001","C1","FIXED",200,2022-05-20,2023-06-06,"USA","VAC-001-100"
"VAC-001","C1","FIXED",200,2022-05-20,2023-06-06,"USA","VAC-001-101"
"VAC-001","C1","FIXED",200,2022-05-20,2023-06-06,"USA","VAC-001-102"
"VAC-001","C1","FIXED",200,2022-05-20,2023-06-06,"USA","VAC-001-103"
"VAC-001","C1","FIXED",200,2022-05-20,2023-06-06,"USA","VAC-001-104"
"VAC-001","C1","FIXED",200,2022-05-20,2023-06-06,"USA","VAC-001-105"
"VAC-001","C1","FIXED",200,2022-05-20,2023-06-06,"USA","VAC-001-106"
"VAC-001","C1","FIXED",200,2022-05-20,2023-06-06,"USA","VAC-001-107"
"VAC-001","C1","FIXED",200,2022-05-20,2023-06-06,"USA","VAC-001-108"
"VAC-001","C1","FIXED",200,2022-05-20,2023-06-06,"USA","VAC-001-109"
"VAC-001","C1","FIXED",200,2022-05-20,2023-06-06,"USA","VAC-001-110"
"VAC-001","C1","FIXED",200,2022-05-20,2023-06-06,"USA","VAC-001-111"
"VAC-001","C1","FIXED",200,2022-05-20,2023-06-06,"USA","VAC-001-112"
"VAC-001","C1","FIXED",200,2022-05-20,2023-06-06,"USA","VAC-001-113"
"VAC-001","C1","FIXED",200,2022-05-20,2023-06-06,"USA","VAC-001-114"
"VAC-001","C1","FIXED",200,2022-05-20,2023-06-06,"USA","VAC-001-115"
"VAC-001","C1","FIXED",200,2022-05-20,2023-06-06,"USA","VAC-001-116"
"VAC-001","C1","FIXED",200,2022-05-20,2023-06-06,"USA","VAC-001-117"
"VAC-001","C1","FIXED",200,2022-05-20,2023-06-06,"USA","VAC-001-118"
"VAC-001","C1","FIXED",200,2022-05-20,2023-06-06,"USA","VAC-001-119"
"VAC-001","C1","FIXED",200,2022-05-20,2023-06-06,"USA","VAC-001-120"
"VAC-001","C1","FIXED",200,2022-05-20,2023-06-06,"USA","VAC-001-121"
"VAC-001","C1","FIXED",200,2022-05-20,2023-06-06,"USA","VAC-001-122"
"VAC-001","C1","FIXED",200,2022-05-20,2023-06-06,"USA","VAC-001-123"
"VAC-001","C1","FIXED",200,2022-05-20,2023-06-06,"USA","VAC-001-124"
"VAC-001","C1","FIXED",200,2022-05-20,2023-06-06,"USA","VAC-001-125"
"VAC-001","C1","FIXED",200,2022-05-20,2023-06-06,"USA","VAC-001-126"
"VAC-001","C1","FIXED",200,2022-05-20,2023-06-06,"USA","VAC-001-127"
"VAC-001","C1","FIXED",200,2022-05-20,2023-06-06,"USA","VAC-001-128"
"VAC-001","C1","FIXED",200,2022-05-20,2023-06-06,"USA","VAC-001-129"
"VAC-001","C1","FIXED",200,2022-05-20,2023-06-06,"USA","VAC-001-130"
"VAC-001","C1","FIXED",200,2022-05-20,2023-06-06,"USA","VAC-001-131"
"VAC-001","C1","FIXED",200,2022-05-20,2023-06-06,"USA","VAC-001-132"
"VAC-001","C1","FIXED",200,2022-05-20,2023-06-06,"USA","VAC-001-133"
"VAC-001","C1","FIXED",200,2022-05-20,2023-06-06,"USA","VAC-001-134"
"VAC-001","C1","FIXED",200,2022-05-20,2023-06-06,"USA","VAC-001-135"
"VAC-001","C1","FIXED",200,2022-05-20,2023-06-06,"USA","VAC-001-136"
"VAC-001","C1","FIXED",200,2022-05-20,2023-06-06,"USA","VAC-001-137"
"VAC-001","C1","FIXED",200,2022-05-20,2023-06-06,"USA","VAC-001-138"
"VAC-001","C1","FIXED",200,2022-05-20,2023-06-06,"USA","VAC-001-139"
"VAC-001","C1","FIXED",200,2022-05-20,2023-06-06,"USA","VAC-001-140"
"VAC-001","C1","FIXED",200,2022-05-20,2023-06-06,"USA","VAC-001-141"
"VAC-001","C1","FIXED",200,2022-05-20,2023-06-06,"USA","VAC-001-142"
"VAC-001","C1","FIXED",200,2022-05-20,2023-06-06,"USA","VAC-001-143"
"VAC-001","C1","FIXED",200,2022-05-20,2023-06-06,"USA","VAC-001-144"
"VAC-001","C1","FIXED",200,2022-05-20,2023-06-06,"USA","VAC-001-145"
"VAC-001","C1","FIXED",200,2022-05-20,2023-06-06,"USA","VAC-001-146"
"VAC-001","C1","FIXED",200,2022-05-20,2023-06-06,"USA","VAC-001-147"
"VAC-001","C1","FIXED",200,2022-05-20,2023-06-06,"USA","VAC-001-148"
"VAC-001","C1","FIXED",200,2022-05-20,2023-06-06,"USA","VAC-001-149"
"VAC-001","C1","FIXED",200,2022-05-20,2023-06-06,"USA","VAC-001-150"
"IM-001","C1","TITR",10,2024-08-01,2025-01-22,"USA","IM-001-001"
"IM-001","C1","TITR",10,2024-08-01,2025-01-22,"USA","IM-001-002"
"IM-001","C1","TITR",10,2024-08-01,2025-01-22,"USA","IM-001-003"
"IM-001","C1","TITR",10,2024-08-01,2025-01-22,"USA","IM-001-004"
"IM-001","C1","TITR",10,2024-08-01,2025-01-22,"USA","IM-001-005"
"I&I-001","C1","FIXED",9,2023-03-10,2024-03-12,"USA","I&I-001-001"
"I&I-001","C1","FIXED",9,2023-03-10,2024-03-12,"USA","I&I-001-002"
"I&I-001","C1","FIXED",8,2023-03-10,2024-03-12,"USA","I&I-001-003"
"I&I-001","C1","FIXED",9,2023-03-10,2024-03-12,"USA","I&I-001-004"
"I&I-001","C1","FIXED",9,2023-03-10,2024-03-12,"USA","I&I-001-005"
"I&I-001","C1","FIXED",8,2023-03-10,2024-03-12,"USA","I&I-001-006"
"I&I-001","C1","FIXED",9,2023-03-10,2024-03-12,"USA","I&I-001-007"
"I&I-001","C1","FIXED",9,2023-03-10,2024-03-12,"USA","I&I-001-008"
"I&I-001","C1","FIXED",9,2023-03-10,2024-03-12,"USA","I&I-001-009"
"I&I-001","C1","FIXED",9,2023-03-10,2024-03-12,"USA","I&I-001-010"
"I&I-001","C1","FIXED",8,2023-03-10,2024-03-12,"USA","I&I-001-011"
"I&I-001","C1","FIXED",9,2023-03-10,2024-03-12,"USA","I&I-001-012"
"I&I-001","C1","FIXED",9,2023-03-10,2024-03-12,"USA","I&I-001-013"
"I&I-001","C1","FIXED",8,2023-03-10,2024-03-12,"USA","I&I-001-014"
"I&I-001","C1","FIXED",9,2023-03-10,2024-03-12,"USA","I&I-001-015"
"I&I-001","C1","FIXED",9,2023-03-10,2024-03-12,"USA","I&I-001-016"
"I&I-001","C1","FIXED",9,2023-03-10,2024-03-12,"USA","I&I-001-017"
"I&I-001","C1","FIXED",9,2023-03-10,2024-03-12,"USA","I&I-001-018"
"I&I-001","C1","FIXED",8,2023-03-10,2024-03-12,"USA","I&I-001-019"
"I&I-001","C1","FIXED",9,2023-03-10,2024-03-12,"USA","I&I-001-020"
"I&I-001","C1","FIXED",9,2023-03-10,2024-03-12,"USA","I&I-001-021"
"I&I-001","C1","FIXED",8,2023-03-10,2024-03-12,"USA","I&I-001-022"
"I&I-001","C1","FIXED",9,2023-03-10,2024-03-12,"USA","I&I-001-023"
"I&I-001","C1","FIXED",9,2023-03-10,2024-03-12,"USA","I&I-001-024"
"I&I-001","C1","FIXED",9,2023-03-10,2024-03-12,"USA","I&I-001-025"
"I&I-001","C1","FIXED",9,2023-03-10,2024-03-12,"USA","I&I-001-026"
"I&I-001","C1","FIXED",8,2023-03-10,2024-03-12,"USA","I&I-001-027"
"I&I-001","C1","FIXED",9,2023-03-10,2024-03-12,"USA","I&I-001-028"
"I&I-001","C1","FIXED",9,2023-03-10,2024-03-12,"USA","I&I-001-029"
"I&I-001","C1","FIXED",8,2023-03-10,2024-03-12,"USA","I&I-001-030"
"I&I-001","C1","FIXED",9,2023-03-10,2024-03-12,"USA","I&I-001-031"
"I&I-001","C1","FIXED",9,2023-03-10,2024-03-12,"USA","I&I-001-032"
"I&I-001","C1","FIXED",9,2023-03-10,2024-03-12,"USA","I&I-001-033"
"I&I-001","C1","FIXED",9,2023-03-10,2024-03-12,"USA","I&I-001-034"
"I&I-001","C1","FIXED",8,2023-03-10,2024-03-12,"USA","I&I-001-035"
"I&I-001","C1","FIXED",9,2023-03-10,2024-03-12,"USA","I&I-001-036"
"I&I-001","C1","FIXED",9,2023-03-10,2024-03-12,"USA","I&I-001-037"
"I&I-001","C1","FIXED",8,2023-03-10,2024-03-12,"USA","I&I-001-038"
"I&I-001","C1","FIXED",9,2023-03-10,2024-03-12,"USA","I&I-001-039"
"I&I-001","C1","FIXED",9,2023-03-10,2024-03-12,"USA","I&I-001-040"
"VAC-002","C1","FIXED",100,2024-09-01,2025-03-30,"USA","VAC-002-001"
"VAC-002","C1","FIXED",100,2024-09-01,2025-03-30,"USA","VAC-002-002"
"VAC-002","C1","FIXED",100,2024-09-01,2025-03-30,"USA","VAC-002-003"
"VAC-002","C1","FIXED",100,2024-09-01,2025-03-30,"USA","VAC-002-004"
"VAC-002","C1","FIXED",100,2024-09-01,2025-03-30,"USA","VAC-002-005"
"VAC-002","C1","FIXED",100,2024-09-01,2025-03-30,"USA","VAC-002-006"
"VAC-002","C1","FIXED",100,2024-09-01,2025-03-30,"USA","VAC-002-007"
"VAC-002","C1","FIXED",100,2024-09-01,2025-03-30,"USA","VAC-002-008"
"VAC-002","C1","FIXED",100,2024-09-01,2025-03-30,"USA","VAC-002-009"
"VAC-002","C1","FIXED",100,2024-09-01,2025-03-30,"USA","VAC-002-010"
"VAC-002","C1","FIXED",100,2024-09-01,2025-03-30,"USA","VAC-002-011"
"VAC-002","C1","FIXED",100,2024-09-01,2025-03-30,"USA","VAC-002-012"
"VAC-002","C1","FIXED",100,2024-09-01,2025-03-30,"USA","VAC-002-013"
"VAC-002","C1","FIXED",100,2024-09-01,2025-03-30,"USA","VAC-002-014"
"VAC-002","C1","FIXED",100,2024-09-01,2025-03-30,"USA","VAC-002-015"
"VAC-002","C1","FIXED",100,2024-09-01,2025-03-30,"USA","VAC-002-016"
"VAC-002","C1","FIXED",100,2024-09-01,2025-03-30,"USA","VAC-002-017"
"VAC-002","C1","FIXED",100,2024-09-01,2025-03-30,"USA","VAC-002-018"
"VAC-002","C1","FIXED",100,2024-09-01,2025-03-30,"USA","VAC-002-019"
"VAC-002","C1","FIXED",100,2024-09-01,2025-03-30,"USA","VAC-002-020"
"VAC-002","C1","FIXED",100,2024-09-01,2025-03-30,"USA","VAC-002-021"
"VAC-002","C1","FIXED",100,2024-09-01,2025-03-30,"USA","VAC-002-022"
"VAC-002","C1","FIXED",100,2024-09-01,2025-03-30,"USA","VAC-002-023"
"VAC-002","C1","FIXED",100,2024-09-01,2025-03-30,"USA","VAC-002-024"
"VAC-002","C1","FIXED",100,2024-09-01,2025-03-30,"USA","VAC-002-025"
"VAC-002","C1","FIXED",100,2024-09-01,2025-03-30,"USA","VAC-002-026"
"VAC-002","C1","FIXED",100,2024-09-01,2025-03-30,"USA","VAC-002-027"
"VAC-002","C1","FIXED",100,2024-09-01,2025-03-30,"USA","VAC-002-028"
"VAC-002","C1","FIXED",100,2024-09-01,2025-03-30,"USA","VAC-002-029"
"VAC-002","C1","FIXED",100,2024-09-01,2025-03-30,"USA","VAC-002-030"
"VAC-002","C1","FIXED",100,2024-09-01,2025-03-30,"USA","VAC-002-031"
"VAC-002","C1","FIXED",100,2024-09-01,2025-03-30,"USA","VAC-002-032"
"VAC-002","C1","FIXED",100,2024-09-01,2025-03-30,"USA","VAC-002-033"
"VAC-002","C1","FIXED",100,2024-09-01,2025-03-30,"USA","VAC-002-034"
"VAC-002","C1","FIXED",100,2024-09-01,2025-03-30,"USA","VAC-002-035"
"VAC-002","C1","FIXED",100,2024-09-01,2025-03-30,"USA","VAC-002-036"
"VAC-002","C1","FIXED",100,2024-09-01,2025-03-30,"USA","VAC-002-037"
"VAC-002","C1","FIXED",100,2024-09-01,2025-03-30,"USA","VAC-002-038"
"VAC-002","C1","FIXED",100,2024-09-01,2025-03-30,"USA","VAC-002-039"
"VAC-002","C1","FIXED",100,2024-09-01,2025-03-30,"USA","VAC-002-040"
"VAC-002","C1","FIXED",100,2024-09-01,2025-03-30,"USA","VAC-002-041"
"VAC-002","C1","FIXED",100,2024-09-01,2025-03-30,"USA","VAC-002-042"
"VAC-002","C1","FIXED",100,2024-09-01,2025-03-30,"USA","VAC-002-043"
"VAC-002","C1","FIXED",100,2024-09-01,2025-03-30,"USA","VAC-002-044"
"VAC-002","C1","FIXED",100,2024-09-01,2025-03-30,"USA","VAC-002-045"
"VAC-002","C1","FIXED",100,2024-09-01,2025-03-30,"USA","VAC-002-046"
"VAC-002","C1","FIXED",100,2024-09-01,2025-03-30,"USA","VAC-002-047"
"VAC-002","C1","FIXED",100,2024-09-01,2025-03-30,"USA","VAC-002-048"
"VAC-002","C1","FIXED",100,2024-09-01,2025-03-30,"USA","VAC-002-049"
"VAC-002","C1","FIXED",100,2024-09-01,2025-03-30,"USA","VAC-002-050"
"VAC-002","C1","FIXED",100,2024-09-01,2025-03-30,"USA","VAC-002-051"
"VAC-002","C1","FIXED",100,2024-09-01,2025-03-30,"USA","VAC-002-052"
"VAC-002","C1","FIXED",100,2024-09-01,2025-03-30,"USA","VAC-002-053"
"VAC-002","C1","FIXED",100,2024-09-01,2025-03-30,"USA","VAC-002-054"
"VAC-002","C1","FIXED",100,2024-09-01,2025-03-30,"USA","VAC-002-055"
"VAC-002","C1","FIXED",100,2024-09-01,2025-03-30,"USA","VAC-002-056"
"VAC-002","C1","FIXED",100,2024-09-01,2025-03-30,"USA","VAC-002-057"
"VAC-002","C1","FIXED",100,2024-09-01,2025-03-30,"USA","VAC-002-058"
"VAC-002","C1","FIXED",100,2024-09-01,2025-03-30,"USA","VAC-002-059"
"VAC-002","C1","FIXED",100,2024-09-01,2025-03-30,"USA","VAC-002-060"
"VAC-002","C1","FIXED",100,2024-09-01,2025-03-30,"USA","VAC-002-061"
"VAC-002","C1","FIXED",100,2024-09-01,2025-03-30,"USA","VAC-002-062"
"VAC-002","C1","FIXED",100,2024-09-01,2025-03-30,"USA","VAC-002-063"
"VAC-002","C1","FIXED",100,2024-09-01,2025-03-30,"USA","VAC-002-064"
"VAC-002","C1","FIXED",100,2024-09-01,2025-03-30,"USA","VAC-002-065"
"VAC-002","C1","FIXED",100,2024-09-01,2025-03-30,"USA","VAC-002-066"
"VAC-002","C1","FIXED",100,2024-09-01,2025-03-30,"USA","VAC-002-067"
"VAC-002","C1","FIXED",100,2024-09-01,2025-03-30,"USA","VAC-002-068"
"VAC-002","C1","FIXED",100,2024-09-01,2025-03-30,"USA","VAC-002-069"
"VAC-002","C1","FIXED",100,2024-09-01,2025-03-30,"USA","VAC-002-070"
"VAC-002","C1","FIXED",100,2024-09-01,2025-03-30,"USA","VAC-002-071"
"VAC-002","C1","FIXED",100,2024-09-01,2025-03-30,"USA","VAC-002-072"
"VAC-002","C1","FIXED",100,2024-09-01,2025-03-30,"USA","VAC-002-073"
"VAC-002","C1","FIXED",100,2024-09-01,2025-03-30,"USA","VAC-002-074"
"VAC-002","C1","FIXED",100,2024-09-01,2025-03-30,"USA","VAC-002-075"
"VAC-002","C1","FIXED",100,2024-09-01,2025-03-30,"USA","VAC-002-076"
"VAC-002","C1","FIXED",100,2024-09-01,2025-03-30,"USA","VAC-002-077"
"VAC-002","C1","FIXED",100,2024-09-01,2025-03-30,"USA","VAC-002-078"
"VAC-002","C1","FIXED",100,2024-09-01,2025-03-30,"USA","VAC-002-079"
"VAC-002","C1","FIXED",100,2024-09-01,2025-03-30,"USA","VAC-002-080"
"VAC-002","C1","FIXED",100,2024-09-01,2025-03-30,"USA","VAC-002-081"
"VAC-002","C1","FIXED",100,2024-09-01,2025-03-30,"USA","VAC-002-082"
"VAC-002","C1","FIXED",100,2024-09-01,2025-03-30,"USA","VAC-002-083"
"VAC-002","C1","FIXED",100,2024-09-01,2025-03-30,"USA","VAC-002-084"
"VAC-002","C1","FIXED",100,2024-09-01,2025-03-30,"USA","VAC-002-085"
"VAC-002","C1","FIXED",100,2024-09-01,2025-03-30,"USA","VAC-002-086"
"VAC-002","C1","FIXED",100,2024-09-01,2025-03-30,"USA","VAC-002-087"
"VAC-002","C1","FIXED",100,2024-09-01,2025-03-30,"USA","VAC-002-088"
"VAC-002","C1","FIXED",100,2024-09-01,2025-03-30,"USA","VAC-002-089"
"VAC-002","C1","FIXED",100,2024-09-01,2025-03-30,"USA","VAC-002-090"
"VAC-002","C1","FIXED",100,2024-09-01,2025-03-30,"USA","VAC-002-091"
"VAC-002","C1","FIXED",100,2024-09-01,2025-03-30,"USA","VAC-002-092"
"VAC-002","C1","FIXED",100,2024-09-01,2025-03-30,"USA","VAC-002-093"
"VAC-002","C1","FIXED",100,2024-09-01,2025-03-30,"USA","VAC-002-094"
"VAC-002","C1","FIXED",100,2024-09-01,2025-03-30,"USA","VAC-002-095"
"VAC-002","C1","FIXED",100,2024-09-01,2025-03-30,"USA","VAC-002-096"
"VAC-002","C1","FIXED",100,2024-09-01,2025-03-30,"USA","VAC-002-097"
"VAC-002","C1","FIXED",100,2024-09-01,2025-03-30,"USA","VAC-002-098"
"VAC-002","C1","FIXED",100,2024-09-01,2025-03-30,"USA","VAC-002-099"
"VAC-002","C1","FIXED",100,2024-09-01,2025-03-30,"USA","VAC-002-100"
"ONC-003","C1","TITR",7,2024-03-15,2024-10-26,"USA","MSK-001"
"ONC-003","C1","TITR",7,2024-03-15,2024-10-26,"USA","MDA-001"
"ONC-003","C1","TITR",8,2024-03-15,2024-10-26,"USA","DF-001"
"ONC-003","C1","TITR",7,2024-03-15,2024-10-26,"USA","ONC-003-001"
"ONC-003","C1","TITR",7,2024-03-15,2024-10-26,"USA","ONC-003-002"
"ONC-003","C1","TITR",7,2024-03-15,2024-10-26,"USA","ONC-003-003"
"ONC-003","C1","TITR",7,2024-03-15,2024-10-26,"USA","ONC-003-004"
"ONC-003","C1","TITR",8,2024-03-15,2024-10-26,"USA","ONC-003-005"
"ONC-003","C1","TITR",7,2024-03-15,2024-10-26,"USA","ONC-003-006"
"ONC-003","C1","TITR",7,2024-03-15,2024-10-26,"USA","ONC-003-007"
"ONC-003","C1","TITR",7,2024-03-15,2024-10-26,"USA","ONC-003-008"
"ONC-003","C1","TITR",7,2024-03-15,2024-10-26,"USA","ONC-003-009"
"ONC-003","C1","TITR",8,2024-03-15,2024-10-26,"USA","ONC-003-010"
"ONC-003","C1","TITR",7,2024-03-15,2024-10-26,"USA","ONC-003-011"
"ONC-003","C1","TITR",7,2024-03-15,2024-10-26,"USA","ONC-003-012"
"ONC-003","C1","TITR",7,2024-03-15,2024-10-26,"USA","ONC-003-013"
"ONC-003","C1","TITR",7,2024-03-15,2024-10-26,"USA","ONC-003-014"
"ONC-003","C1","TITR",8,2024-03-15,2024-10-26,"USA","ONC-003-015"
"ONC-003","C1","TITR",7,2024-03-15,2024-10-26,"USA","ONC-003-016"
"ONC-003","C1","TITR",7,2024-03-15,2024-10-26,"USA","ONC-003-017"
"ONC-003","C1","TITR",7,2024-03-15,2024-10-26,"USA","ONC-003-018"
"ONC-003","C1","TITR",7,2024-03-15,2024-10-26,"USA","ONC-003-019"
"ONC-003","C1","TITR",8,2024-03-15,2024-10-26,"USA","ONC-003-020"
"ONC-003","C1","TITR",7,2024-03-15,2024-10-26,"USA","ONC-003-021"
"ONC-003","C1","TITR",7,2024-03-15,2024-10-26,"USA","ONC-003-022"
"IM-002","C1","FIXED",7,2024-01-10,2024-10-18,"USA","IM-002-001"
"IM-002","C1","FIXED",6,2024-01-10,2024-10-18,"USA","IM-002-002"
"IM-002","C1","FIXED",7,2024-01-10,2024-10-18,"USA","MAYO-001"
"IM-002","C1","FIXED",7,2024-01-10,2024-10-18,"USA","CC-001"
"IM-002","C1","FIXED",6,2024-01-10,2024-10-18,"USA","UCSF-001"
"IM-002","C1","FIXED",7,2024-01-10,2024-10-18,"USA","IM-002-001"
"IM-002","C1","FIXED",7,2024-01-10,2024-10-18,"USA","IM-002-002"
"IM-002","C1","FIXED",6,2024-01-10,2024-10-18,"USA","IM-002-003"
"IM-002","C1","FIXED",7,2024-01-10,2024-10-18,"USA","IM-002-004"
"IM-002","C1","FIXED",7,2024-01-10,2024-10-18,"USA","IM-002-005"
"IM-002","C1","FIXED",6,2024-01-10,2024-10-18,"USA","IM-002-006"
"IM-002","C1","FIXED",7,2024-01-10,2024-10-18,"USA","IM-002-007"
"IM-002","C1","FIXED",7,2024-01-10,2024-10-18,"USA","IM-002-008"
"IM-002","C1","FIXED",6,2024-01-10,2024-10-18,"USA","IM-002-009"
"IM-002","C1","FIXED",7,2024-01-10,2024-10-18,"USA","IM-002-010"
"IM-002","C1","FIXED",7,2024-01-10,2024-10-18,"USA","IM-002-011"
"IM-002","C1","FIXED",6,2024-01-10,2024-10-18,"USA","IM-002-012"
"IM-002","C1","FIXED",7,2024-01-10,2024-10-18,"USA","IM-002-013"
"IM-002","C1","FIXED",7,2024-01-10,2024-10-18,"USA","IM-002-014"
"IM-002","C1","FIXED",6,2024-01-10,2024-10-18,"USA","IM-002-015"
"IM-002","C1","FIXED",7,2024-01-10,2024-10-18,"USA","IM-002-016"
"IM-002","C1","FIXED",7,2024-01-10,2024-10-18,"USA","IM-002-017"
"IM-002","C1","FIXED",6,2024-01-10,2024-10-18,"USA","IM-002-018"
"IM-002","C1","FIXED",7,2024-01-10,2024-10-18,"USA","IM-002-019"
"IM-002","C1","FIXED",7,2024-01-10,2024-10-18,"USA","IM-002-020"
"IM-002","C1","FIXED",6,2024-01-10,2024-10-18,"USA","IM-002-021"
"IM-002","C1","FIXED",7,2024-01-10,2024-10-18,"USA","IM-002-022"
"IM-002","C1","FIXED",7,2024-01-10,2024-10-18,"USA","IM-002-023"
"IM-002","C1","FIXED",6,2024-01-10,2024-10-18,"USA","IM-002-024"
"IM-002","C1","FIXED",7,2024-01-10,2024-10-18,"USA","IM-002-025"
"IM-002","C1","FIXED",7,2024-01-10,2024-10-18,"USA","IM-002-026"
"IM-002","C1","FIXED",6,2024-01-10,2024-10-18,"USA","IM-002-027"
"IM-002","C1","FIXED",7,2024-01-10,2024-10-18,"USA","IM-002-028"
"IM-002","C1","FIXED",7,2024-01-10,2024-10-18,"USA","IM-002-029"
"IM-002","C1","FIXED",6,2024-01-10,2024-10-18,"USA","IM-002-030"
"IM-002","C1","FIXED",7,2024-01-10,2024-10-18,"USA","IM-002-031"
"IM-002","C1","FIXED",7,2024-01-10,2024-10-18,"USA","IM-002-032"
"IM-002","C1","FIXED",6,2024-01-10,2024-10-18,"USA","IM-002-033"
"IM-002","C1","FIXED",7,2024-01-10,2024-10-18,"USA","IM-002-034"
"IM-002","C1","FIXED",7,2024-01-10,2024-10-18,"USA","IM-002-035"
"IM-002","C1","FIXED",6,2024-01-10,2024-10-18,"USA","IM-002-036"
"IM-002","C1","FIXED",7,2024-01-10,2024-10-18,"USA","IM-002-037"
"IM-002","C1","FIXED",7,2024-01-10,2024-10-18,"USA","IM-002-038"
"IM-002","C1","FIXED",6,2024-01-10,2024-10-18,"USA","IM-002-039"
"IM-002","C1","FIXED",7,2024-01-10,2024-10-18,"USA","IM-002-040"
"II-003","C1","FIXED",7,2024-06-01,2025-01-05,"USA","II-003-001"
"II-003","C1","FIXED",8,2024-06-01,2025-01-05,"USA","II-003-002"
"II-003","C1","FIXED",7,2024-06-01,2025-01-05,"USA","II-003-003"
"II-003","C1","FIXED",7,2024-06-01,2025-01-05,"USA","II-003-004"
"II-003","C1","FIXED",8,2024-06-01,2025-01-05,"USA","II-003-005"
"II-003","C1","FIXED",7,2024-06-01,2025-01-05,"USA","II-003-006"
"II-003","C1","FIXED",7,2024-06-01,2025-01-05,"USA","II-003-007"
"II-003","C1","FIXED",8,2024-06-01,2025-01-05,"USA","II-003-008"
"II-003","C1","FIXED",7,2024-06-01,2025-01-05,"USA","II-003-009"
"II-003","C1","FIXED",7,2024-06-01,2025-01-05,"USA","II-003-010"
"II-003","C1","FIXED",8,2024-06-01,2025-01-05,"USA","II-003-011"
"II-003","C1","FIXED",7,2024-06-01,2025-01-05,"USA","II-003-012"
"II-003","C1","FIXED",7,2024-06-01,2025-01-05,"USA","II-003-013"
"II-003","C1","FIXED",8,2024-06-01,2025-01-05,"USA","II-003-014"
"II-003","C1","FIXED",7,2024-06-01,2025-01-05,"USA","II-003-015"
"II-003","C1","FIXED",7,2024-06-01,2025-01-05,"USA","II-003-016"
"II-003","C1","FIXED",8,2024-06-01,2025-01-05,"USA","II-003-017"
"II-003","C1","FIXED",7,2024-06-01,2025-01-05,"USA","II-003-018"
"II-003","C1","FIXED",7,2024-06-01,2025-01-05,"USA","II-003-019"
"II-003","C1","FIXED",8,2024-06-01,2025-01-05,"USA","II-003-020"
"II-003","C1","FIXED",7,2024-06-01,2025-01-05,"USA","II-003-021"
"II-003","C1","FIXED",7,2024-06-01,2025-01-05,"USA","II-003-022"
"II-003","C1","FIXED",8,2024-06-01,2025-01-05,"USA","II-003-023"
"II-003","C1","FIXED",7,2024-06-01,2025-01-05,"USA","II-003-024"
"II-003","C1","FIXED",7,2024-06-01,2025-01-05,"USA","II-003-025"
"II-003","C1","FIXED",8,2024-06-01,2025-01-05,"USA","II-003-026"
"II-003","C1","FIXED",7,2024-06-01,2025-01-05,"USA","II-003-027"
"II-003","C1","FIXED",7,2024-06-01,2025-01-05,"USA","II-003-028"
"II-003","C1","FIXED",8,2024-06-01,2025-01-05,"USA","II-003-029"
"II-003","C1","FIXED",7,2024-06-01,2025-01-05,"USA","II-003-030"
"VAC-004","C1","TITR",8,2024-02-20,2024-05-25,"USA","VAC-004-001"
"VAC-004","C1","TITR",9,2024-02-20,2024-05-25,"USA","VAC-004-001"
"VAC-004","C1","TITR",8,2024-02-20,2024-05-25,"USA","VAC-004-002"
"VAC-004","C1","TITR",8,2024-02-20,2024-05-25,"USA","VAC-004-003"
"VAC-004","C1","TITR",9,2024-02-20,2024-05-25,"USA","VAC-004-004"
"VAC-004","C1","TITR",8,2024-02-20,2024-05-25,"USA","VAC-004-005"
"VAC-004","C1","TITR",8,2024-02-20,2024-05-25,"USA","VAC-004-006"
"VAC-004","C1","TITR",9,2024-02-20,2024-05-25,"USA","VAC-004-007"
"VAC-004","C1","TITR",8,2024-02-20,2024-05-25,"USA","VAC-004-008"
"VAC-004","C1","TITR",8,2024-02-20,2024-05-25,"USA","VAC-004-009"
"VAC-004","C1","TITR",9,2024-02-20,2024-05-25,"USA","VAC-004-010"
"VAC-004","C1","TITR",8,2024-02-20,2024-05-25,"USA","VAC-004-011"
"ONC-007","C1","TITR",6,2024-07-15,2024-12-08,"USA","ONC-007-001"
"ONC-007","C1","TITR",6,2024-07-15,2024-12-08,"USA","ONC-007-001"
"ONC-007","C1","TITR",6,2024-07-15,2024-12-08,"USA","ONC-007-002"
"ONC-007","C1","TITR",6,2024-07-15,2024-12-08,"USA","ONC-007-003"
"ONC-007","C1","TITR",6,2024-07-15,2024-12-08,"USA","ONC-007-004"
"ONC-007","C1","TITR",6,2024-07-15,2024-12-08,"USA","ONC-007-005"
"ONC-007","C1","TITR",6,2024-07-15,2024-12-08,"USA","ONC-007-006"
"ONC-007","C1","TITR",6,2024-07-15,2024-12-08,"USA","ONC-007-007"
"ONC-007","C1","TITR",6,2024-07-15,2024-12-08,"USA","ONC-007-008"
"ONC-007","C1","TITR",6,2024-07-15,2024-12-08,"USA","ONC-007-009"
"ONC-007","C1","TITR",6,2024-07-15,2024-12-08,"USA","ONC-007-010"
"ONC-007","C1","TITR",6,2024-07-15,2024-12-08,"USA","ONC-007-011"
"ONC-007","C1","TITR",6,2024-07-15,2024-12-08,"USA","ONC-007-012"
"ONC-007","C1","TITR",6,2024-07-15,2024-12-08,"USA","ONC-007-013"
"ONC-007","C1","TITR",6,2024-07-15,2024-12-08,"USA","ONC-007-014"
"VAC-008","C1","FIXED",8,2024-01-05,2024-05-24,"USA","CCHMC-001"
"VAC-008","C1","FIXED",8,2024-01-05,2024-05-24,"USA","VAC-008-001"
"VAC-008","C1","FIXED",8,2024-01-05,2024-05-24,"USA","VAC-008-002"
"VAC-008","C1","FIXED",8,2024-01-05,2024-05-24,"USA","VAC-008-003"
"VAC-008","C1","FIXED",8,2024-01-05,2024-05-24,"USA","VAC-008-004"
"VAC-008","C1","FIXED",8,2024-01-05,2024-05-24,"USA","VAC-008-005"
"VAC-008","C1","FIXED",8,2024-01-05,2024-05-24,"USA","VAC-008-006"
"VAC-008","C1","FIXED",8,2024-01-05,2024-05-24,"USA","VAC-008-007"
"VAC-008","C1","FIXED",8,2024-01-05,2024-05-24,"USA","VAC-008-008"
"VAC-008","C1","FIXED",8,2024-01-05,2024-05-24,"USA","VAC-008-009"
"VAC-008","C1","FIXED",8,2024-01-05,2024-05-24,"USA","VAC-008-010"
"VAC-008","C1","FIXED",8,2024-01-05,2024-05-24,"USA","VAC-008-011"
"VAC-008","C1","FIXED",8,2024-01-05,2024-05-24,"USA","VAC-008-012"
"VAC-008","C1","FIXED",8,2024-01-05,2024-05-24,"USA","VAC-008-013"
"VAC-008","C1","FIXED",8,2024-01-05,2024-05-24,"USA","VAC-008-014"
"VAC-008","C1","FIXED",8,2024-01-05,2024-05-24,"USA","VAC-008-015"
"VAC-008","C1","FIXED",8,2024-01-05,2024-05-24,"USA","VAC-008-016"
"VAC-008","C1","FIXED",8,2024-01-05,2024-05-24,"USA","VAC-008-017"
"VAC-008","C1","FIXED",8,2024-01-05,2024-05-24,"USA","VAC-008-018"
"VAC-008","C1","FIXED",8,2024-01-05,2024-05-24,"USA","VAC-008-019"
"VAC-008","C1","FIXED",8,2024-01-05,2024-05-24,"USA","VAC-008-020"
"VAC-008","C1","FIXED",8,2024-01-05,2024-05-24,"USA","VAC-008-021"
"VAC-008","C1","FIXED",8,2024-01-05,2024-05-24,"USA","VAC-008-022"
"VAC-008","C1","FIXED",8,2024-01-05,2024-05-24,"USA","VAC-008-023"
"VAC-008","C1","FIXED",8,2024-01-05,2024-05-24,"USA","VAC-008-024"
"VAC-008","C1","FIXED",8,2024-01-05,2024-05-24,"USA","VAC-008-025"
"VAC-008","C1","FIXED",8,2024-01-05,2024-05-24,"USA","VAC-008-026"
"VAC-008","C1","FIXED",8,2024-01-05,2024-05-24,"USA","VAC-008-027"
"VAC-008","C1","FIXED",8,2024-01-05,2024-05-24,"USA","VAC-008-028"
"VAC-008","C1","FIXED",8,2024-01-05,2024-05-24,"USA","VAC-008-029"
"VAC-008","C1","FIXED",8,2024-01-05,2024-05-24,"USA","VAC-008-030"
"VAC-008","C1","FIXED",8,2024-01-05,2024-05-24,"USA","VAC-008-031"
"VAC-008","C1","FIXED",8,2024-01-05,2024-05-24,"USA","VAC-008-032"
"VAC-008","C1","FIXED",8,2024-01-05,2024-05-24,"USA","VAC-008-033"
"VAC-008","C1","FIXED",8,2024-01-05,2024-05-24,"USA","VAC-008-034"
"IM-009","C1","FIXED",8,2023-11-01,2024-03-26,"USA","IM-009-001"
"IM-009","C1","FIXED",9,2023-11-01,2024-03-26,"USA","IM-009-002"
"IM-009","C1","FIXED",8,2023-11-01,2024-03-26,"USA","IM-009-003"
"IM-009","C1","FIXED",8,2023-11-01,2024-03-26,"USA","IM-009-004"
"IM-009","C1","FIXED",9,2023-11-01,2024-03-26,"USA","IM-009-005"
"IM-009","C1","FIXED",8,2023-11-01,2024-03-26,"USA","IM-009-006"
"IM-009","C1","FIXED",8,2023-11-01,2024-03-26,"USA","IM-009-007"
"IM-009","C1","FIXED",9,2023-11-01,2024-03-26,"USA","IM-009-008"
"IM-009","C1","FIXED",8,2023-11-01,2024-03-26,"USA","IM-009-009"
"IM-009","C1","FIXED",8,2023-11-01,2024-03-26,"USA","IM-009-010"
"IM-009","C1","FIXED",9,2023-11-01,2024-03-26,"USA","IM-009-011"
"IM-009","C1","FIXED",8,2023-11-01,2024-03-26,"USA","IM-009-012"
"IM-009","C1","FIXED",8,2023-11-01,2024-03-26,"USA","IM-009-013"
"IM-009","C1","FIXED",9,2023-11-01,2024-03-26,"USA","IM-009-014"
"IM-009","C1","FIXED",8,2023-11-01,2024-03-26,"USA","IM-009-015"
"IM-009","C1","FIXED",8,2023-11-01,2024-03-26,"USA","IM-009-016"
"IM-009","C1","FIXED",9,2023-11-01,2024-03-26,"USA","IM-009-017"
"IM-009","C1","FIXED",8,2023-11-01,2024-03-26,"USA","IM-009-018"
"IM-009","C1","FIXED",8,2023-11-01,2024-03-26,"USA","IM-009-019"
"IM-009","C1","FIXED",9,2023-11-01,2024-03-26,"USA","IM-009-020"
"IM-009","C1","FIXED",8,2023-11-01,2024-03-26,"USA","IM-009-021"
"IM-009","C1","FIXED",8,2023-11-01,2024-03-26,"USA","IM-009-022"
"IM-009","C1","FIXED",9,2023-11-01,2024-03-26,"USA","IM-009-023"
"IM-009","C1","FIXED",8,2023-11-01,2024-03-26,"USA","IM-009-024"
"IM-009","C1","FIXED",8,2023-11-01,2024-03-26,"USA","IM-009-025"
"IM-009","C1","FIXED",9,2023-11-01,2024-03-26,"USA","IM-009-026"
"IM-009","C1","FIXED",8,2023-11-01,2024-03-26,"USA","IM-009-027"
"IM-009","C1","FIXED",8,2023-11-01,2024-03-26,"USA","IM-009-028"
"IM-009","C1","FIXED",9,2023-11-01,2024-03-26,"USA","IM-009-029"
"IM-009","C1","FIXED",8,2023-11-01,2024-03-26,"USA","IM-009-030"
"IM-009","C1","FIXED",8,2023-11-01,2024-03-26,"USA","IM-009-031"
"IM-009","C1","FIXED",9,2023-11-01,2024-03-26,"USA","IM-009-032"
"IM-009","C1","FIXED",8,2023-11-01,2024-03-26,"USA","IM-009-033"
"IM-009","C1","FIXED",8,2023-11-01,2024-03-26,"USA","IM-009-034"
"IM-009","C1","FIXED",9,2023-11-01,2024-03-26,"USA","IM-009-035"
"IM-009","C1","FIXED",8,2023-11-01,2024-03-26,"USA","IM-009-036"
"IM-009","C1","FIXED",8,2023-11-01,2024-03-26,"USA","IM-009-037"
"IM-009","C1","FIXED",9,2023-11-01,2024-03-26,"USA","IM-009-038"
"IM-009","C1","FIXED",8,2023-11-01,2024-03-26,"USA","IM-009-039"
"IM-009","C1","FIXED",8,2023-11-01,2024-03-26,"USA","IM-009-040"
"IM-009","C1","FIXED",9,2023-11-01,2024-03-26,"USA","IM-009-041"
"IM-009","C1","FIXED",8,2023-11-01,2024-03-26,"USA","IM-009-042"
"IM-009","C1","FIXED",8,2023-11-01,2024-03-26,"USA","IM-009-043"
"IM-009","C1","FIXED",9,2023-11-01,2024-03-26,"USA","IM-009-044"
"IM-009","C1","FIXED",8,2023-11-01,2024-03-26,"USA","IM-009-045"
"IM-009","C1","FIXED",8,2023-11-01,2024-03-26,"USA","IM-009-046"
"IM-009","C1","FIXED",9,2023-11-01,2024-03-26,"USA","IM-009-047"
"IM-009","C1","FIXED",8,2023-11-01,2024-03-26,"USA","IM-009-048"
"IM-009","C1","FIXED",8,2023-11-01,2024-03-26,"USA","IM-009-049"
"IM-009","C1","FIXED",9,2023-11-01,2024-03-26,"USA","IM-009-050"
"IM-009","C1","FIXED",8,2023-11-01,2024-03-26,"USA","IM-009-051"
"IM-009","C1","FIXED",8,2023-11-01,2024-03-26,"USA","IM-009-052"
"IM-009","C1","FIXED",9,2023-11-01,2024-03-26,"USA","IM-009-053"
"IM-009","C1","FIXED",8,2023-11-01,2024-03-26,"USA","IM-009-054"
"IM-009","C1","FIXED",8,2023-11-01,2024-03-26,"USA","IM-009-055"
"IM-009","C1","FIXED",9,2023-11-01,2024-03-26,"USA","IM-009-056"
"IM-009","C1","FIXED",8,2023-11-01,2024-03-26,"USA","IM-009-057"
"IM-009","C1","FIXED",8,2023-11-01,2024-03-26,"USA","IM-009-058"
"IM-009","C1","FIXED",9,2023-11-01,2024-03-26,"USA","IM-009-059"
"IM-009","C1","FIXED",8,2023-11-01,2024-03-26,"USA","IM-009-060"
"II-010","C1","FIXED",8,2024-05-20,2025-01-11,"USA","II-010-001"
"II-010","C1","FIXED",8,2024-05-20,2025-01-11,"USA","II-010-002"
"II-010","C1","FIXED",8,2024-05-20,2025-01-11,"USA","II-010-003"
"II-010","C1","FIXED",8,2024-05-20,2025-01-11,"USA","II-010-004"
"II-010","C1","FIXED",8,2024-05-20,2025-01-11,"USA","II-010-005"
"II-010","C1","FIXED",8,2024-05-20,2025-01-11,"USA","II-010-006"
"II-010","C1","FIXED",8,2024-05-20,2025-01-11,"USA","II-010-007"
"II-010","C1","FIXED",8,2024-05-20,2025-01-11,"USA","II-010-008"
"II-010","C1","FIXED",8,2024-05-20,2025-01-11,"USA","II-010-009"
"II-010","C1","FIXED",8,2024-05-20,2025-01-11,"USA","II-010-010"
"II-010","C1","FIXED",8,2024-05-20,2025-01-11,"USA","II-010-011"
"II-010","C1","FIXED",8,2024-05-20,2025-01-11,"USA","II-010-012"
"II-010","C1","FIXED",8,2024-05-20,2025-01-11,"USA","II-010-013"
"II-010","C1","FIXED",8,2024-05-20,2025-01-11,"USA","II-010-014"
"II-010","C1","FIXED",8,2024-05-20,2025-01-11,"USA","II-010-015"
"II-010","C1","FIXED",8,2024-05-20,2025-01-11,"USA","II-010-016"
"II-010","C1","FIXED",8,2024-05-20,2025-01-11,"USA","II-010-017"
"II-010","C1","FIXED",8,2024-05-20,2025-01-11,"USA","II-010-018"
"II-010","C1","FIXED",8,2024-05-20,2025-01-11,"USA","II-010-019"
"II-010","C1","FIXED",8,2024-05-20,2025-01-11,"USA","II-010-020"
"II-010","C1","FIXED",8,2024-05-20,2025-01-11,"USA","II-010-021"
"II-010","C1","FIXED",8,2024-05-20,2025-01-11,"USA","II-010-022"
"II-010","C1","FIXED",8,2024-05-20,2025-01-11,"USA","II-010-023"
"II-010","C1","FIXED",8,2024-05-20,2025-01-11,"USA","II-010-024"
"II-010","C1","FIXED",8,2024-05-20,2025-01-11,"USA","II-010-025"
"II-010","C1","FIXED",8,2024-05-20,2025-01-11,"USA","II-010-026"
"II-010","C1","FIXED",8,2024-05-20,2025-01-11,"USA","II-010-027"
"II-010","C1","FIXED",8,2024-05-20,2025-01-11,"USA","II-010-028"
"II-010","C1","FIXED",8,2024-05-20,2025-01-11,"USA","II-010-029"
"II-010","C1","FIXED",8,2024-05-20,2025-01-11,"USA","II-010-030"
"II-010","C1","FIXED",8,2024-05-20,2025-01-11,"USA","II-010-031"
"II-010","C1","FIXED",8,2024-05-20,2025-01-11,"USA","II-010-032"
"II-010","C1","FIXED",8,2024-05-20,2025-01-11,"USA","II-010-033"
"II-010","C1","FIXED",8,2024-05-20,2025-01-11,"USA","II-010-034"
"II-010","C1","FIXED",8,2024-05-20,2025-01-11,"USA","II-010-035"
"II-010","C1","FIXED",8,2024-05-20,2025-01-11,"USA","II-010-036"
"II-010","C1","FIXED",8,2024-05-20,2025-01-11,"USA","II-010-037"
"II-010","C1","FIXED",8,2024-05-20,2025-01-11,"USA","II-010-038"
"II-010","C1","FIXED",8,2024-05-20,2025-01-11,"USA","II-010-039"
"II-010","C1","FIXED",8,2024-05-20,2025-01-11,"USA","II-010-040"
"ONC-011","C1","TITR",7,2024-02-01,2024-09-12,"USA","ONC-011-001"
"ONC-011","C1","TITR",7,2024-02-01,2024-09-12,"USA","ONC-011-002"
"ONC-011","C1","TITR",7,2024-02-01,2024-09-12,"USA","ONC-011-003"
"ONC-011","C1","TITR",8,2024-02-01,2024-09-12,"USA","ONC-011-004"
"ONC-011","C1","TITR",7,2024-02-01,2024-09-12,"USA","ONC-011-005"
"ONC-011","C1","TITR",7,2024-02-01,2024-09-12,"USA","ONC-011-006"
"ONC-011","C1","TITR",7,2024-02-01,2024-09-12,"USA","ONC-011-007"
"ONC-011","C1","TITR",7,2024-02-01,2024-09-12,"USA","ONC-011-008"
"ONC-011","C1","TITR",7,2024-02-01,2024-09-12,"USA","ONC-011-009"
"ONC-011","C1","TITR",7,2024-02-01,2024-09-12,"USA","ONC-011-010"
"ONC-011","C1","TITR",8,2024-02-01,2024-09-12,"USA","ONC-011-011"
"ONC-011","C1","TITR",7,2024-02-01,2024-09-12,"USA","ONC-011-012"
"ONC-011","C1","TITR",7,2024-02-01,2024-09-12,"USA","ONC-011-013"
"ONC-011","C1","TITR",7,2024-02-01,2024-09-12,"USA","ONC-011-014"
"ONC-011","C1","TITR",7,2024-02-01,2024-09-12,"USA","ONC-011-015"
"ONC-011","C1","TITR",7,2024-02-01,2024-09-12,"USA","ONC-011-016"
"ONC-011","C1","TITR",7,2024-02-01,2024-09-12,"USA","ONC-011-017"
"ONC-011","C1","TITR",8,2024-02-01,2024-09-12,"USA","ONC-011-018"
"ONC-011","C1","TITR",7,2024-02-01,2024-09-12,"USA","ONC-011-019"
"ONC-011","C1","TITR",7,2024-02-01,2024-09-12,"USA","ONC-011-020"
"ONC-011","C1","TITR",7,2024-02-01,2024-09-12,"USA","ONC-011-021"
"ONC-011","C1","TITR",7,2024-02-01,2024-09-12,"USA","ONC-011-022"
"ONC-011","C1","TITR",7,2024-02-01,2024-09-12,"USA","ONC-011-023"
"ONC-011","C1","TITR",7,2024-02-01,2024-09-12,"USA","ONC-011-024"
"ONC-011","C1","TITR",8,2024-02-01,2024-09-12,"USA","ONC-011-025"
"ONC-011","C1","TITR",7,2024-02-01,2024-09-12,"USA","ONC-011-026"
"ONC-011","C1","TITR",7,2024-02-01,2024-09-12,"USA","ONC-011-027"
"ONC-011","C1","TITR",7,2024-02-01,2024-09-12,"USA","ONC-011-028"
"VAC-012","C1","TITR",8,2024-08-01,2024-10-24,"USA","VAC-012-001"
"VAC-012","C1","TITR",7,2024-08-01,2024-10-24,"USA","VAC-012-002"
"VAC-012","C1","TITR",7,2024-08-01,2024-10-24,"USA","VAC-012-003"
"VAC-012","C1","TITR",8,2024-08-01,2024-10-24,"USA","VAC-012-004"
"VAC-012","C1","TITR",8,2024-08-01,2024-10-24,"USA","VAC-012-005"
"VAC-012","C1","TITR",7,2024-08-01,2024-10-24,"USA","VAC-012-006"
"VAC-012","C1","TITR",7,2024-08-01,2024-10-24,"USA","VAC-012-007"
"VAC-012","C1","TITR",8,2024-08-01,2024-10-24,"USA","VAC-012-008"
"SYN-001","C1","FIXED",10,2023-03-18,2024-02-16,"USA","SYN-001-001"
"SYN-001","C1","FIXED",10,2023-03-18,2024-02-16,"USA","SYN-001-002"
"SYN-001","C1","FIXED",9,2023-03-18,2024-02-16,"USA","SYN-001-003"
"SYN-001","C1","FIXED",10,2023-03-18,2024-02-16,"USA","SYN-001-004"
"SYN-001","C1","FIXED",10,2023-03-18,2024-02-16,"USA","SYN-001-005"
"SYN-001","C1","FIXED",10,2023-03-18,2024-02-16,"USA","SYN-001-006"
"SYN-001","C1","FIXED",10,2023-03-18,2024-02-16,"USA","SYN-001-007"
"SYN-001","C1","FIXED",9,2023-03-18,2024-02-16,"USA","SYN-001-008"
"SYN-001","C1","FIXED",10,2023-03-18,2024-02-16,"USA","SYN-001-009"
"SYN-001","C1","FIXED",10,2023-03-18,2024-02-16,"USA","SYN-001-010"
"SYN-001","C1","FIXED",10,2023-03-18,2024-02-16,"USA","SYN-001-011"
"SYN-001","C1","FIXED",10,2023-03-18,2024-02-16,"USA","SYN-001-012"
"SYN-001","C1","FIXED",9,2023-03-18,2024-02-16,"USA","SYN-001-013"
"SYN-001","C1","FIXED",10,2023-03-18,2024-02-16,"USA","SYN-001-014"
"SYN-001","C1","FIXED",10,2023-03-18,2024-02-16,"USA","SYN-001-015"
"SYN-001","C1","FIXED",10,2023-03-18,2024-02-16,"USA","SYN-001-016"
"SYN-001","C1","FIXED",10,2023-03-18,2024-02-16,"USA","SYN-001-017"
"SYN-001","C1","FIXED",9,2023-03-18,2024-02-16,"USA","SYN-001-018"
"SYN-001","C1","FIXED",10,2023-03-18,2024-02-16,"USA","SYN-001-019"
"SYN-001","C1","FIXED",10,2023-03-18,2024-02-16,"USA","SYN-001-020"
"SYN-001","C1","FIXED",10,2023-03-18,2024-02-16,"USA","SYN-001-021"
"SYN-001","C1","FIXED",10,2023-03-18,2024-02-16,"USA","SYN-001-022"
"SYN-001","C1","FIXED",9,2023-03-18,2024-02-16,"USA","SYN-001-023"
"SYN-001","C1","FIXED",10,2023-03-18,2024-02-16,"USA","SYN-001-024"
"SYN-001","C1","FIXED",10,2023-03-18,2024-02-16,"USA","SYN-001-025"
"SYN-001","C1","FIXED",10,2023-03-18,2024-02-16,"USA","SYN-001-026"
"SYN-001","C1","FIXED",9,2023-03-18,2024-02-16,"USA","SYN-001-027"
"SYN-001","C1","FIXED",10,2023-03-18,2024-02-16,"USA","SYN-001-028"
"SYN-001","C1","FIXED",10,2023-03-18,2024-02-16,"USA","SYN-001-029"
"SYN-001","C1","FIXED",10,2023-03-18,2024-02-16,"USA","SYN-001-030"
"SYN-001","C1","FIXED",10,2023-03-18,2024-02-16,"USA","SYN-001-031"
"SYN-001","C1","FIXED",9,2023-03-18,2024-02-16,"USA","SYN-001-032"
"SYN-001","C1","FIXED",10,2023-03-18,2024-02-16,"USA","SYN-001-033"
"SYN-001","C1","FIXED",10,2023-03-18,2024-02-16,"USA","SYN-001-034"
"SYN-001","C1","FIXED",10,2023-03-18,2024-02-16,"USA","SYN-001-035"
"SYN-001","C1","FIXED",10,2023-03-18,2024-02-16,"USA","SYN-001-036"
"SYN-001","C1","FIXED",9,2023-03-18,2024-02-16,"USA","SYN-001-037"
"SYN-001","C1","FIXED",10,2023-03-18,2024-02-16,"USA","SYN-001-038"
"SYN-001","C1","FIXED",10,2023-03-18,2024-02-16,"USA","SYN-001-039"
"SYN-001","C1","FIXED",10,2023-03-18,2024-02-16,"USA","SYN-001-040"
"SYN-001","C1","FIXED",10,2023-03-18,2024-02-16,"USA","SYN-001-041"
"SYN-001","C1","FIXED",9,2023-03-18,2024-02-16,"USA","SYN-001-042"
"SYN-001","C1","FIXED",10,2023-03-18,2024-02-16,"USA","SYN-001-043"
"SYN-001","C1","FIXED",10,2023-03-18,2024-02-16,"USA","SYN-001-044"
"SYN-002","C1","TITR",10,2024-03-27,2024-06-17,"USA","SYN-002-001"
"SYN-002","C1","TITR",11,2024-03-27,2024-06-17,"USA","SYN-002-002"
"SYN-002","C1","TITR",10,2024-03-27,2024-06-17,"USA","SYN-002-003"
"SYN-002","C1","TITR",11,2024-03-27,2024-06-17,"USA","SYN-002-004"
"SYN-002","C1","TITR",10,2024-03-27,2024-06-17,"USA","SYN-002-005"
"SYN-002","C1","TITR",10,2024-03-27,2024-06-17,"USA","SYN-002-006"
"SYN-002","C1","TITR",11,2024-03-27,2024-06-17,"USA","SYN-002-007"
"SYN-002","C1","TITR",10,2024-03-27,2024-06-17,"USA","SYN-002-008"
"SYN-002","C1","TITR",11,2024-03-27,2024-06-17,"USA","SYN-002-009"
"SYN-002","C1","TITR",10,2024-03-27,2024-06-17,"USA","SYN-002-010"
"SYN-003","C1","TITR",7,2024-02-14,2024-05-25,"USA","SYN-003-001"
"SYN-003","C1","TITR",7,2024-02-14,2024-05-25,"USA","SYN-003-002"
"SYN-003","C1","TITR",7,2024-02-14,2024-05-25,"USA","SYN-003-003"
"SYN-003","C1","TITR",7,2024-02-14,2024-05-25,"USA","SYN-003-004"
"SYN-003","C1","TITR",7,2024-02-14,2024-05-25,"USA","SYN-003-005"
"SYN-003","C1","TITR",8,2024-02-14,2024-05-25,"USA","SYN-003-006"
"SYN-003","C1","TITR",7,2024-02-14,2024-05-25,"USA","SYN-003-007"
"SYN-003","C1","TITR",7,2024-02-14,2024-05-25,"USA","SYN-003-008"
"SYN-003","C1","TITR",7,2024-02-14,2024-05-25,"USA","SYN-003-009"
"SYN-003","C1","TITR",7,2024-02-14,2024-05-25,"USA","SYN-003-010"
"SYN-003","C1","TITR",7,2024-02-14,2024-05-25,"USA","SYN-003-011"
"SYN-004","C1","FIXED",6,2024-09-01,2025-03-27,"USA","SYN-004-001"
"SYN-004","C1","FIXED",6,2024-09-01,2025-03-27,"USA","SYN-004-002"
"SYN-004","C1","FIXED",6,2024-09-01,2025-03-27,"USA","SYN-004-003"
"SYN-004","C1","FIXED",6,2024-09-01,2025-03-27,"USA","SYN-004-004"
"SYN-004","C1","FIXED",6,2024-09-01,2025-03-27,"USA","SYN-004-005"
"SYN-004","C1","FIXED",6,2024-09-01,2025-03-27,"USA","SYN-004-006"
"SYN-004","C1","FIXED",6,2024-09-01,2025-03-27,"USA","SYN-004-007"
"SYN-004","C1","FIXED",6,2024-09-01,2025-03-27,"USA","SYN-004-008"
"SYN-004","C1","FIXED",6,2024-09-01,2025-03-27,"USA","SYN-004-009"
"SYN-004","C1","FIXED",6,2024-09-01,2025-03-27,"USA","SYN-004-010"
"SYN-004","C1","FIXED",6,2024-09-01,2025-03-27,"USA","SYN-004-011"
"SYN-004","C1","FIXED",6,2024-09-01,2025-03-27,"USA","SYN-004-012"
"SYN-004","C1","FIXED",6,2024-09-01,2025-03-27,"USA","SYN-004-013"
"SYN-004","C1","FIXED",6,2024-09-01,2025-03-27,"USA","SYN-004-014"
"SYN-004","C1","FIXED",6,2024-09-01,2025-03-27,"USA","SYN-004-015"
"SYN-004","C1","FIXED",6,2024-09-01,2025-03-27,"USA","SYN-004-016"
"SYN-004","C1","FIXED",6,2024-09-01,2025-03-27,"USA","SYN-004-017"
"SYN-004","C1","FIXED",6,2024-09-01,2025-03-27,"USA","SYN-004-018"
"SYN-004","C1","FIXED",6,2024-09-01,2025-03-27,"USA","SYN-004-019"
"SYN-004","C1","FIXED",6,2024-09-01,2025-03-27,"USA","SYN-004-020"
"SYN-004","C1","FIXED",6,2024-09-01,2025-03-27,"USA","SYN-004-021"
"SYN-004","C1","FIXED",6,2024-09-01,2025-03-27,"USA","SYN-004-022"
"SYN-004","C1","FIXED",6,2024-09-01,2025-03-27,"USA","SYN-004-023"
"SYN-004","C1","FIXED",7,2024-09-01,2025-03-27,"USA","SYN-004-024"
"SYN-004","C1","FIXED",6,2024-09-01,2025-03-27,"USA","SYN-004-025"
"SYN-004","C1","FIXED",6,2024-09-01,2025-03-27,"USA","SYN-004-026"
"SYN-004","C1","FIXED",6,2024-09-01,2025-03-27,"USA","SYN-004-027"
"SYN-004","C1","FIXED",6,2024-09-01,2025-03-27,"USA","SYN-004-028"
"SYN-004","C1","FIXED",6,2024-09-01,2025-03-27,"USA","SYN-004-029"
"SYN-004","C1","FIXED",6,2024-09-01,2025-03-27,"USA","SYN-004-030"
"SYN-004","C1","FIXED",6,2024-09-01,2025-03-27,"USA","SYN-004-031"
"SYN-004","C1","FIXED",6,2024-09-01,2025-03-27,"USA","SYN-004-032"
"SYN-004","C1","FIXED",6,2024-09-01,2025-03-27,"USA","SYN-004-033"
"SYN-004","C1","FIXED",6,2024-09-01,2025-03-27,"USA","SYN-004-034"
"SYN-004","C1","FIXED",6,2024-09-01,2025-03-27,"USA","SYN-004-035"
"SYN-004","C1","FIXED",6,2024-09-01,2025-03-27,"USA","SYN-004-036"
"SYN-004","C1","FIXED",6,2024-09-01,2025-03-27,"USA","SYN-004-037"
"SYN-004","C1","FIXED",6,2024-09-01,2025-03-27,"USA","SYN-004-038"
"SYN-004","C1","FIXED",6,2024-09-01,2025-03-27,"USA","SYN-004-039"
"SYN-004","C1","FIXED",6,2024-09-01,2025-03-27,"USA","SYN-004-040"
"SYN-004","C1","FIXED",6,2024-09-01,2025-03-27,"USA","SYN-004-041"
"SYN-004","C1","FIXED",6,2024-09-01,2025-03-27,"USA","SYN-004-042"
"SYN-004","C1","FIXED",6,2024-09-01,2025-03-27,"USA","SYN-004-043"
"SYN-004","C1","FIXED",6,2024-09-01,2025-03-27,"USA","SYN-004-044"
"SYN-004","C1","FIXED",6,2024-09-01,2025-03-27,"USA","SYN-004-045"
"SYN-004","C1","FIXED",6,2024-09-01,2025-03-27,"USA","SYN-004-046"
"SYN-005","C1","FIXED",14,2024-02-19,2024-06-13,"USA","SYN-005-001"
"SYN-005","C1","FIXED",14,2024-02-19,2024-06-13,"USA","SYN-005-002"
"SYN-005","C1","FIXED",14,2024-02-19,2024-06-13,"USA","SYN-005-003"
"SYN-005","C1","FIXED",14,2024-02-19,2024-06-13,"USA","SYN-005-004"
"SYN-005","C1","FIXED",15,2024-02-19,2024-06-13,"USA","SYN-005-005"
"SYN-005","C1","FIXED",14,2024-02-19,2024-06-13,"USA","SYN-005-006"
"SYN-005","C1","FIXED",14,2024-02-19,2024-06-13,"USA","SYN-005-007"
"SYN-005","C1","FIXED",14,2024-02-19,2024-06-13,"USA","SYN-005-008"
"SYN-005","C1","FIXED",14,2024-02-19,2024-06-13,"USA","SYN-005-009"
"SYN-005","C1","FIXED",14,2024-02-19,2024-06-13,"USA","SYN-005-010"
"SYN-005","C1","FIXED",14,2024-02-19,2024-06-13,"USA","SYN-005-011"
"SYN-005","C1","FIXED",15,2024-02-19,2024-06-13,"USA","SYN-005-012"
"SYN-005","C1","FIXED",14,2024-02-19,2024-06-13,"USA","SYN-005-013"
"SYN-005","C1","FIXED",14,2024-02-19,2024-06-13,"USA","SYN-005-014"
"SYN-005","C1","FIXED",14,2024-02-19,2024-06-13,"USA","SYN-005-015"
"SYN-005","C1","FIXED",14,2024-02-19,2024-06-13,"USA","SYN-005-016"
"SYN-005","C1","FIXED",14,2024-02-19,2024-06-13,"USA","SYN-005-017"
"SYN-005","C1","FIXED",14,2024-02-19,2024-06-13,"USA","SYN-005-018"
"SYN-005","C1","FIXED",14,2024-02-19,2024-06-13,"USA","SYN-005-019"
"SYN-005","C1","FIXED",14,2024-02-19,2024-06-13,"USA","SYN-005-020"
"SYN-005","C1","FIXED",15,2024-02-19,2024-06-13,"USA","SYN-005-021"
"SYN-005","C1","FIXED",14,2024-02-19,2024-06-13,"USA","SYN-005-022"
"SYN-005","C1","FIXED",14,2024-02-19,2024-06-13,"USA","SYN-005-023"
"SYN-005","C1","FIXED",14,2024-02-19,2024-06-13,"USA","SYN-005-024"
"SYN-006","C1","TITR",7,2024-09-17,2024-10-31,"USA","SYN-006-001"
"SYN-006","C1","TITR",7,2024-09-17,2024-10-31,"USA","SYN-006-002"
"SYN-006","C1","TITR",7,2024-09-17,2024-10-31,"USA","SYN-006-003"
"SYN-006","C1","TITR",7,2024-09-17,2024-10-31,"USA","SYN-006-004"
"SYN-006","C1","TITR",7,2024-09-17,2024-10-31,"USA","SYN-006-005"
"SYN-006","C1","TITR",6,2024-09-17,2024-10-31,"USA","SYN-006-006"
"SYN-006","C1","TITR",7,2024-09-17,2024-10-31,"USA","SYN-006-007"
"SYN-006","C1","TITR",7,2024-09-17,2024-10-31,"USA","SYN-006-008"
"SYN-006","C1","TITR",7,2024-09-17,2024-10-31,"USA","SYN-006-009"
"SYN-006","C1","TITR",7,2024-09-17,2024-10-31,"USA","SYN-006-010"
"SYN-006","C1","TITR",7,2024-09-17,2024-10-31,"USA","SYN-006-011"
"SYN-007","C1","FIXED",9,2024-01-20,2024-10-02,"USA","SYN-007-001"
"SYN-007","C1","FIXED",9,2024-01-20,2024-10-02,"USA","SYN-007-002"
"SYN-007","C1","FIXED",9,2024-01-20,2024-10-02,"USA","SYN-007-003"
"SYN-007","C1","FIXED",9,2024-01-20,2024-10-02,"USA","SYN-007-004"
"SYN-007","C1","FIXED",9,2024-01-20,2024-10-02,"USA","SYN-007-005"
"SYN-007","C1","FIXED",9,2024-01-20,2024-10-02,"USA","SYN-007-006"
"SYN-007","C1","FIXED",9,2024-01-20,2024-10-02,"USA","SYN-007-007"
"SYN-007","C1","FIXED",9,2024-01-20,2024-10-02,"USA","SYN-007-008"
"SYN-007","C1","FIXED",9,2024-01-20,2024-10-02,"USA","SYN-007-009"
"SYN-007","C1","FIXED",9,2024-01-20,2024-10-02,"USA","SYN-007-010"
"SYN-007","C1","FIXED",9,2024-01-20,2024-10-02,"USA","SYN-007-011"
"SYN-007","C1","FIXED",9,2024-01-20,2024-10-02,"USA","SYN-007-012"
"SYN-007","C1","FIXED",9,2024-01-20,2024-10-02,"USA","SYN-007-013"
"SYN-007","C1","FIXED",9,2024-01-20,2024-10-02,"USA","SYN-007-014"
"SYN-007","C1","FIXED",8,2024-01-20,2024-10-02,"USA","SYN-007-015"
"SYN-007","C1","FIXED",9,2024-01-20,2024-10-02,"USA","SYN-007-016"
"SYN-007","C1","FIXED",9,2024-01-20,2024-10-02,"USA","SYN-007-017"
"SYN-007","C1","FIXED",9,2024-01-20,2024-10-02,"USA","SYN-007-018"
"SYN-007","C1","FIXED",9,2024-01-20,2024-10-02,"USA","SYN-007-019"
"SYN-007","C1","FIXED",9,2024-01-20,2024-10-02,"USA","SYN-007-020"
"SYN-007","C1","FIXED",9,2024-01-20,2024-10-02,"USA","SYN-007-021"
"SYN-007","C1","FIXED",9,2024-01-20,2024-10-02,"USA","SYN-007-022"
"SYN-007","C1","FIXED",9,2024-01-20,2024-10-02,"USA","SYN-007-023"
"SYN-007","C1","FIXED",9,2024-01-20,2024-10-02,"USA","SYN-007-024"
"SYN-007","C1","FIXED",9,2024-01-20,2024-10-02,"USA","SYN-007-025"
"SYN-007","C1","FIXED",9,2024-01-20,2024-10-02,"USA","SYN-007-026"
"SYN-007","C1","FIXED",9,2024-01-20,2024-10-02,"USA","SYN-007-027"
"SYN-007","C1","FIXED",9,2024-01-20,2024-10-02,"USA","SYN-007-028"
"SYN-007","C1","FIXED",9,2024-01-20,2024-10-02,"USA","SYN-007-029"
"SYN-007","C1","FIXED",9,2024-01-20,2024-10-02,"USA","SYN-007-030"
"SYN-008","C1","FIXED",6,2023-08-09,2024-08-05,"USA","SYN-008-001"
"SYN-008","C1","FIXED",7,2023-08-09,2024-08-05,"USA","SYN-008-002"
"SYN-008","C1","FIXED",6,2023-08-09,2024-08-05,"USA","SYN-008-003"
"SYN-008","C1","FIXED",7,2023-08-09,2024-08-05,"USA","SYN-008-004"
"SYN-008","C1","FIXED",6,2023-08-09,2024-08-05,"USA","SYN-008-005"
"SYN-008","C1","FIXED",7,2023-08-09,2024-08-05,"USA","SYN-008-006"
"SYN-008","C1","FIXED",6,2023-08-09,2024-08-05,"USA","SYN-008-007"
"SYN-008","C1","FIXED",7,2023-08-09,2024-08-05,"USA","SYN-008-008"
"SYN-008","C1","FIXED",6,2023-08-09,2024-08-05,"USA","SYN-008-009"
"SYN-008","C1","FIXED",7,2023-08-09,2024-08-05,"USA","SYN-008-010"
"SYN-008","C1","FIXED",6,2023-08-09,2024-08-05,"USA","SYN-008-011"
"SYN-008","C1","FIXED",7,2023-08-09,2024-08-05,"USA","SYN-008-012"
"SYN-008","C1","FIXED",6,2023-08-09,2024-08-05,"USA","SYN-008-013"
"SYN-008","C1","FIXED",7,2023-08-09,2024-08-05,"USA","SYN-008-014"
"SYN-008","C1","FIXED",6,2023-08-09,2024-08-05,"USA","SYN-008-015"
"SYN-008","C1","FIXED",7,2023-08-09,2024-08-05,"USA","SYN-008-016"
"SYN-008","C1","FIXED",6,2023-08-09,2024-08-05,"USA","SYN-008-017"
"SYN-008","C1","FIXED",7,2023-08-09,2024-08-05,"USA","SYN-008-018"
"SYN-008","C1","FIXED",6,2023-08-09,2024-08-05,"USA","SYN-008-019"
"SYN-008","C1","FIXED",7,2023-08-09,2024-08-05,"USA","SYN-008-020"
"SYN-008","C1","FIXED",6,2023-08-09,2024-08-05,"USA","SYN-008-021"
"SYN-008","C1","FIXED",7,2023-08-09,2024-08-05,"USA","SYN-008-022"
"SYN-008","C1","FIXED",6,2023-08-09,2024-08-05,"USA","SYN-008-023"
"SYN-008","C1","FIXED",7,2023-08-09,2024-08-05,"USA","SYN-008-024"
"SYN-008","C1","FIXED",6,2023-08-09,2024-08-05,"USA","SYN-008-025"
"SYN-008","C1","FIXED",7,2023-08-09,2024-08-05,"USA","SYN-008-026"
"SYN-008","C1","FIXED",6,2023-08-09,2024-08-05,"USA","SYN-008-027"
"SYN-008","C1","FIXED",7,2023-08-09,2024-08-05,"USA","SYN-008-028"
"SYN-008","C1","FIXED",6,2023-08-09,2024-08-05,"USA","SYN-008-029"
"SYN-008","C1","FIXED",7,2023-08-09,2024-08-05,"USA","SYN-008-030"
"SYN-008","C1","FIXED",6,2023-08-09,2024-08-05,"USA","SYN-008-031"
"SYN-008","C1","FIXED",7,2023-08-09,2024-08-05,"USA","SYN-008-032"
"SYN-008","C1","FIXED",6,2023-08-09,2024-08-05,"USA","SYN-008-033"
"SYN-008","C1","FIXED",7,2023-08-09,2024-08-05,"USA","SYN-008-034"
"SYN-008","C1","FIXED",6,2023-08-09,2024-08-05,"USA","SYN-008-035"
"SYN-008","C1","FIXED",7,2023-08-09,2024-08-05,"USA","SYN-008-036"
"SYN-008","C1","FIXED",6,2023-08-09,2024-08-05,"USA","SYN-008-037"
"SYN-008","C1","FIXED",7,2023-08-09,2024-08-05,"USA","SYN-008-038"
"SYN-008","C1","FIXED",6,2023-08-09,2024-08-05,"USA","SYN-008-039"
"SYN-008","C1","FIXED",7,2023-08-09,2024-08-05,"USA","SYN-008-040"
"SYN-008","C1","FIXED",6,2023-08-09,2024-08-05,"USA","SYN-008-041"
"SYN-009","C1","FIXED",8,2024-03-20,2024-08-23,"USA","SYN-009-001"
"SYN-009","C1","FIXED",9,2024-03-20,2024-08-23,"USA","SYN-009-002"
"SYN-009","C1","FIXED",8,2024-03-20,2024-08-23,"USA","SYN-009-003"
"SYN-009","C1","FIXED",8,2024-03-20,2024-08-23,"USA","SYN-009-004"
"SYN-009","C1","FIXED",9,2024-03-20,2024-08-23,"USA","SYN-009-005"
"SYN-009","C1","FIXED",8,2024-03-20,2024-08-23,"USA","SYN-009-006"
"SYN-009","C1","FIXED",8,2024-03-20,2024-08-23,"USA","SYN-009-007"
"SYN-009","C1","FIXED",8,2024-03-20,2024-08-23,"USA","SYN-009-008"
"SYN-009","C1","FIXED",9,2024-03-20,2024-08-23,"USA","SYN-009-009"
"SYN-009","C1","FIXED",8,2024-03-20,2024-08-23,"USA","SYN-009-010"
"SYN-009","C1","FIXED",8,2024-03-20,2024-08-23,"USA","SYN-009-011"
"SYN-009","C1","FIXED",9,2024-03-20,2024-08-23,"USA","SYN-009-012"
"SYN-009","C1","FIXED",8,2024-03-20,2024-08-23,"USA","SYN-009-013"
"SYN-009","C1","FIXED",8,2024-03-20,2024-08-23,"USA","SYN-009-014"
"SYN-009","C1","FIXED",9,2024-03-20,2024-08-23,"USA","SYN-009-015"
"SYN-009","C1","FIXED",8,2024-03-20,2024-08-23,"USA","SYN-009-016"
"SYN-009","C1","FIXED",8,2024-03-20,2024-08-23,"USA","SYN-009-017"
"SYN-009","C1","FIXED",8,2024-03-20,2024-08-23,"USA","SYN-009-018"
"SYN-009","C1","FIXED",9,2024-03-20,2024-08-23,"USA","SYN-009-019"
"SYN-009","C1","FIXED",8,2024-03-20,2024-08-23,"USA","SYN-009-020"
"SYN-009","C1","FIXED",8,2024-03-20,2024-08-23,"USA","SYN-009-021"
"SYN-009","C1","FIXED",9,2024-03-20,2024-08-23,"USA","SYN-009-022"
"SYN-009","C1","FIXED",8,2024-03-20,2024-08-23,"USA","SYN-009-023"
"SYN-009","C1","FIXED",8,2024-03-20,2024-08-23,"USA","SYN-009-024"
"SYN-009","C1","FIXED",9,2024-03-20,2024-08-23,"USA","SYN-009-025"
"SYN-009","C1","FIXED",8,2024-03-20,2024-08-23,"USA","SYN-009-026"
"SYN-009","C1","FIXED",8,2024-03-20,2024-08-23,"USA","SYN-009-027"
"SYN-009","C1","FIXED",8,2024-03-20,2024-08-23,"USA","SYN-009-028"
"SYN-009","C1","FIXED",9,2024-03-20,2024-08-23,"USA","SYN-009-029"
"SYN-009","C1","FIXED",8,2024-03-20,2024-08-23,"USA","SYN-009-030"
"SYN-009","C1","FIXED",8,2024-03-20,2024-08-23,"USA","SYN-009-031"
"SYN-009","C1","FIXED",9,2024-03-20,2024-08-23,"USA","SYN-009-032"
"SYN-009","C1","FIXED",8,2024-03-20,2024-08-23,"USA","SYN-009-033"
"SYN-010","C1","TITR",20,2024-08-16,2025-02-20,"USA","SYN-010-001"
"SYN-010","C1","TITR",20,2024-08-16,2025-02-20,"USA","SYN-010-002"
"SYN-010","C1","TITR",20,2024-08-16,2025-02-20,"USA","SYN-010-003"
"SYN-011","C1","TITR",9,2023-04-29,2024-05-04,"USA","SYN-011-001"
"SYN-011","C1","TITR",9,2023-04-29,2024-05-04,"USA","SYN-011-002"
"SYN-011","C1","TITR",9,2023-04-29,2024-05-04,"USA","SYN-011-003"
"SYN-011","C1","TITR",9,2023-04-29,2024-05-04,"USA","SYN-011-004"
"SYN-011","C1","TITR",9,2023-04-29,2024-05-04,"USA","SYN-011-005"
"SYN-011","C1","TITR",10,2023-04-29,2024-05-04,"USA","SYN-011-006"
"SYN-011","C1","TITR",9,2023-04-29,2024-05-04,"USA","SYN-011-007"
"SYN-011","C1","TITR",9,2023-04-29,2024-05-04,"USA","SYN-011-008"
"SYN-011","C1","TITR",9,2023-04-29,2024-05-04,"USA","SYN-011-009"
"SYN-011","C1","TITR",9,2023-04-29,2024-05-04,"USA","SYN-011-010"
"SYN-011","C1","TITR",9,2023-04-29,2024-05-04,"USA","SYN-011-011"
"SYN-011","C1","TITR",9,2023-04-29,2024-05-04,"USA","SYN-011-012"
"SYN-011","C1","TITR",9,2023-04-29,2024-05-04,"USA","SYN-011-013"
"SYN-011","C1","TITR",9,2023-04-29,2024-05-04,"USA","SYN-011-014"
"SYN-011","C1","TITR",9,2023-04-29,2024-05-04,"USA","SYN-011-015"
"SYN-011","C1","TITR",10,2023-04-29,2024-05-04,"USA","SYN-011-016"
"SYN-011","C1","TITR",9,2023-04-29,2024-05-04,"USA","SYN-011-017"
"SYN-011","C1","TITR",9,2023-04-29,2024-05-04,"USA","SYN-011-018"
"SYN-011","C1","TITR",9,2023-04-29,2024-05-04,"USA","SYN-011-019"
"SYN-011","C1","TITR",9,2023-04-29,2024-05-04,"USA","SYN-011-020"
"SYN-011","C1","TITR",9,2023-04-29,2024-05-04,"USA","SYN-011-021"
"SYN-012","C1","FIXED",7,2024-03-26,2024-08-08,"USA","SYN-012-001"
"SYN-012","C1","FIXED",7,2024-03-26,2024-08-08,"USA","SYN-012-002"
"SYN-012","C1","FIXED",8,2024-03-26,2024-08-08,"USA","SYN-012-003"
"SYN-012","C1","FIXED",7,2024-03-26,2024-08-08,"USA","SYN-012-004"
"SYN-012","C1","FIXED",7,2024-03-26,2024-08-08,"USA","SYN-012-005"
"SYN-012","C1","FIXED",7,2024-03-26,2024-08-08,"USA","SYN-012-006"
"SYN-012","C1","FIXED",7,2024-03-26,2024-08-08,"USA","SYN-012-007"
"SYN-012","C1","FIXED",7,2024-03-26,2024-08-08,"USA","SYN-012-008"
"SYN-012","C1","FIXED",8,2024-03-26,2024-08-08,"USA","SYN-012-009"
"SYN-012","C1","FIXED",7,2024-03-26,2024-08-08,"USA","SYN-012-010"
"SYN-012","C1","FIXED",7,2024-03-26,2024-08-08,"USA","SYN-012-011"
"SYN-012","C1","FIXED",7,2024-03-26,2024-08-08,"USA","SYN-012-012"
"SYN-012","C1","FIXED",7,2024-03-26,2024-08-08,"USA","SYN-012-013"
"SYN-012","C1","FIXED",7,2024-03-26,2024-08-08,"USA","SYN-012-014"
"SYN-012","C1","FIXED",8,2024-03-26,2024-08-08,"USA","SYN-012-015"
"SYN-012","C1","FIXED",7,2024-03-26,2024-08-08,"USA","SYN-012-016"
"SYN-012","C1","FIXED",7,2024-03-26,2024-08-08,"USA","SYN-012-017"
"SYN-012","C1","FIXED",7,2024-03-26,2024-08-08,"USA","SYN-012-018"
"SYN-012","C1","FIXED",7,2024-03-26,2024-08-08,"USA","SYN-012-019"
"SYN-012","C1","FIXED",8,2024-03-26,2024-08-08,"USA","SYN-012-020"
"SYN-012","C1","FIXED",7,2024-03-26,2024-08-08,"USA","SYN-012-021"
"SYN-012","C1","FIXED",7,2024-03-26,2024-08-08,"USA","SYN-012-022"
"SYN-012","C1","FIXED",7,2024-03-26,2024-08-08,"USA","SYN-012-023"
"SYN-012","C1","FIXED",7,2024-03-26,2024-08-08,"USA","SYN-012-024"
"SYN-012","C1","FIXED",7,2024-03-26,2024-08-08,"USA","SYN-012-025"
"SYN-012","C1","FIXED",8,2024-03-26,2024-08-08,"USA","SYN-012-026"
"SYN-012","C1","FIXED",7,2024-03-26,2024-08-08,"USA","SYN-012-027"
"SYN-012","C1","FIXED",7,2024-03-26,2024-08-08,"USA","SYN-012-028"
"SYN-013","C1","TITR",7,2024-10-23,2025-01-01,"USA","SYN-013-001"
"SYN-013","C1","TITR",8,2024-10-23,2025-01-01,"USA","SYN-013-002"
"SYN-013","C1","TITR",7,2024-10-23,2025-01-01,"USA","SYN-013-003"
"SYN-013","C1","TITR",8,2024-10-23,2025-01-01,"USA","SYN-013-004"
"SYN-013","C1","TITR",7,2024-10-23,2025-01-01,"USA","SYN-013-005"
"SYN-013","C1","TITR",8,2024-10-23,2025-01-01,"USA","SYN-013-006"
"SYN-013","C1","TITR",7,2024-10-23,2025-01-01,"USA","SYN-013-007"
"SYN-014","C1","FIXED",5,2024-04-17,2024-11-22,"USA","SYN-014-001"
"SYN-014","C1","FIXED",5,2024-04-17,2024-11-22,"USA","SYN-014-002"
"SYN-014","C1","FIXED",5,2024-04-17,2024-11-22,"USA","SYN-014-003"
"SYN-014","C1","FIXED",6,2024-04-17,2024-11-22,"USA","SYN-014-004"
"SYN-014","C1","FIXED",5,2024-04-17,2024-11-22,"USA","SYN-014-005"
"SYN-014","C1","FIXED",5,2024-04-17,2024-11-22,"USA","SYN-014-006"
"SYN-014","C1","FIXED",5,2024-04-17,2024-11-22,"USA","SYN-014-007"
"SYN-014","C1","FIXED",5,2024-04-17,2024-11-22,"USA","SYN-014-008"
"SYN-014","C1","FIXED",5,2024-04-17,2024-11-22,"USA","SYN-014-009"
"SYN-014","C1","FIXED",6,2024-04-17,2024-11-22,"USA","SYN-014-010"
"SYN-014","C1","FIXED",5,2024-04-17,2024-11-22,"USA","SYN-014-011"
"SYN-014","C1","FIXED",5,2024-04-17,2024-11-22,"USA","SYN-014-012"
"SYN-014","C1","FIXED",5,2024-04-17,2024-11-22,"USA","SYN-014-013"
"SYN-014","C1","FIXED",5,2024-04-17,2024-11-22,"USA","SYN-014-014"
"SYN-014","C1","FIXED",5,2024-04-17,2024-11-22,"USA","SYN-014-015"
"SYN-014","C1","FIXED",6,2024-04-17,2024-11-22,"USA","SYN-014-016"
"SYN-014","C1","FIXED",5,2024-04-17,2024-11-22,"USA","SYN-014-017"
"SYN-014","C1","FIXED",5,2024-04-17,2024-11-22,"USA","SYN-014-018"
"SYN-014","C1","FIXED",5,2024-04-17,2024-11-22,"USA","SYN-014-019"
"SYN-014","C1","FIXED",5,2024-04-17,2024-11-22,"USA","SYN-014-020"
"SYN-014","C1","FIXED",5,2024-04-17,2024-11-22,"USA","SYN-014-021"
"SYN-014","C1","FIXED",6,2024-04-17,2024-11-22,"USA","SYN-014-022"
"SYN-014","C1","FIXED",5,2024-04-17,2024-11-22,"USA","SYN-014-023"
"SYN-014","C1","FIXED",5,2024-04-17,2024-11-22,"USA","SYN-014-024"
"SYN-014","C1","FIXED",5,2024-04-17,2024-11-22,"USA","SYN-014-025"
"SYN-014","C1","FIXED",5,2024-04-17,2024-11-22,"USA","SYN-014-026"
"SYN-014","C1","FIXED",5,2024-04-17,2024-11-22,"USA","SYN-014-027"
"SYN-014","C1","FIXED",6,2024-04-17,2024-11-22,"USA","SYN-014-028"
"SYN-014","C1","FIXED",5,2024-04-17,2024-11-22,"USA","SYN-014-029"
"SYN-014","C1","FIXED",5,2024-04-17,2024-11-22,"USA","SYN-014-030"
"SYN-014","C1","FIXED",5,2024-04-17,2024-11-22,"USA","SYN-014-031"
"SYN-014","C1","FIXED",5,2024-04-17,2024-11-22,"USA","SYN-014-032"
"SYN-014","C1","FIXED",5,2024-04-17,2024-11-22,"USA","SYN-014-033"
"SYN-014","C1","FIXED",6,2024-04-17,2024-11-22,"USA","SYN-014-034"
"SYN-014","C1","FIXED",5,2024-04-17,2024-11-22,"USA","SYN-014-035"
"SYN-014","C1","FIXED",5,2024-04-17,2024-11-22,"USA","SYN-014-036"
"SYN-014","C1","FIXED",5,2024-04-17,2024-11-22,"USA","SYN-014-037"
"SYN-014","C1","FIXED",5,2024-04-17,2024-11-22,"USA","SYN-014-038"
"SYN-014","C1","FIXED",5,2024-04-17,2024-11-22,"USA","SYN-014-039"
"SYN-014","C1","FIXED",5,2024-04-17,2024-11-22,"USA","SYN-014-040"
"SYN-014","C1","FIXED",6,2024-04-17,2024-11-22,"USA","SYN-014-041"
"SYN-014","C1","FIXED",5,2024-04-17,2024-11-22,"USA","SYN-014-042"
"SYN-014","C1","FIXED",5,2024-04-17,2024-11-22,"USA","SYN-014-043"
"SYN-014","C1","FIXED",5,2024-04-17,2024-11-22,"USA","SYN-014-044"
"SYN-014","C1","FIXED",5,2024-04-17,2024-11-22,"USA","SYN-014-045"
"SYN-014","C1","FIXED",5,2024-04-17,2024-11-22,"USA","SYN-014-046"
"SYN-014","C1","FIXED",6,2024-04-17,2024-11-22,"USA","SYN-014-047"
"SYN-014","C1","FIXED",5,2024-04-17,2024-11-22,"USA","SYN-014-048"
"SYN-014","C1","FIXED",5,2024-04-17,2024-11-22,"USA","SYN-014-049"
"SYN-014","C1","FIXED",5,2024-04-17,2024-11-22,"USA","SYN-014-050"
"SYN-014","C1","FIXED",5,2024-04-17,2024-11-22,"USA","SYN-014-051"
"SYN-014","C1","FIXED",5,2024-04-17,2024-11-22,"USA","SYN-014-052"
"SYN-014","C1","FIXED",6,2024-04-17,2024-11-22,"USA","SYN-014-053"
"SYN-014","C1","FIXED",5,2024-04-17,2024-11-22,"USA","SYN-014-054"
"SYN-014","C1","FIXED",5,2024-04-17,2024-11-22,"USA","SYN-014-055"
"SYN-014","C1","FIXED",5,2024-04-17,2024-11-22,"USA","SYN-014-056"
"SYN-014","C1","FIXED",5,2024-04-17,2024-11-22,"USA","SYN-014-057"
"SYN-014","C1","FIXED",5,2024-04-17,2024-11-22,"USA","SYN-014-058"
"SYN-014","C1","FIXED",6,2024-04-17,2024-11-22,"USA","SYN-014-059"
"SYN-014","C1","FIXED",5,2024-04-17,2024-11-22,"USA","SYN-014-060"
"SYN-014","C1","FIXED",5,2024-04-17,2024-11-22,"USA","SYN-014-061"
"SYN-014","C1","FIXED",5,2024-04-17,2024-11-22,"USA","SYN-014-062"
"SYN-014","C1","FIXED",5,2024-04-17,2024-11-22,"USA","SYN-014-063"
"SYN-014","C1","FIXED",5,2024-04-17,2024-11-22,"USA","SYN-014-064"
"SYN-014","C1","FIXED",6,2024-04-17,2024-11-22,"USA","SYN-014-065"
"SYN-014","C1","FIXED",5,2024-04-17,2024-11-22,"USA","SYN-014-066"
"SYN-014","C1","FIXED",5,2024-04-17,2024-11-22,"USA","SYN-014-067"
"SYN-014","C1","FIXED",5,2024-04-17,2024-11-22,"USA","SYN-014-068"
"SYN-014","C1","FIXED",5,2024-04-17,2024-11-22,"USA","SYN-014-069"
"SYN-014","C1","FIXED",5,2024-04-17,2024-11-22,"USA","SYN-014-070"
"SYN-014","C1","FIXED",6,2024-04-17,2024-11-22,"USA","SYN-014-071"
"SYN-014","C1","FIXED",5,2024-04-17,2024-11-22,"USA","SYN-014-072"
"SYN-014","C1","FIXED",5,2024-04-17,2024-11-22,"USA","SYN-014-073"
"SYN-014","C1","FIXED",5,2024-04-17,2024-11-22,"USA","SYN-014-074"
"SYN-015","C1","FIXED",8,2024-11-02,2025-08-24,"USA","SYN-015-001"
"SYN-015","C1","FIXED",8,2024-11-02,2025-08-24,"USA","SYN-015-002"
"SYN-015","C1","FIXED",9,2024-11-02,2025-08-24,"USA","SYN-015-003"
"SYN-015","C1","FIXED",8,2024-11-02,2025-08-24,"USA","SYN-015-004"
"SYN-015","C1","FIXED",8,2024-11-02,2025-08-24,"USA","SYN-015-005"
"SYN-015","C1","FIXED",8,2024-11-02,2025-08-24,"USA","SYN-015-006"
"SYN-015","C1","FIXED",9,2024-11-02,2025-08-24,"USA","SYN-015-007"
"SYN-015","C1","FIXED",8,2024-11-02,2025-08-24,"USA","SYN-015-008"
"SYN-015","C1","FIXED",8,2024-11-02,2025-08-24,"USA","SYN-015-009"
"SYN-015","C1","FIXED",8,2024-11-02,2025-08-24,"USA","SYN-015-010"
"SYN-015","C1","FIXED",8,2024-11-02,2025-08-24,"USA","SYN-015-011"
"SYN-015","C1","FIXED",9,2024-11-02,2025-08-24,"USA","SYN-015-012"
"SYN-015","C1","FIXED",8,2024-11-02,2025-08-24,"USA","SYN-015-013"
"SYN-015","C1","FIXED",8,2024-11-02,2025-08-24,"USA","SYN-015-014"
"SYN-015","C1","FIXED",8,2024-11-02,2025-08-24,"USA","SYN-015-015"
"SYN-015","C1","FIXED",9,2024-11-02,2025-08-24,"USA","SYN-015-016"
"SYN-015","C1","FIXED",8,2024-11-02,2025-08-24,"USA","SYN-015-017"
"SYN-015","C1","FIXED",8,2024-11-02,2025-08-24,"USA","SYN-015-018"
"SYN-015","C1","FIXED",8,2024-11-02,2025-08-24,"USA","SYN-015-019"
"SYN-015","C1","FIXED",8,2024-11-02,2025-08-24,"USA","SYN-015-020"
"SYN-015","C1","FIXED",9,2024-11-02,2025-08-24,"USA","SYN-015-021"
"SYN-015","C1","FIXED",8,2024-11-02,2025-08-24,"USA","SYN-015-022"
"SYN-015","C1","FIXED",8,2024-11-02,2025-08-24,"USA","SYN-015-023"
"SYN-015","C1","FIXED",8,2024-11-02,2025-08-24,"USA","SYN-015-024"
"SYN-015","C1","FIXED",9,2024-11-02,2025-08-24,"USA","SYN-015-025"
"SYN-015","C1","FIXED",8,2024-11-02,2025-08-24,"USA","SYN-015-026"
"SYN-015","C1","FIXED",8,2024-11-02,2025-08-24,"USA","SYN-015-027"
"SYN-015","C1","FIXED",8,2024-11-02,2025-08-24,"USA","SYN-015-028"
"SYN-015","C1","FIXED",9,2024-11-02,2025-08-24,"USA","SYN-015-029"
"SYN-015","C1","FIXED",8,2024-11-02,2025-08-24,"USA","SYN-015-030"
"SYN-015","C1","FIXED",8,2024-11-02,2025-08-24,"USA","SYN-015-031"
"SYN-015","C1","FIXED",8,2024-11-02,2025-08-24,"USA","SYN-015-032"
"SYN-015","C1","FIXED",8,2024-11-02,2025-08-24,"USA","SYN-015-033"
"SYN-015","C1","FIXED",9,2024-11-02,2025-08-24,"USA","SYN-015-034"
"SYN-015","C1","FIXED",8,2024-11-02,2025-08-24,"USA","SYN-015-035"
"SYN-015","C1","FIXED",8,2024-11-02,2025-08-24,"USA","SYN-015-036"
"SYN-015","C1","FIXED",8,2024-11-02,2025-08-24,"USA","SYN-015-037"
"SYN-015","C1","FIXED",9,2024-11-02,2025-08-24,"USA","SYN-015-038"
"SYN-015","C1","FIXED",8,2024-11-02,2025-08-24,"USA","SYN-015-039"
"SYN-015","C1","FIXED",8,2024-11-02,2025-08-24,"USA","SYN-015-040"
"SYN-016","C1","FIXED",7,2024-04-20,2025-01-29,"USA","SYN-016-001"
"SYN-016","C1","FIXED",7,2024-04-20,2025-01-29,"USA","SYN-016-002"
"SYN-016","C1","FIXED",6,2024-04-20,2025-01-29,"USA","SYN-016-003"
"SYN-016","C1","FIXED",7,2024-04-20,2025-01-29,"USA","SYN-016-004"
"SYN-016","C1","FIXED",7,2024-04-20,2025-01-29,"USA","SYN-016-005"
"SYN-016","C1","FIXED",7,2024-04-20,2025-01-29,"USA","SYN-016-006"
"SYN-016","C1","FIXED",6,2024-04-20,2025-01-29,"USA","SYN-016-007"
"SYN-016","C1","FIXED",7,2024-04-20,2025-01-29,"USA","SYN-016-008"
"SYN-016","C1","FIXED",7,2024-04-20,2025-01-29,"USA","SYN-016-009"
"SYN-016","C1","FIXED",7,2024-04-20,2025-01-29,"USA","SYN-016-010"
"SYN-016","C1","FIXED",6,2024-04-20,2025-01-29,"USA","SYN-016-011"
"SYN-016","C1","FIXED",7,2024-04-20,2025-01-29,"USA","SYN-016-012"
"SYN-016","C1","FIXED",7,2024-04-20,2025-01-29,"USA","SYN-016-013"
"SYN-016","C1","FIXED",7,2024-04-20,2025-01-29,"USA","SYN-016-014"
"SYN-016","C1","FIXED",6,2024-04-20,2025-01-29,"USA","SYN-016-015"
"SYN-016","C1","FIXED",7,2024-04-20,2025-01-29,"USA","SYN-016-016"
"SYN-016","C1","FIXED",7,2024-04-20,2025-01-29,"USA","SYN-016-017"
"SYN-016","C1","FIXED",7,2024-04-20,2025-01-29,"USA","SYN-016-018"
"SYN-016","C1","FIXED",6,2024-04-20,2025-01-29,"USA","SYN-016-019"
"SYN-016","C1","FIXED",7,2024-04-20,2025-01-29,"USA","SYN-016-020"
"SYN-016","C1","FIXED",7,2024-04-20,2025-01-29,"USA","SYN-016-021"
"SYN-016","C1","FIXED",7,2024-04-20,2025-01-29,"USA","SYN-016-022"
"SYN-016","C1","FIXED",7,2024-04-20,2025-01-29,"USA","SYN-016-023"
"SYN-016","C1","FIXED",6,2024-04-20,2025-01-29,"USA","SYN-016-024"
"SYN-016","C1","FIXED",7,2024-04-20,2025-01-29,"USA","SYN-016-025"
"SYN-016","C1","FIXED",7,2024-04-20,2025-01-29,"USA","SYN-016-026"
"SYN-016","C1","FIXED",7,2024-04-20,2025-01-29,"USA","SYN-016-027"
"SYN-016","C1","FIXED",6,2024-04-20,2025-01-29,"USA","SYN-016-028"
"SYN-016","C1","FIXED",7,2024-04-20,2025-01-29,"USA","SYN-016-029"
"SYN-016","C1","FIXED",7,2024-04-20,2025-01-29,"USA","SYN-016-030"
"SYN-016","C1","FIXED",7,2024-04-20,2025-01-29,"USA","SYN-016-031"
"SYN-016","C1","FIXED",6,2024-04-20,2025-01-29,"USA","SYN-016-032"
"SYN-016","C1","FIXED",7,2024-04-20,2025-01-29,"USA","SYN-016-033"
"SYN-016","C1","FIXED",7,2024-04-20,2025-01-29,"USA","SYN-016-034"
"SYN-016","C1","FIXED",7,2024-04-20,2025-01-29,"USA","SYN-016-035"
"SYN-016","C1","FIXED",6,2024-04-20,2025-01-29,"USA","SYN-016-036"
"SYN-016","C1","FIXED",7,2024-04-20,2025-01-29,"USA","SYN-016-037"
"SYN-016","C1","FIXED",7,2024-04-20,2025-01-29,"USA","SYN-016-038"
"SYN-016","C1","FIXED",7,2024-04-20,2025-01-29,"USA","SYN-016-039"
"SYN-016","C1","FIXED",6,2024-04-20,2025-01-29,"USA","SYN-016-040"
"SYN-016","C1","FIXED",7,2024-04-20,2025-01-29,"USA","SYN-016-041"
"SYN-016","C1","FIXED",7,2024-04-20,2025-01-29,"USA","SYN-016-042"
"SYN-016","C1","FIXED",7,2024-04-20,2025-01-29,"USA","SYN-016-043"
"SYN-016","C1","FIXED",6,2024-04-20,2025-01-29,"USA","SYN-016-044"
"SYN-016","C1","FIXED",7,2024-04-20,2025-01-29,"USA","SYN-016-045"
"SYN-016","C1","FIXED",7,2024-04-20,2025-01-29,"USA","SYN-016-046"
"SYN-017","C1","TITR",7,2024-07-02,2024-12-09,"USA","SYN-017-001"
"SYN-017","C1","TITR",6,2024-07-02,2024-12-09,"USA","SYN-017-002"
"SYN-017","C1","TITR",7,2024-07-02,2024-12-09,"USA","SYN-017-003"
"SYN-017","C1","TITR",7,2024-07-02,2024-12-09,"USA","SYN-017-004"
"SYN-017","C1","TITR",7,2024-07-02,2024-12-09,"USA","SYN-017-005"
"SYN-017","C1","TITR",6,2024-07-02,2024-12-09,"USA","SYN-017-006"
"SYN-017","C1","TITR",7,2024-07-02,2024-12-09,"USA","SYN-017-007"
"SYN-017","C1","TITR",7,2024-07-02,2024-12-09,"USA","SYN-017-008"
"SYN-017","C1","TITR",6,2024-07-02,2024-12-09,"USA","SYN-017-009"
"SYN-017","C1","TITR",7,2024-07-02,2024-12-09,"USA","SYN-017-010"
"SYN-017","C1","TITR",7,2024-07-02,2024-12-09,"USA","SYN-017-011"
"SYN-017","C1","TITR",7,2024-07-02,2024-12-09,"USA","SYN-017-012"
"SYN-017","C1","TITR",6,2024-07-02,2024-12-09,"USA","SYN-017-013"
"SYN-017","C1","TITR",7,2024-07-02,2024-12-09,"USA","SYN-017-014"
"SYN-017","C1","TITR",7,2024-07-02,2024-12-09,"USA","SYN-017-015"
"SYN-017","C1","TITR",7,2024-07-02,2024-12-09,"USA","SYN-017-016"
"SYN-017","C1","TITR",6,2024-07-02,2024-12-09,"USA","SYN-017-017"
"SYN-017","C1","TITR",7,2024-07-02,2024-12-09,"USA","SYN-017-018"
"SYN-017","C1","TITR",7,2024-07-02,2024-12-09,"USA","SYN-017-019"
"SYN-017","C1","TITR",6,2024-07-02,2024-12-09,"USA","SYN-017-020"
"SYN-017","C1","TITR",7,2024-07-02,2024-12-09,"USA","SYN-017-021"
"SYN-017","C1","TITR",7,2024-07-02,2024-12-09,"USA","SYN-017-022"
"SYN-017","C1","TITR",7,2024-07-02,2024-12-09,"USA","SYN-017-023"
"SYN-017","C1","TITR",6,2024-07-02,2024-12-09,"USA","SYN-017-024"
"SYN-017","C1","TITR",7,2024-07-02,2024-12-09,"USA","SYN-017-025"
"SYN-017","C1","TITR",7,2024-07-02,2024-12-09,"USA","SYN-017-026"
"SYN-017","C1","TITR",6,2024-07-02,2024-12-09,"USA","SYN-017-027"
"SYN-017","C1","TITR",7,2024-07-02,2024-12-09,"USA","SYN-017-028"
"SYN-017","C1","TITR",7,2024-07-02,2024-12-09,"USA","SYN-017-029"
"SYN-017","C1","TITR",7,2024-07-02,2024-12-09,"USA","SYN-017-030"
"SYN-017","C1","TITR",6,2024-07-02,2024-12-09,"USA","SYN-017-031"
"SYN-017","C1","TITR",7,2024-07-02,2024-12-09,"USA","SYN-017-032"
"SYN-018","C1","TITR",6,2024-03-25,2024-07-24,"USA","SYN-018-001"
"SYN-018","C1","TITR",6,2024-03-25,2024-07-24,"USA","SYN-018-002"
"SYN-018","C1","TITR",6,2024-03-25,2024-07-24,"USA","SYN-018-003"
"SYN-018","C1","TITR",6,2024-03-25,2024-07-24,"USA","SYN-018-004"
"SYN-018","C1","TITR",6,2024-03-25,2024-07-24,"USA","SYN-018-005"
"SYN-018","C1","TITR",6,2024-03-25,2024-07-24,"USA","SYN-018-006"
"SYN-018","C1","TITR",7,2024-03-25,2024-07-24,"USA","SYN-018-007"
"SYN-018","C1","TITR",6,2024-03-25,2024-07-24,"USA","SYN-018-008"
"SYN-018","C1","TITR",6,2024-03-25,2024-07-24,"USA","SYN-018-009"
"SYN-018","C1","TITR",6,2024-03-25,2024-07-24,"USA","SYN-018-010"
"SYN-018","C1","TITR",6,2024-03-25,2024-07-24,"USA","SYN-018-011"
"SYN-018","C1","TITR",6,2024-03-25,2024-07-24,"USA","SYN-018-012"
"SYN-019","C1","FIXED",8,2024-06-26,2025-01-09,"USA","SYN-019-001"
"SYN-019","C1","FIXED",8,2024-06-26,2025-01-09,"USA","SYN-019-002"
"SYN-019","C1","FIXED",8,2024-06-26,2025-01-09,"USA","SYN-019-003"
"SYN-019","C1","FIXED",8,2024-06-26,2025-01-09,"USA","SYN-019-004"
"SYN-019","C1","FIXED",8,2024-06-26,2025-01-09,"USA","SYN-019-005"
"SYN-019","C1","FIXED",8,2024-06-26,2025-01-09,"USA","SYN-019-006"
"SYN-019","C1","FIXED",8,2024-06-26,2025-01-09,"USA","SYN-019-007"
"SYN-019","C1","FIXED",8,2024-06-26,2025-01-09,"USA","SYN-019-008"
"SYN-019","C1","FIXED",8,2024-06-26,2025-01-09,"USA","SYN-019-009"
"SYN-019","C1","FIXED",8,2024-06-26,2025-01-09,"USA","SYN-019-010"
"SYN-019","C1","FIXED",8,2024-06-26,2025-01-09,"USA","SYN-019-011"
"SYN-019","C1","FIXED",8,2024-06-26,2025-01-09,"USA","SYN-019-012"
"SYN-019","C1","FIXED",8,2024-06-26,2025-01-09,"USA","SYN-019-013"
"SYN-019","C1","FIXED",8,2024-06-26,2025-01-09,"USA","SYN-019-014"
"SYN-019","C1","FIXED",8,2024-06-26,2025-01-09,"USA","SYN-019-015"
"SYN-019","C1","FIXED",8,2024-06-26,2025-01-09,"USA","SYN-019-016"
"SYN-019","C1","FIXED",8,2024-06-26,2025-01-09,"USA","SYN-019-017"
"SYN-019","C1","FIXED",8,2024-06-26,2025-01-09,"USA","SYN-019-018"
"SYN-019","C1","FIXED",8,2024-06-26,2025-01-09,"USA","SYN-019-019"
"SYN-019","C1","FIXED",9,2024-06-26,2025-01-09,"USA","SYN-019-020"
"SYN-019","C1","FIXED",8,2024-06-26,2025-01-09,"USA","SYN-019-021"
"SYN-019","C1","FIXED",8,2024-06-26,2025-01-09,"USA","SYN-019-022"
"SYN-019","C1","FIXED",8,2024-06-26,2025-01-09,"USA","SYN-019-023"
"SYN-019","C1","FIXED",8,2024-06-26,2025-01-09,"USA","SYN-019-024"
"SYN-019","C1","FIXED",8,2024-06-26,2025-01-09,"USA","SYN-019-025"
"SYN-019","C1","FIXED",8,2024-06-26,2025-01-09,"USA","SYN-019-026"
"SYN-019","C1","FIXED",8,2024-06-26,2025-01-09,"USA","SYN-019-027"
"SYN-019","C1","FIXED",8,2024-06-26,2025-01-09,"USA","SYN-019-028"
"SYN-019","C1","FIXED",8,2024-06-26,2025-01-09,"USA","SYN-019-029"
"SYN-019","C1","FIXED",8,2024-06-26,2025-01-09,"USA","SYN-019-030"
"SYN-019","C1","FIXED",8,2024-06-26,2025-01-09,"USA","SYN-019-031"
"SYN-019","C1","FIXED",8,2024-06-26,2025-01-09,"USA","SYN-019-032"
"SYN-019","C1","FIXED",8,2024-06-26,2025-01-09,"USA","SYN-019-033"
"SYN-019","C1","FIXED",8,2024-06-26,2025-01-09,"USA","SYN-019-034"
"SYN-019","C1","FIXED",8,2024-06-26,2025-01-09,"USA","SYN-019-035"
"SYN-019","C1","FIXED",8,2024-06-26,2025-01-09,"USA","SYN-019-036"
"SYN-019","C1","FIXED",8,2024-06-26,2025-01-09,"USA","SYN-019-037"
"SYN-019","C1","FIXED",8,2024-06-26,2025-01-09,"USA","SYN-019-038"
"SYN-019","C1","FIXED",8,2024-06-26,2025-01-09,"USA","SYN-019-039"
"SYN-020","C1","TITR",8,2024-12-06,2025-05-22,"USA","SYN-020-001"
"SYN-020","C1","TITR",8,2024-12-06,2025-05-22,"USA","SYN-020-002"
"SYN-020","C1","TITR",9,2024-12-06,2025-05-22,"USA","SYN-020-003"
"SYN-020","C1","TITR",8,2024-12-06,2025-05-22,"USA","SYN-020-004"
"SYN-020","C1","TITR",8,2024-12-06,2025-05-22,"USA","SYN-020-005"
"SYN-020","C1","TITR",8,2024-12-06,2025-05-22,"USA","SYN-020-006"
"SYN-020","C1","TITR",9,2024-12-06,2025-05-22,"USA","SYN-020-007"
"SYN-020","C1","TITR",8,2024-12-06,2025-05-22,"USA","SYN-020-008"
"SYN-020","C1","TITR",8,2024-12-06,2025-05-22,"USA","SYN-020-009"
"SYN-020","C1","TITR",8,2024-12-06,2025-05-22,"USA","SYN-020-010"
"SYN-020","C1","TITR",9,2024-12-06,2025-05-22,"USA","SYN-020-011"
"SYN-020","C1","TITR",8,2024-12-06,2025-05-22,"USA","SYN-020-012"
"SYN-020","C1","TITR",8,2024-12-06,2025-05-22,"USA","SYN-020-013"
"SYN-020","C1","TITR",8,2024-12-06,2025-05-22,"USA","SYN-020-014"
"SYN-020","C1","TITR",9,2024-12-06,2025-05-22,"USA","SYN-020-015"
"SYN-020","C1","TITR",8,2024-12-06,2025-05-22,"USA","SYN-020-016"
"SYN-020","C1","TITR",8,2024-12-06,2025-05-22,"USA","SYN-020-017"
"SYN-021","C1","FIXED",5,2024-11-21,2025-06-13,"USA","SYN-021-001"
"SYN-021","C1","FIXED",5,2024-11-21,2025-06-13,"USA","SYN-021-002"
"SYN-021","C1","FIXED",5,2024-11-21,2025-06-13,"USA","SYN-021-003"
"SYN-021","C1","FIXED",5,2024-11-21,2025-06-13,"USA","SYN-021-004"
"SYN-021","C1","FIXED",5,2024-11-21,2025-06-13,"USA","SYN-021-005"
"SYN-021","C1","FIXED",4,2024-11-21,2025-06-13,"USA","SYN-021-006"
"SYN-021","C1","FIXED",5,2024-11-21,2025-06-13,"USA","SYN-021-007"
"SYN-021","C1","FIXED",5,2024-11-21,2025-06-13,"USA","SYN-021-008"
"SYN-021","C1","FIXED",5,2024-11-21,2025-06-13,"USA","SYN-021-009"
"SYN-021","C1","FIXED",5,2024-11-21,2025-06-13,"USA","SYN-021-010"
"SYN-021","C1","FIXED",5,2024-11-21,2025-06-13,"USA","SYN-021-011"
"SYN-021","C1","FIXED",5,2024-11-21,2025-06-13,"USA","SYN-021-012"
"SYN-021","C1","FIXED",5,2024-11-21,2025-06-13,"USA","SYN-021-013"
"SYN-021","C1","FIXED",5,2024-11-21,2025-06-13,"USA","SYN-021-014"
"SYN-021","C1","FIXED",5,2024-11-21,2025-06-13,"USA","SYN-021-015"
"SYN-021","C1","FIXED",4,2024-11-21,2025-06-13,"USA","SYN-021-016"
"SYN-021","C1","FIXED",5,2024-11-21,2025-06-13,"USA","SYN-021-017"
"SYN-021","C1","FIXED",5,2024-11-21,2025-06-13,"USA","SYN-021-018"
"SYN-021","C1","FIXED",5,2024-11-21,2025-06-13,"USA","SYN-021-019"
"SYN-021","C1","FIXED",5,2024-11-21,2025-06-13,"USA","SYN-021-020"
"SYN-021","C1","FIXED",5,2024-11-21,2025-06-13,"USA","SYN-021-021"
"SYN-021","C1","FIXED",5,2024-11-21,2025-06-13,"USA","SYN-021-022"
"SYN-021","C1","FIXED",5,2024-11-21,2025-06-13,"USA","SYN-021-023"
"SYN-021","C1","FIXED",5,2024-11-21,2025-06-13,"USA","SYN-021-024"
"SYN-021","C1","FIXED",5,2024-11-21,2025-06-13,"USA","SYN-021-025"
"SYN-021","C1","FIXED",5,2024-11-21,2025-06-13,"USA","SYN-021-026"
"SYN-021","C1","FIXED",4,2024-11-21,2025-06-13,"USA","SYN-021-027"
"SYN-021","C1","FIXED",5,2024-11-21,2025-06-13,"USA","SYN-021-028"
"SYN-021","C1","FIXED",5,2024-11-21,2025-06-13,"USA","SYN-021-029"
"SYN-021","C1","FIXED",5,2024-11-21,2025-06-13,"USA","SYN-021-030"
"SYN-021","C1","FIXED",5,2024-11-21,2025-06-13,"USA","SYN-021-031"
"SYN-021","C1","FIXED",5,2024-11-21,2025-06-13,"USA","SYN-021-032"
"SYN-021","C1","FIXED",5,2024-11-21,2025-06-13,"USA","SYN-021-033"
"SYN-021","C1","FIXED",5,2024-11-21,2025-06-13,"USA","SYN-021-034"
"SYN-021","C1","FIXED",5,2024-11-21,2025-06-13,"USA","SYN-021-035"
"SYN-021","C1","FIXED",5,2024-11-21,2025-06-13,"USA","SYN-021-036"
"SYN-021","C1","FIXED",4,2024-11-21,2025-06-13,"USA","SYN-021-037"
"SYN-021","C1","FIXED",5,2024-11-21,2025-06-13,"USA","SYN-021-038"
"SYN-021","C1","FIXED",5,2024-11-21,2025-06-13,"USA","SYN-021-039"
"SYN-021","C1","FIXED",5,2024-11-21,2025-06-13,"USA","SYN-021-040"
"SYN-021","C1","FIXED",5,2024-11-21,2025-06-13,"USA","SYN-021-041"
"SYN-021","C1","FIXED",5,2024-11-21,2025-06-13,"USA","SYN-021-042"
"SYN-021","C1","FIXED",5,2024-11-21,2025-06-13,"USA","SYN-021-043"
"SYN-021","C1","FIXED",5,2024-11-21,2025-06-13,"USA","SYN-021-044"
"SYN-021","C1","FIXED",5,2024-11-21,2025-06-13,"USA","SYN-021-045"
"SYN-021","C1","FIXED",5,2024-11-21,2025-06-13,"USA","SYN-021-046"
"SYN-021","C1","FIXED",4,2024-11-21,2025-06-13,"USA","SYN-021-047"
"SYN-021","C1","FIXED",5,2024-11-21,2025-06-13,"USA","SYN-021-048"
"SYN-021","C1","FIXED",5,2024-11-21,2025-06-13,"USA","SYN-021-049"
"SYN-021","C1","FIXED",5,2024-11-21,2025-06-13,"USA","SYN-021-050"
"SYN-021","C1","FIXED",5,2024-11-21,2025-06-13,"USA","SYN-021-051"
"SYN-021","C1","FIXED",5,2024-11-21,2025-06-13,"USA","SYN-021-052"
"SYN-021","C1","FIXED",5,2024-11-21,2025-06-13,"USA","SYN-021-053"
"SYN-021","C1","FIXED",5,2024-11-21,2025-06-13,"USA","SYN-021-054"
"SYN-021","C1","FIXED",5,2024-11-21,2025-06-13,"USA","SYN-021-055"
"SYN-021","C1","FIXED",5,2024-11-21,2025-06-13,"USA","SYN-021-056"
"SYN-021","C1","FIXED",5,2024-11-21,2025-06-13,"USA","SYN-021-057"
"SYN-021","C1","FIXED",4,2024-11-21,2025-06-13,"USA","SYN-021-058"
"SYN-021","C1","FIXED",5,2024-11-21,2025-06-13,"USA","SYN-021-059"
"SYN-021","C1","FIXED",5,2024-11-21,2025-06-13,"USA","SYN-021-060"
"SYN-021","C1","FIXED",5,2024-11-21,2025-06-13,"USA","SYN-021-061"
"SYN-021","C1","FIXED",5,2024-11-21,2025-06-13,"USA","SYN-021-062"
"SYN-021","C1","FIXED",5,2024-11-21,2025-06-13,"USA","SYN-021-063"
"SYN-021","C1","FIXED",5,2024-11-21,2025-06-13,"USA","SYN-021-064"
"SYN-021","C1","FIXED",5,2024-11-21,2025-06-13,"USA","SYN-021-065"
"SYN-021","C1","FIXED",5,2024-11-21,2025-06-13,"USA","SYN-021-066"
"SYN-021","C1","FIXED",5,2024-11-21,2025-06-13,"USA","SYN-021-067"
"SYN-021","C1","FIXED",4,2024-11-21,2025-06-13,"USA","SYN-021-068"
"SYN-021","C1","FIXED",5,2024-11-21,2025-06-13,"USA","SYN-021-069"
"SYN-021","C1","FIXED",5,2024-11-21,2025-06-13,"USA","SYN-021-070"
"SYN-021","C1","FIXED",5,2024-11-21,2025-06-13,"USA","SYN-021-071"
"SYN-021","C1","FIXED",5,2024-11-21,2025-06-13,"USA","SYN-021-072"
"SYN-021","C1","FIXED",5,2024-11-21,2025-06-13,"USA","SYN-021-073"
"SYN-022","C1","FIXED",9,2024-09-20,2025-08-22,"USA","SYN-022-001"
"SYN-022","C1","FIXED",10,2024-09-20,2025-08-22,"USA","SYN-022-002"
"SYN-022","C1","FIXED",9,2024-09-20,2025-08-22,"USA","SYN-022-003"
"SYN-022","C1","FIXED",9,2024-09-20,2025-08-22,"USA","SYN-022-004"
"SYN-022","C1","FIXED",9,2024-09-20,2025-08-22,"USA","SYN-022-005"
"SYN-022","C1","FIXED",10,2024-09-20,2025-08-22,"USA","SYN-022-006"
"SYN-022","C1","FIXED",9,2024-09-20,2025-08-22,"USA","SYN-022-007"
"SYN-022","C1","FIXED",9,2024-09-20,2025-08-22,"USA","SYN-022-008"
"SYN-022","C1","FIXED",10,2024-09-20,2025-08-22,"USA","SYN-022-009"
"SYN-022","C1","FIXED",9,2024-09-20,2025-08-22,"USA","SYN-022-010"
"SYN-022","C1","FIXED",9,2024-09-20,2025-08-22,"USA","SYN-022-011"
"SYN-022","C1","FIXED",10,2024-09-20,2025-08-22,"USA","SYN-022-012"
"SYN-022","C1","FIXED",9,2024-09-20,2025-08-22,"USA","SYN-022-013"
"SYN-022","C1","FIXED",9,2024-09-20,2025-08-22,"USA","SYN-022-014"
"SYN-022","C1","FIXED",9,2024-09-20,2025-08-22,"USA","SYN-022-015"
"SYN-022","C1","FIXED",10,2024-09-20,2025-08-22,"USA","SYN-022-016"
"SYN-022","C1","FIXED",9,2024-09-20,2025-08-22,"USA","SYN-022-017"
"SYN-022","C1","FIXED",9,2024-09-20,2025-08-22,"USA","SYN-022-018"
"SYN-022","C1","FIXED",10,2024-09-20,2025-08-22,"USA","SYN-022-019"
"SYN-022","C1","FIXED",9,2024-09-20,2025-08-22,"USA","SYN-022-020"
"SYN-022","C1","FIXED",9,2024-09-20,2025-08-22,"USA","SYN-022-021"
"SYN-022","C1","FIXED",10,2024-09-20,2025-08-22,"USA","SYN-022-022"
"SYN-022","C1","FIXED",9,2024-09-20,2025-08-22,"USA","SYN-022-023"
"SYN-022","C1","FIXED",9,2024-09-20,2025-08-22,"USA","SYN-022-024"
"SYN-022","C1","FIXED",9,2024-09-20,2025-08-22,"USA","SYN-022-025"
"SYN-022","C1","FIXED",10,2024-09-20,2025-08-22,"USA","SYN-022-026"
"SYN-022","C1","FIXED",9,2024-09-20,2025-08-22,"USA","SYN-022-027"
"SYN-022","C1","FIXED",9,2024-09-20,2025-08-22,"USA","SYN-022-028"
"SYN-022","C1","FIXED",10,2024-09-20,2025-08-22,"USA","SYN-022-029"
"SYN-022","C1","FIXED",9,2024-09-20,2025-08-22,"USA","SYN-022-030"
"SYN-022","C1","FIXED",9,2024-09-20,2025-08-22,"USA","SYN-022-031"
"SYN-022","C1","FIXED",10,2024-09-20,2025-08-22,"USA","SYN-022-032"
"SYN-022","C1","FIXED",9,2024-09-20,2025-08-22,"USA","SYN-022-033"
"SYN-022","C1","FIXED",9,2024-09-20,2025-08-22,"USA","SYN-022-034"
"SYN-022","C1","FIXED",9,2024-09-20,2025-08-22,"USA","SYN-022-035"
"SYN-022","C1","FIXED",10,2024-09-20,2025-08-22,"USA","SYN-022-036"
"SYN-022","C1","FIXED",9,2024-09-20,2025-08-22,"USA","SYN-022-037"
"SYN-023","C1","TITR",8,2024-03-09,2024-06-06,"USA","SYN-023-001"
"SYN-023","C1","TITR",8,2024-03-09,2024-06-06,"USA","SYN-023-002"
"SYN-023","C1","TITR",8,2024-03-09,2024-06-06,"USA","SYN-023-003"
"SYN-023","C1","TITR",9,2024-03-09,2024-06-06,"USA","SYN-023-004"
"SYN-023","C1","TITR",8,2024-03-09,2024-06-06,"USA","SYN-023-005"
"SYN-023","C1","TITR",8,2024-03-09,2024-06-06,"USA","SYN-023-006"
"SYN-023","C1","TITR",8,2024-03-09,2024-06-06,"USA","SYN-023-007"
"SYN-023","C1","TITR",8,2024-03-09,2024-06-06,"USA","SYN-023-008"
"SYN-023","C1","TITR",9,2024-03-09,2024-06-06,"USA","SYN-023-009"
"SYN-023","C1","TITR",8,2024-03-09,2024-06-06,"USA","SYN-023-010"
"SYN-023","C1","TITR",8,2024-03-09,2024-06-06,"USA","SYN-023-011"
"SYN-023","C1","TITR",8,2024-03-09,2024-06-06,"USA","SYN-023-012"
"SYN-024","C1","TITR",2,2024-06-26,2024-09-25,"USA","SYN-024-001"
"SYN-024","C1","TITR",2,2024-06-26,2024-09-25,"USA","SYN-024-002"
"SYN-024","C1","TITR",2,2024-06-26,2024-09-25,"USA","SYN-024-003"
"SYN-024","C1","TITR",3,2024-06-26,2024-09-25,"USA","SYN-024-004"
"SYN-024","C1","TITR",2,2024-06-26,2024-09-25,"USA","SYN-024-005"
"SYN-024","C1","TITR",2,2024-06-26,2024-09-25,"USA","SYN-024-006"
"SYN-024","C1","TITR",2,2024-06-26,2024-09-25,"USA","SYN-024-007"
"SYN-024","C1","TITR",2,2024-06-26,2024-09-25,"USA","SYN-024-008"
"SYN-024","C1","TITR",2,2024-06-26,2024-09-25,"USA","SYN-024-009"
"SYN-024","C1","TITR",3,2024-06-26,2024-09-25,"USA","SYN-024-010"
"SYN-024","C1","TITR",2,2024-06-26,2024-09-25,"USA","SYN-024-011"
"SYN-024","C1","TITR",2,2024-06-26,2024-09-25,"USA","SYN-024-012"
"SYN-024","C1","TITR",2,2024-06-26,2024-09-25,"USA","SYN-024-013"
"SYN-024","C1","TITR",2,2024-06-26,2024-09-25,"USA","SYN-024-014"
"SYN-024","C1","TITR",2,2024-06-26,2024-09-25,"USA","SYN-024-015"
"SYN-024","C1","TITR",3,2024-06-26,2024-09-25,"USA","SYN-024-016"
"SYN-024","C1","TITR",2,2024-06-26,2024-09-25,"USA","SYN-024-017"
"SYN-024","C1","TITR",2,2024-06-26,2024-09-25,"USA","SYN-024-018"
"SYN-024","C1","TITR",2,2024-06-26,2024-09-25,"USA","SYN-024-019"
"SYN-025","C1","FIXED",7,2024-08-10,2025-04-26,"USA","SYN-025-001"
"SYN-025","C1","FIXED",7,2024-08-10,2025-04-26,"USA","SYN-025-002"
"SYN-025","C1","FIXED",7,2024-08-10,2025-04-26,"USA","SYN-025-003"
"SYN-025","C1","FIXED",7,2024-08-10,2025-04-26,"USA","SYN-025-004"
"SYN-025","C1","FIXED",7,2024-08-10,2025-04-26,"USA","SYN-025-005"
"SYN-025","C1","FIXED",7,2024-08-10,2025-04-26,"USA","SYN-025-006"
"SYN-025","C1","FIXED",7,2024-08-10,2025-04-26,"USA","SYN-025-007"
"SYN-025","C1","FIXED",7,2024-08-10,2025-04-26,"USA","SYN-025-008"
"SYN-025","C1","FIXED",7,2024-08-10,2025-04-26,"USA","SYN-025-009"
"SYN-025","C1","FIXED",7,2024-08-10,2025-04-26,"USA","SYN-025-010"
"SYN-025","C1","FIXED",7,2024-08-10,2025-04-26,"USA","SYN-025-011"
"SYN-025","C1","FIXED",7,2024-08-10,2025-04-26,"USA","SYN-025-012"
"SYN-025","C1","FIXED",7,2024-08-10,2025-04-26,"USA","SYN-025-013"
"SYN-025","C1","FIXED",7,2024-08-10,2025-04-26,"USA","SYN-025-014"
"SYN-025","C1","FIXED",7,2024-08-10,2025-04-26,"USA","SYN-025-015"
"SYN-025","C1","FIXED",7,2024-08-10,2025-04-26,"USA","SYN-025-016"
"SYN-025","C1","FIXED",7,2024-08-10,2025-04-26,"USA","SYN-025-017"
"SYN-025","C1","FIXED",7,2024-08-10,2025-04-26,"USA","SYN-025-018"
"SYN-025","C1","FIXED",7,2024-08-10,2025-04-26,"USA","SYN-025-019"
"SYN-025","C1","FIXED",7,2024-08-10,2025-04-26,"USA","SYN-025-020"
"SYN-025","C1","FIXED",7,2024-08-10,2025-04-26,"USA","SYN-025-021"
"SYN-025","C1","FIXED",7,2024-08-10,2025-04-26,"USA","SYN-025-022"
"SYN-025","C1","FIXED",7,2024-08-10,2025-04-26,"USA","SYN-025-023"
"SYN-025","C1","FIXED",7,2024-08-10,2025-04-26,"USA","SYN-025-024"
"SYN-025","C1","FIXED",7,2024-08-10,2025-04-26,"USA","SYN-025-025"
"SYN-025","C1","FIXED",7,2024-08-10,2025-04-26,"USA","SYN-025-026"
"SYN-025","C1","FIXED",7,2024-08-10,2025-04-26,"USA","SYN-025-027"
"SYN-025","C1","FIXED",7,2024-08-10,2025-04-26,"USA","SYN-025-028"
"SYN-025","C1","FIXED",7,2024-08-10,2025-04-26,"USA","SYN-025-029"
"SYN-025","C1","FIXED",7,2024-08-10,2025-04-26,"USA","SYN-025-030"
"SYN-025","C1","FIXED",7,2024-08-10,2025-04-26,"USA","SYN-025-031"
"SYN-025","C1","FIXED",7,2024-08-10,2025-04-26,"USA","SYN-025-032"
"SYN-025","C1","FIXED",7,2024-08-10,2025-04-26,"USA","SYN-025-033"
"SYN-025","C1","FIXED",7,2024-08-10,2025-04-26,"USA","SYN-025-034"
"SYN-026","C1","TITR",4,2024-12-08,2025-04-29,"USA","SYN-026-001"
"SYN-026","C1","TITR",4,2024-12-08,2025-04-29,"USA","SYN-026-002"
"SYN-026","C1","TITR",3,2024-12-08,2025-04-29,"USA","SYN-026-003"
"SYN-026","C1","TITR",4,2024-12-08,2025-04-29,"USA","SYN-026-004"
"SYN-026","C1","TITR",4,2024-12-08,2025-04-29,"USA","SYN-026-005"
"SYN-026","C1","TITR",4,2024-12-08,2025-04-29,"USA","SYN-026-006"
"SYN-026","C1","TITR",3,2024-12-08,2025-04-29,"USA","SYN-026-007"
"SYN-026","C1","TITR",4,2024-12-08,2025-04-29,"USA","SYN-026-008"
"SYN-026","C1","TITR",4,2024-12-08,2025-04-29,"USA","SYN-026-009"
"SYN-026","C1","TITR",4,2024-12-08,2025-04-29,"USA","SYN-026-010"
"SYN-026","C1","TITR",4,2024-12-08,2025-04-29,"USA","SYN-026-011"
"SYN-026","C1","TITR",3,2024-12-08,2025-04-29,"USA","SYN-026-012"
"SYN-026","C1","TITR",4,2024-12-08,2025-04-29,"USA","SYN-026-013"
"SYN-026","C1","TITR",4,2024-12-08,2025-04-29,"USA","SYN-026-014"
"SYN-026","C1","TITR",4,2024-12-08,2025-04-29,"USA","SYN-026-015"
"SYN-026","C1","TITR",3,2024-12-08,2025-04-29,"USA","SYN-026-016"
"SYN-026","C1","TITR",4,2024-12-08,2025-04-29,"USA","SYN-026-017"
"SYN-026","C1","TITR",4,2024-12-08,2025-04-29,"USA","SYN-026-018"
"SYN-027","C1","FIXED",6,2024-03-01,2024-08-21,"USA","SYN-027-001"
"SYN-027","C1","FIXED",6,2024-03-01,2024-08-21,"USA","SYN-027-002"
"SYN-027","C1","FIXED",6,2024-03-01,2024-08-21,"USA","SYN-027-003"
"SYN-027","C1","FIXED",6,2024-03-01,2024-08-21,"USA","SYN-027-004"
"SYN-027","C1","FIXED",7,2024-03-01,2024-08-21,"USA","SYN-027-005"
"SYN-027","C1","FIXED",6,2024-03-01,2024-08-21,"USA","SYN-027-006"
"SYN-027","C1","FIXED",6,2024-03-01,2024-08-21,"USA","SYN-027-007"
"SYN-027","C1","FIXED",6,2024-03-01,2024-08-21,"USA","SYN-027-008"
"SYN-027","C1","FIXED",6,2024-03-01,2024-08-21,"USA","SYN-027-009"
"SYN-027","C1","FIXED",6,2024-03-01,2024-08-21,"USA","SYN-027-010"
"SYN-027","C1","FIXED",6,2024-03-01,2024-08-21,"USA","SYN-027-011"
"SYN-027","C1","FIXED",6,2024-03-01,2024-08-21,"USA","SYN-027-012"
"SYN-027","C1","FIXED",6,2024-03-01,2024-08-21,"USA","SYN-027-013"
"SYN-027","C1","FIXED",7,2024-03-01,2024-08-21,"USA","SYN-027-014"
"SYN-027","C1","FIXED",6,2024-03-01,2024-08-21,"USA","SYN-027-015"
"SYN-027","C1","FIXED",6,2024-03-01,2024-08-21,"USA","SYN-027-016"
"SYN-027","C1","FIXED",6,2024-03-01,2024-08-21,"USA","SYN-027-017"
"SYN-027","C1","FIXED",6,2024-03-01,2024-08-21,"USA","SYN-027-018"
"SYN-027","C1","FIXED",6,2024-03-01,2024-08-21,"USA","SYN-027-019"
"SYN-027","C1","FIXED",6,2024-03-01,2024-08-21,"USA","SYN-027-020"
"SYN-027","C1","FIXED",6,2024-03-01,2024-08-21,"USA","SYN-027-021"
"SYN-027","C1","FIXED",6,2024-03-01,2024-08-21,"USA","SYN-027-022"
"SYN-027","C1","FIXED",7,2024-03-01,2024-08-21,"USA","SYN-027-023"
"SYN-027","C1","FIXED",6,2024-03-01,2024-08-21,"USA","SYN-027-024"
"SYN-027","C1","FIXED",6,2024-03-01,2024-08-21,"USA","SYN-027-025"
"SYN-027","C1","FIXED",6,2024-03-01,2024-08-21,"USA","SYN-027-026"
"SYN-027","C1","FIXED",6,2024-03-01,2024-08-21,"USA","SYN-027-027"
"SYN-027","C1","FIXED",6,2024-03-01,2024-08-21,"USA","SYN-027-028"
"SYN-027","C1","FIXED",6,2024-03-01,2024-08-21,"USA","SYN-027-029"
"SYN-027","C1","FIXED",6,2024-03-01,2024-08-21,"USA","SYN-027-030"
"SYN-027","C1","FIXED",7,2024-03-01,2024-08-21,"USA","SYN-027-031"
"SYN-027","C1","FIXED",6,2024-03-01,2024-08-21,"USA","SYN-027-032"
"SYN-027","C1","FIXED",6,2024-03-01,2024-08-21,"USA","SYN-027-033"
"SYN-027","C1","FIXED",6,2024-03-01,2024-08-21,"USA","SYN-027-034"
"SYN-027","C1","FIXED",6,2024-03-01,2024-08-21,"USA","SYN-027-035"
"SYN-027","C1","FIXED",6,2024-03-01,2024-08-21,"USA","SYN-027-036"
"SYN-027","C1","FIXED",6,2024-03-01,2024-08-21,"USA","SYN-027-037"
"SYN-027","C1","FIXED",6,2024-03-01,2024-08-21,"USA","SYN-027-038"
"SYN-027","C1","FIXED",6,2024-03-01,2024-08-21,"USA","SYN-027-039"
"SYN-027","C1","FIXED",7,2024-03-01,2024-08-21,"USA","SYN-027-040"
"SYN-027","C1","FIXED",6,2024-03-01,2024-08-21,"USA","SYN-027-041"
"SYN-027","C1","FIXED",6,2024-03-01,2024-08-21,"USA","SYN-027-042"
"SYN-027","C1","FIXED",6,2024-03-01,2024-08-21,"USA","SYN-027-043"
"SYN-027","C1","FIXED",6,2024-03-01,2024-08-21,"USA","SYN-027-044"
"SYN-027","C1","FIXED",6,2024-03-01,2024-08-21,"USA","SYN-027-045"
"SYN-027","C1","FIXED",6,2024-03-01,2024-08-21,"USA","SYN-027-046"
"SYN-027","C1","FIXED",6,2024-03-01,2024-08-21,"USA","SYN-027-047"
"SYN-027","C1","FIXED",6,2024-03-01,2024-08-21,"USA","SYN-027-048"
"SYN-027","C1","FIXED",7,2024-03-01,2024-08-21,"USA","SYN-027-049"
"SYN-027","C1","FIXED",6,2024-03-01,2024-08-21,"USA","SYN-027-050"
"SYN-027","C1","FIXED",6,2024-03-01,2024-08-21,"USA","SYN-027-051"
"SYN-027","C1","FIXED",6,2024-03-01,2024-08-21,"USA","SYN-027-052"
"SYN-027","C1","FIXED",6,2024-03-01,2024-08-21,"USA","SYN-027-053"
"SYN-028","C1","TITR",7,2024-10-10,2025-06-23,"USA","SYN-028-001"
"SYN-028","C1","TITR",7,2024-10-10,2025-06-23,"USA","SYN-028-002"
"SYN-028","C1","TITR",7,2024-10-10,2025-06-23,"USA","SYN-028-003"
"SYN-028","C1","TITR",8,2024-10-10,2025-06-23,"USA","SYN-028-004"
"SYN-028","C1","TITR",7,2024-10-10,2025-06-23,"USA","SYN-028-005"
"SYN-028","C1","TITR",7,2024-10-10,2025-06-23,"USA","SYN-028-006"
"SYN-028","C1","TITR",7,2024-10-10,2025-06-23,"USA","SYN-028-007"
"SYN-028","C1","TITR",7,2024-10-10,2025-06-23,"USA","SYN-028-008"
"SYN-028","C1","TITR",7,2024-10-10,2025-06-23,"USA","SYN-028-009"
"SYN-028","C1","TITR",7,2024-10-10,2025-06-23,"USA","SYN-028-010"
"SYN-028","C1","TITR",8,2024-10-10,2025-06-23,"USA","SYN-028-011"
"SYN-028","C1","TITR",7,2024-10-10,2025-06-23,"USA","SYN-028-012"
"SYN-028","C1","TITR",7,2024-10-10,2025-06-23,"USA","SYN-028-013"
"SYN-028","C1","TITR",7,2024-10-10,2025-06-23,"USA","SYN-028-014"
"SYN-029","C1","FIXED",6,2023-11-24,2024-05-01,"USA","SYN-029-001"
"SYN-029","C1","FIXED",6,2023-11-24,2024-05-01,"USA","SYN-029-002"
"SYN-029","C1","FIXED",5,2023-11-24,2024-05-01,"USA","SYN-029-003"
"SYN-029","C1","FIXED",6,2023-11-24,2024-05-01,"USA","SYN-029-004"
"SYN-029","C1","FIXED",6,2023-11-24,2024-05-01,"USA","SYN-029-005"
"SYN-029","C1","FIXED",6,2023-11-24,2024-05-01,"USA","SYN-029-006"
"SYN-029","C1","FIXED",6,2023-11-24,2024-05-01,"USA","SYN-029-007"
"SYN-029","C1","FIXED",6,2023-11-24,2024-05-01,"USA","SYN-029-008"
"SYN-029","C1","FIXED",5,2023-11-24,2024-05-01,"USA","SYN-029-009"
"SYN-029","C1","FIXED",6,2023-11-24,2024-05-01,"USA","SYN-029-010"
"SYN-029","C1","FIXED",6,2023-11-24,2024-05-01,"USA","SYN-029-011"
"SYN-029","C1","FIXED",6,2023-11-24,2024-05-01,"USA","SYN-029-012"
"SYN-029","C1","FIXED",6,2023-11-24,2024-05-01,"USA","SYN-029-013"
"SYN-029","C1","FIXED",6,2023-11-24,2024-05-01,"USA","SYN-029-014"
"SYN-029","C1","FIXED",5,2023-11-24,2024-05-01,"USA","SYN-029-015"
"SYN-029","C1","FIXED",6,2023-11-24,2024-05-01,"USA","SYN-029-016"
"SYN-029","C1","FIXED",6,2023-11-24,2024-05-01,"USA","SYN-029-017"
"SYN-029","C1","FIXED",6,2023-11-24,2024-05-01,"USA","SYN-029-018"
"SYN-029","C1","FIXED",6,2023-11-24,2024-05-01,"USA","SYN-029-019"
"SYN-029","C1","FIXED",6,2023-11-24,2024-05-01,"USA","SYN-029-020"
"SYN-029","C1","FIXED",5,2023-11-24,2024-05-01,"USA","SYN-029-021"
"SYN-029","C1","FIXED",6,2023-11-24,2024-05-01,"USA","SYN-029-022"
"SYN-029","C1","FIXED",6,2023-11-24,2024-05-01,"USA","SYN-029-023"
"SYN-029","C1","FIXED",6,2023-11-24,2024-05-01,"USA","SYN-029-024"
"SYN-029","C1","FIXED",6,2023-11-24,2024-05-01,"USA","SYN-029-025"
"SYN-029","C1","FIXED",6,2023-11-24,2024-05-01,"USA","SYN-029-026"
"SYN-029","C1","FIXED",5,2023-11-24,2024-05-01,"USA","SYN-029-027"
"SYN-029","C1","FIXED",6,2023-11-24,2024-05-01,"USA","SYN-029-028"
"SYN-029","C1","FIXED",6,2023-11-24,2024-05-01,"USA","SYN-029-029"
"SYN-029","C1","FIXED",6,2023-11-24,2024-05-01,"USA","SYN-029-030"
"SYN-029","C1","FIXED",6,2023-11-24,2024-05-01,"USA","SYN-029-031"
"SYN-029","C1","FIXED",6,2023-11-24,2024-05-01,"USA","SYN-029-032"
"SYN-029","C1","FIXED",5,2023-11-24,2024-05-01,"USA","SYN-029-033"
"SYN-029","C1","FIXED",6,2023-11-24,2024-05-01,"USA","SYN-029-034"
"SYN-029","C1","FIXED",6,2023-11-24,2024-05-01,"USA","SYN-029-035"
"SYN-029","C1","FIXED",6,2023-11-24,2024-05-01,"USA","SYN-029-036"
"SYN-029","C1","FIXED",6,2023-11-24,2024-05-01,"USA","SYN-029-037"
"SYN-029","C1","FIXED",6,2023-11-24,2024-05-01,"USA","SYN-029-038"
"SYN-029","C1","FIXED",5,2023-11-24,2024-05-01,"USA","SYN-029-039"
"SYN-029","C1","FIXED",6,2023-11-24,2024-05-01,"USA","SYN-029-040"
"SYN-029","C1","FIXED",6,2023-11-24,2024-05-01,"USA","SYN-029-041"
"SYN-029","C1","FIXED",6,2023-11-24,2024-05-01,"USA","SYN-029-042"
"SYN-029","C1","FIXED",6,2023-11-24,2024-05-01,"USA","SYN-029-043"
"SYN-029","C1","FIXED",6,2023-11-24,2024-05-01,"USA","SYN-029-044"
"SYN-029","C1","FIXED",5,2023-11-24,2024-05-01,"USA","SYN-029-045"
"SYN-029","C1","FIXED",6,2023-11-24,2024-05-01,"USA","SYN-029-046"
"SYN-029","C1","FIXED",6,2023-11-24,2024-05-01,"USA","SYN-029-047"
"SYN-029","C1","FIXED",6,2023-11-24,2024-05-01,"USA","SYN-029-048"
"SYN-029","C1","FIXED",6,2023-11-24,2024-05-01,"USA","SYN-029-049"
"SYN-029","C1","FIXED",6,2023-11-24,2024-05-01,"USA","SYN-029-050"
"SYN-029","C1","FIXED",5,2023-11-24,2024-05-01,"USA","SYN-029-051"
"SYN-029","C1","FIXED",6,2023-11-24,2024-05-01,"USA","SYN-029-052"
"SYN-029","C1","FIXED",6,2023-11-24,2024-05-01,"USA","SYN-029-053"
"SYN-029","C1","FIXED",6,2023-11-24,2024-05-01,"USA","SYN-029-054"
"SYN-029","C1","FIXED",6,2023-11-24,2024-05-01,"USA","SYN-029-055"
"SYN-029","C1","FIXED",6,2023-11-24,2024-05-01,"USA","SYN-029-056"
"SYN-029","C1","FIXED",5,2023-11-24,2024-05-01,"USA","SYN-029-057"
"SYN-029","C1","FIXED",6,2023-11-24,2024-05-01,"USA","SYN-029-058"
"SYN-029","C1","FIXED",6,2023-11-24,2024-05-01,"USA","SYN-029-059"
"SYN-029","C1","FIXED",6,2023-11-24,2024-05-01,"USA","SYN-029-060"
"SYN-029","C1","FIXED",6,2023-11-24,2024-05-01,"USA","SYN-029-061"
"SYN-029","C1","FIXED",6,2023-11-24,2024-05-01,"USA","SYN-029-062"
"SYN-029","C1","FIXED",5,2023-11-24,2024-05-01,"USA","SYN-029-063"
"SYN-029","C1","FIXED",6,2023-11-24,2024-05-01,"USA","SYN-029-064"
"SYN-029","C1","FIXED",6,2023-11-24,2024-05-01,"USA","SYN-029-065"
"SYN-029","C1","FIXED",6,2023-11-24,2024-05-01,"USA","SYN-029-066"
"SYN-029","C1","FIXED",6,2023-11-24,2024-05-01,"USA","SYN-029-067"
"SYN-029","C1","FIXED",6,2023-11-24,2024-05-01,"USA","SYN-029-068"
"SYN-029","C1","FIXED",5,2023-11-24,2024-05-01,"USA","SYN-029-069"
"SYN-029","C1","FIXED",6,2023-11-24,2024-05-01,"USA","SYN-029-070"
"SYN-029","C1","FIXED",6,2023-11-24,2024-05-01,"USA","SYN-029-071"
"SYN-030","C1","TITR",6,2024-07-21,2025-02-25,"USA","SYN-030-001"
"SYN-030","C1","TITR",5,2024-07-21,2025-02-25,"USA","SYN-030-002"
"SYN-030","C1","TITR",6,2024-07-21,2025-02-25,"USA","SYN-030-003"
"SYN-030","C1","TITR",6,2024-07-21,2025-02-25,"USA","SYN-030-004"
"SYN-030","C1","TITR",6,2024-07-21,2025-02-25,"USA","SYN-030-005"
"SYN-030","C1","TITR",5,2024-07-21,2025-02-25,"USA","SYN-030-006"
"SYN-030","C1","TITR",6,2024-07-21,2025-02-25,"USA","SYN-030-007"
"SYN-030","C1","TITR",6,2024-07-21,2025-02-25,"USA","SYN-030-008"
"SYN-030","C1","TITR",6,2024-07-21,2025-02-25,"USA","SYN-030-009"
"SYN-030","C1","TITR",5,2024-07-21,2025-02-25,"USA","SYN-030-010"
"SYN-030","C1","TITR",6,2024-07-21,2025-02-25,"USA","SYN-030-011"
"SYN-030","C1","TITR",6,2024-07-21,2025-02-25,"USA","SYN-030-012"
"SYN-030","C1","TITR",5,2024-07-21,2025-02-25,"USA","SYN-030-013"
"SYN-030","C1","TITR",6,2024-07-21,2025-02-25,"USA","SYN-030-014"
"SYN-030","C1","TITR",6,2024-07-21,2025-02-25,"USA","SYN-030-015"
"SYN-030","C1","TITR",6,2024-07-21,2025-02-25,"USA","SYN-030-016"
"SYN-030","C1","TITR",5,2024-07-21,2025-02-25,"USA","SYN-030-017"
"SYN-030","C1","TITR",6,2024-07-21,2025-02-25,"USA","SYN-030-018"
"SYN-030","C1","TITR",6,2024-07-21,2025-02-25,"USA","SYN-030-019"
"SYN-030","C1","TITR",5,2024-07-21,2025-02-25,"USA","SYN-030-020"
"SYN-030","C1","TITR",6,2024-07-21,2025-02-25,"USA","SYN-030-021"
"SYN-030","C1","TITR",6,2024-07-21,2025-02-25,"USA","SYN-030-022"
"SYN-030","C1","TITR",6,2024-07-21,2025-02-25,"USA","SYN-030-023"
"SYN-030","C1","TITR",5,2024-07-21,2025-02-25,"USA","SYN-030-024"
"SYN-030","C1","TITR",6,2024-07-21,2025-02-25,"USA","SYN-030-025"
"SYN-030","C1","TITR",6,2024-07-21,2025-02-25,"USA","SYN-030-026"
"SYN-030","C1","TITR",5,2024-07-21,2025-02-25,"USA","SYN-030-027"
"SYN-030","C1","TITR",6,2024-07-21,2025-02-25,"USA","SYN-030-028"
"SYN-030","C1","TITR",6,2024-07-21,2025-02-25,"USA","SYN-030-029"
"SYN-030","C1","TITR",6,2024-07-21,2025-02-25,"USA","SYN-030-030"
"SYN-030","C1","TITR",5,2024-07-21,2025-02-25,"USA","SYN-030-031"
"SYN-030","C1","TITR",6,2024-07-21,2025-02-25,"USA","SYN-030-032"
"SYN-030","C1","TITR",6,2024-07-21,2025-02-25,"USA","SYN-030-033"
"SYN-030","C1","TITR",6,2024-07-21,2025-02-25,"USA","SYN-030-034"
"SYN-030","C1","TITR",5,2024-07-21,2025-02-25,"USA","SYN-030-035"
"SYN-030","C1","TITR",6,2024-07-21,2025-02-25,"USA","SYN-030-036"
"SYN-031","C1","TITR",8,2024-05-28,2025-02-08,"USA","SYN-031-001"
"SYN-031","C1","TITR",8,2024-05-28,2025-02-08,"USA","SYN-031-002"
"SYN-031","C1","TITR",8,2024-05-28,2025-02-08,"USA","SYN-031-003"
"SYN-031","C1","TITR",8,2024-05-28,2025-02-08,"USA","SYN-031-004"
"SYN-031","C1","TITR",8,2024-05-28,2025-02-08,"USA","SYN-031-005"
"SYN-031","C1","TITR",8,2024-05-28,2025-02-08,"USA","SYN-031-006"
"SYN-031","C1","TITR",8,2024-05-28,2025-02-08,"USA","SYN-031-007"
"SYN-031","C1","TITR",8,2024-05-28,2025-02-08,"USA","SYN-031-008"
"SYN-031","C1","TITR",8,2024-05-28,2025-02-08,"USA","SYN-031-009"
"SYN-031","C1","TITR",9,2024-05-28,2025-02-08,"USA","SYN-031-010"
"SYN-031","C1","TITR",8,2024-05-28,2025-02-08,"USA","SYN-031-011"
"SYN-031","C1","TITR",8,2024-05-28,2025-02-08,"USA","SYN-031-012"
"SYN-031","C1","TITR",8,2024-05-28,2025-02-08,"USA","SYN-031-013"
"SYN-031","C1","TITR",8,2024-05-28,2025-02-08,"USA","SYN-031-014"
"SYN-031","C1","TITR",8,2024-05-28,2025-02-08,"USA","SYN-031-015"
"SYN-031","C1","TITR",8,2024-05-28,2025-02-08,"USA","SYN-031-016"
"SYN-031","C1","TITR",8,2024-05-28,2025-02-08,"USA","SYN-031-017"
"SYN-031","C1","TITR",8,2024-05-28,2025-02-08,"USA","SYN-031-018"
"SYN-032","C1","FIXED",9,2024-07-13,2025-03-24,"USA","SYN-032-001"
"SYN-032","C1","FIXED",9,2024-07-13,2025-03-24,"USA","SYN-032-002"
"SYN-032","C1","FIXED",9,2024-07-13,2025-03-24,"USA","SYN-032-003"
"SYN-032","C1","FIXED",9,2024-07-13,2025-03-24,"USA","SYN-032-004"
"SYN-032","C1","FIXED",9,2024-07-13,2025-03-24,"USA","SYN-032-005"
"SYN-032","C1","FIXED",9,2024-07-13,2025-03-24,"USA","SYN-032-006"
"SYN-032","C1","FIXED",8,2024-07-13,2025-03-24,"USA","SYN-032-007"
"SYN-032","C1","FIXED",9,2024-07-13,2025-03-24,"USA","SYN-032-008"
"SYN-032","C1","FIXED",9,2024-07-13,2025-03-24,"USA","SYN-032-009"
"SYN-032","C1","FIXED",9,2024-07-13,2025-03-24,"USA","SYN-032-010"
"SYN-032","C1","FIXED",9,2024-07-13,2025-03-24,"USA","SYN-032-011"
"SYN-032","C1","FIXED",9,2024-07-13,2025-03-24,"USA","SYN-032-012"
"SYN-032","C1","FIXED",9,2024-07-13,2025-03-24,"USA","SYN-032-013"
"SYN-032","C1","FIXED",9,2024-07-13,2025-03-24,"USA","SYN-032-014"
"SYN-032","C1","FIXED",9,2024-07-13,2025-03-24,"USA","SYN-032-015"
"SYN-032","C1","FIXED",9,2024-07-13,2025-03-24,"USA","SYN-032-016"
"SYN-032","C1","FIXED",9,2024-07-13,2025-03-24,"USA","SYN-032-017"
"SYN-032","C1","FIXED",9,2024-07-13,2025-03-24,"USA","SYN-032-018"
"SYN-032","C1","FIXED",9,2024-07-13,2025-03-24,"USA","SYN-032-019"
"SYN-032","C1","FIXED",8,2024-07-13,2025-03-24,"USA","SYN-032-020"
"SYN-032","C1","FIXED",9,2024-07-13,2025-03-24,"USA","SYN-032-021"
"SYN-032","C1","FIXED",9,2024-07-13,2025-03-24,"USA","SYN-032-022"
"SYN-032","C1","FIXED",9,2024-07-13,2025-03-24,"USA","SYN-032-023"
"SYN-032","C1","FIXED",9,2024-07-13,2025-03-24,"USA","SYN-032-024"
"SYN-032","C1","FIXED",9,2024-07-13,2025-03-24,"USA","SYN-032-025"
"SYN-032","C1","FIXED",9,2024-07-13,2025-03-24,"USA","SYN-032-026"
"SYN-033","C1","FIXED",127,2024-12-17,2025-06-02,"USA","SYN-033-001"
"SYN-033","C1","FIXED",127,2024-12-17,2025-06-02,"USA","SYN-033-002"
"SYN-033","C1","FIXED",127,2024-12-17,2025-06-02,"USA","SYN-033-003"
"SYN-033","C1","FIXED",127,2024-12-17,2025-06-02,"USA","SYN-033-004"
"SYN-033","C1","FIXED",127,2024-12-17,2025-06-02,"USA","SYN-033-005"
"SYN-033","C1","FIXED",127,2024-12-17,2025-06-02,"USA","SYN-033-006"
"SYN-033","C1","FIXED",126,2024-12-17,2025-06-02,"USA","SYN-033-007"
"SYN-033","C1","FIXED",127,2024-12-17,2025-06-02,"USA","SYN-033-008"
"SYN-033","C1","FIXED",127,2024-12-17,2025-06-02,"USA","SYN-033-009"
"SYN-033","C1","FIXED",127,2024-12-17,2025-06-02,"USA","SYN-033-010"
"SYN-033","C1","FIXED",127,2024-12-17,2025-06-02,"USA","SYN-033-011"
"SYN-033","C1","FIXED",127,2024-12-17,2025-06-02,"USA","SYN-033-012"
"SYN-033","C1","FIXED",127,2024-12-17,2025-06-02,"USA","SYN-033-013"
"SYN-033","C1","FIXED",127,2024-12-17,2025-06-02,"USA","SYN-033-014"
"SYN-033","C1","FIXED",127,2024-12-17,2025-06-02,"USA","SYN-033-015"
"SYN-033","C1","FIXED",127,2024-12-17,2025-06-02,"USA","SYN-033-016"
"SYN-033","C1","FIXED",127,2024-12-17,2025-06-02,"USA","SYN-033-017"
"SYN-033","C1","FIXED",127,2024-12-17,2025-06-02,"USA","SYN-033-018"
"SYN-033","C1","FIXED",127,2024-12-17,2025-06-02,"USA","SYN-033-019"
"SYN-033","C1","FIXED",126,2024-12-17,2025-06-02,"USA","SYN-033-020"
"SYN-033","C1","FIXED",127,2024-12-17,2025-06-02,"USA","SYN-033-021"
"SYN-033","C1","FIXED",127,2024-12-17,2025-06-02,"USA","SYN-033-022"
"SYN-033","C1","FIXED",127,2024-12-17,2025-06-02,"USA","SYN-033-023"
"SYN-033","C1","FIXED",127,2024-12-17,2025-06-02,"USA","SYN-033-024"
"SYN-033","C1","FIXED",127,2024-12-17,2025-06-02,"USA","SYN-033-025"
"SYN-033","C1","FIXED",127,2024-12-17,2025-06-02,"USA","SYN-033-026"
"SYN-033","C1","FIXED",127,2024-12-17,2025-06-02,"USA","SYN-033-027"
"SYN-033","C1","FIXED",127,2024-12-17,2025-06-02,"USA","SYN-033-028"
"SYN-033","C1","FIXED",127,2024-12-17,2025-06-02,"USA","SYN-033-029"
"SYN-033","C1","FIXED",127,2024-12-17,2025-06-02,"USA","SYN-033-030"
"SYN-033","C1","FIXED",127,2024-12-17,2025-06-02,"USA","SYN-033-031"
"SYN-033","C1","FIXED",127,2024-12-17,2025-06-02,"USA","SYN-033-032"
"SYN-033","C1","FIXED",127,2024-12-17,2025-06-02,"USA","SYN-033-033"
"SYN-033","C1","FIXED",126,2024-12-17,2025-06-02,"USA","SYN-033-034"
"SYN-033","C1","FIXED",127,2024-12-17,2025-06-02,"USA","SYN-033-035"
"SYN-033","C1","FIXED",127,2024-12-17,2025-06-02,"USA","SYN-033-036"
"SYN-033","C1","FIXED",127,2024-12-17,2025-06-02,"USA","SYN-033-037"
"SYN-033","C1","FIXED",127,2024-12-17,2025-06-02,"USA","SYN-033-038"
"SYN-033","C1","FIXED",127,2024-12-17,2025-06-02,"USA","SYN-033-039"
"SYN-033","C1","FIXED",127,2024-12-17,2025-06-02,"USA","SYN-033-040"
"SYN-033","C1","FIXED",127,2024-12-17,2025-06-02,"USA","SYN-033-041"
"SYN-033","C1","FIXED",127,2024-12-17,2025-06-02,"USA","SYN-033-042"
"SYN-033","C1","FIXED",127,2024-12-17,2025-06-02,"USA","SYN-033-043"
"SYN-033","C1","FIXED",127,2024-12-17,2025-06-02,"USA","SYN-033-044"
"SYN-033","C1","FIXED",127,2024-12-17,2025-06-02,"USA","SYN-033-045"
"SYN-033","C1","FIXED",127,2024-12-17,2025-06-02,"USA","SYN-033-046"
"SYN-033","C1","FIXED",126,2024-12-17,2025-06-02,"USA","SYN-033-047"
"SYN-033","C1","FIXED",127,2024-12-17,2025-06-02,"USA","SYN-033-048"
"SYN-033","C1","FIXED",127,2024-12-17,2025-06-02,"USA","SYN-033-049"
"SYN-033","C1","FIXED",127,2024-12-17,2025-06-02,"USA","SYN-033-050"
"SYN-033","C1","FIXED",127,2024-12-17,2025-06-02,"USA","SYN-033-051"
"SYN-033","C1","FIXED",127,2024-12-17,2025-06-02,"USA","SYN-033-052"
"SYN-033","C1","FIXED",127,2024-12-17,2025-06-02,"USA","SYN-033-053"
"SYN-033","C1","FIXED",127,2024-12-17,2025-06-02,"USA","SYN-033-054"
"SYN-033","C1","FIXED",127,2024-12-17,2025-06-02,"USA","SYN-033-055"
"SYN-033","C1","FIXED",127,2024-12-17,2025-06-02,"USA","SYN-033-056"
"SYN-033","C1","FIXED",127,2024-12-17,2025-06-02,"USA","SYN-033-057"
"SYN-033","C1","FIXED",127,2024-12-17,2025-06-02,"USA","SYN-033-058"
"SYN-033","C1","FIXED",127,2024-12-17,2025-06-02,"USA","SYN-033-059"
"SYN-033","C1","FIXED",127,2024-12-17,2025-06-02,"USA","SYN-033-060"
"SYN-033","C1","FIXED",126,2024-12-17,2025-06-02,"USA","SYN-033-061"
"SYN-033","C1","FIXED",127,2024-12-17,2025-06-02,"USA","SYN-033-062"
"SYN-033","C1","FIXED",127,2024-12-17,2025-06-02,"USA","SYN-033-063"
"SYN-033","C1","FIXED",127,2024-12-17,2025-06-02,"USA","SYN-033-064"
"SYN-033","C1","FIXED",127,2024-12-17,2025-06-02,"USA","SYN-033-065"
"SYN-033","C1","FIXED",127,2024-12-17,2025-06-02,"USA","SYN-033-066"
"SYN-033","C1","FIXED",127,2024-12-17,2025-06-02,"USA","SYN-033-067"
"SYN-033","C1","FIXED",127,2024-12-17,2025-06-02,"USA","SYN-033-068"
"SYN-033","C1","FIXED",127,2024-12-17,2025-06-02,"USA","SYN-033-069"
"SYN-033","C1","FIXED",127,2024-12-17,2025-06-02,"USA","SYN-033-070"
"SYN-033","C1","FIXED",127,2024-12-17,2025-06-02,"USA","SYN-033-071"
"SYN-033","C1","FIXED",127,2024-12-17,2025-06-02,"USA","SYN-033-072"
"SYN-033","C1","FIXED",127,2024-12-17,2025-06-02,"USA","SYN-033-073"
"SYN-033","C1","FIXED",126,2024-12-17,2025-06-02,"USA","SYN-033-074"
"SYN-033","C1","FIXED",127,2024-12-17,2025-06-02,"USA","SYN-033-075"
"SYN-033","C1","FIXED",127,2024-12-17,2025-06-02,"USA","SYN-033-076"
"SYN-033","C1","FIXED",127,2024-12-17,2025-06-02,"USA","SYN-033-077"
"SYN-033","C1","FIXED",127,2024-12-17,2025-06-02,"USA","SYN-033-078"
"SYN-033","C1","FIXED",127,2024-12-17,2025-06-02,"USA","SYN-033-079"
"SYN-033","C1","FIXED",127,2024-12-17,2025-06-02,"USA","SYN-033-080"
"SYN-034","C1","TITR",5,2024-03-10,2024-05-25,"USA","SYN-034-001"
"SYN-034","C1","TITR",6,2024-03-10,2024-05-25,"USA","SYN-034-002"
"SYN-034","C1","TITR",5,2024-03-10,2024-05-25,"USA","SYN-034-003"
"SYN-034","C1","TITR",5,2024-03-10,2024-05-25,"USA","SYN-034-004"
"SYN-034","C1","TITR",6,2024-03-10,2024-05-25,"USA","SYN-034-005"
"SYN-034","C1","TITR",5,2024-03-10,2024-05-25,"USA","SYN-034-006"
"SYN-034","C1","TITR",5,2024-03-10,2024-05-25,"USA","SYN-034-007"
"SYN-034","C1","TITR",6,2024-03-10,2024-05-25,"USA","SYN-034-008"
"SYN-034","C1","TITR",5,2024-03-10,2024-05-25,"USA","SYN-034-009"
"SYN-034","C1","TITR",5,2024-03-10,2024-05-25,"USA","SYN-034-010"
"SYN-034","C1","TITR",6,2024-03-10,2024-05-25,"USA","SYN-034-011"
"SYN-034","C1","TITR",5,2024-03-10,2024-05-25,"USA","SYN-034-012"
"SYN-034","C1","TITR",5,2024-03-10,2024-05-25,"USA","SYN-034-013"
"SYN-034","C1","TITR",6,2024-03-10,2024-05-25,"USA","SYN-034-014"
"SYN-034","C1","TITR",5,2024-03-10,2024-05-25,"USA","SYN-034-015"
"SYN-035","C1","TITR",5,2024-04-11,2024-09-28,"USA","SYN-035-001"
"SYN-035","C1","TITR",4,2024-04-11,2024-09-28,"USA","SYN-035-002"
"SYN-035","C1","TITR",5,2024-04-11,2024-09-28,"USA","SYN-035-003"
"SYN-035","C1","TITR",4,2024-04-11,2024-09-28,"USA","SYN-035-004"
"SYN-035","C1","TITR",5,2024-04-11,2024-09-28,"USA","SYN-035-005"
"SYN-035","C1","TITR",5,2024-04-11,2024-09-28,"USA","SYN-035-006"
"SYN-035","C1","TITR",4,2024-04-11,2024-09-28,"USA","SYN-035-007"
"SYN-035","C1","TITR",5,2024-04-11,2024-09-28,"USA","SYN-035-008"
"SYN-035","C1","TITR",5,2024-04-11,2024-09-28,"USA","SYN-035-009"
"SYN-035","C1","TITR",4,2024-04-11,2024-09-28,"USA","SYN-035-010"
"SYN-035","C1","TITR",5,2024-04-11,2024-09-28,"USA","SYN-035-011"
"SYN-035","C1","TITR",4,2024-04-11,2024-09-28,"USA","SYN-035-012"
"SYN-035","C1","TITR",5,2024-04-11,2024-09-28,"USA","SYN-035-013"
"SYN-035","C1","TITR",5,2024-04-11,2024-09-28,"USA","SYN-035-014"
"SYN-035","C1","TITR",4,2024-04-11,2024-09-28,"USA","SYN-035-015"
"SYN-035","C1","TITR",5,2024-04-11,2024-09-28,"USA","SYN-035-016"
"SYN-035","C1","TITR",5,2024-04-11,2024-09-28,"USA","SYN-035-017"
"SYN-035","C1","TITR",4,2024-04-11,2024-09-28,"USA","SYN-035-018"
"SYN-035","C1","TITR",5,2024-04-11,2024-09-28,"USA","SYN-035-019"
"SYN-035","C1","TITR",4,2024-04-11,2024-09-28,"USA","SYN-035-020"
"SYN-035","C1","TITR",5,2024-04-11,2024-09-28,"USA","SYN-035-021"
"SYN-035","C1","TITR",5,2024-04-11,2024-09-28,"USA","SYN-035-022"
"SYN-035","C1","TITR",4,2024-04-11,2024-09-28,"USA","SYN-035-023"
"SYN-035","C1","TITR",5,2024-04-11,2024-09-28,"USA","SYN-035-024"
"SYN-035","C1","TITR",5,2024-04-11,2024-09-28,"USA","SYN-035-025"
"SYN-035","C1","TITR",4,2024-04-11,2024-09-28,"USA","SYN-035-026"
"SYN-035","C1","TITR",5,2024-04-11,2024-09-28,"USA","SYN-035-027"
"SYN-035","C1","TITR",4,2024-04-11,2024-09-28,"USA","SYN-035-028"
"SYN-035","C1","TITR",5,2024-04-11,2024-09-28,"USA","SYN-035-029"
"SYN-035","C1","TITR",5,2024-04-11,2024-09-28,"USA","SYN-035-030"
"SYN-035","C1","TITR",4,2024-04-11,2024-09-28,"USA","SYN-035-031"
"SYN-035","C1","TITR",5,2024-04-11,2024-09-28,"USA","SYN-035-032"
"SYN-035","C1","TITR",5,2024-04-11,2024-09-28,"USA","SYN-035-033"
"SYN-035","C1","TITR",4,2024-04-11,2024-09-28,"USA","SYN-035-034"
"SYN-035","C1","TITR",5,2024-04-11,2024-09-28,"USA","SYN-035-035"
"SYN-035","C1","TITR",4,2024-04-11,2024-09-28,"USA","SYN-035-036"
"SYN-035","C1","TITR",5,2024-04-11,2024-09-28,"USA","SYN-035-037"
"SYN-035","C1","TITR",5,2024-04-11,2024-09-28,"USA","SYN-035-038"
"SYN-035","C1","TITR",4,2024-04-11,2024-09-28,"USA","SYN-035-039"
"SYN-035","C1","TITR",5,2024-04-11,2024-09-28,"USA","SYN-035-040"
"SYN-035","C1","TITR",5,2024-04-11,2024-09-28,"USA","SYN-035-041"
"SYN-035","C1","TITR",4,2024-04-11,2024-09-28,"USA","SYN-035-042"
"SYN-035","C1","TITR",5,2024-04-11,2024-09-28,"USA","SYN-035-043"
"SYN-035","C1","TITR",4,2024-04-11,2024-09-28,"USA","SYN-035-044"
"SYN-035","C1","TITR",5,2024-04-11,2024-09-28,"USA","SYN-035-045"
"SYN-036","C1","TITR",4,2024-05-01,2024-09-15,"USA","SYN-036-001"
"SYN-036","C1","TITR",5,2024-05-01,2024-09-15,"USA","SYN-036-002"
"SYN-036","C1","TITR",4,2024-05-01,2024-09-15,"USA","SYN-036-003"
"SYN-036","C1","TITR",4,2024-05-01,2024-09-15,"USA","SYN-036-004"
"SYN-036","C1","TITR",5,2024-05-01,2024-09-15,"USA","SYN-036-005"
"SYN-036","C1","TITR",4,2024-05-01,2024-09-15,"USA","SYN-036-006"
"SYN-036","C1","TITR",5,2024-05-01,2024-09-15,"USA","SYN-036-007"
"SYN-036","C1","TITR",4,2024-05-01,2024-09-15,"USA","SYN-036-008"
"SYN-036","C1","TITR",4,2024-05-01,2024-09-15,"USA","SYN-036-009"
"SYN-036","C1","TITR",5,2024-05-01,2024-09-15,"USA","SYN-036-010"
"SYN-036","C1","TITR",4,2024-05-01,2024-09-15,"USA","SYN-036-011"
"SYN-037","C1","FIXED",7,2024-07-21,2025-01-25,"USA","SYN-037-001"
"SYN-037","C1","FIXED",6,2024-07-21,2025-01-25,"USA","SYN-037-002"
"SYN-037","C1","FIXED",7,2024-07-21,2025-01-25,"USA","SYN-037-003"
"SYN-037","C1","FIXED",6,2024-07-21,2025-01-25,"USA","SYN-037-004"
"SYN-037","C1","FIXED",7,2024-07-21,2025-01-25,"USA","SYN-037-005"
"SYN-037","C1","FIXED",6,2024-07-21,2025-01-25,"USA","SYN-037-006"
"SYN-037","C1","FIXED",7,2024-07-21,2025-01-25,"USA","SYN-037-007"
"SYN-037","C1","FIXED",6,2024-07-21,2025-01-25,"USA","SYN-037-008"
"SYN-037","C1","FIXED",7,2024-07-21,2025-01-25,"USA","SYN-037-009"
"SYN-037","C1","FIXED",6,2024-07-21,2025-01-25,"USA","SYN-037-010"
"SYN-037","C1","FIXED",7,2024-07-21,2025-01-25,"USA","SYN-037-011"
"SYN-037","C1","FIXED",7,2024-07-21,2025-01-25,"USA","SYN-037-012"
"SYN-037","C1","FIXED",6,2024-07-21,2025-01-25,"USA","SYN-037-013"
"SYN-037","C1","FIXED",7,2024-07-21,2025-01-25,"USA","SYN-037-014"
"SYN-037","C1","FIXED",6,2024-07-21,2025-01-25,"USA","SYN-037-015"
"SYN-037","C1","FIXED",7,2024-07-21,2025-01-25,"USA","SYN-037-016"
"SYN-037","C1","FIXED",6,2024-07-21,2025-01-25,"USA","SYN-037-017"
"SYN-037","C1","FIXED",7,2024-07-21,2025-01-25,"USA","SYN-037-018"
"SYN-037","C1","FIXED",6,2024-07-21,2025-01-25,"USA","SYN-037-019"
"SYN-037","C1","FIXED",7,2024-07-21,2025-01-25,"USA","SYN-037-020"
"SYN-037","C1","FIXED",6,2024-07-21,2025-01-25,"USA","SYN-037-021"
"SYN-037","C1","FIXED",7,2024-07-21,2025-01-25,"USA","SYN-037-022"
"SYN-037","C1","FIXED",7,2024-07-21,2025-01-25,"USA","SYN-037-023"
"SYN-037","C1","FIXED",6,2024-07-21,2025-01-25,"USA","SYN-037-024"
"SYN-037","C1","FIXED",7,2024-07-21,2025-01-25,"USA","SYN-037-025"
"SYN-037","C1","FIXED",6,2024-07-21,2025-01-25,"USA","SYN-037-026"
"SYN-037","C1","FIXED",7,2024-07-21,2025-01-25,"USA","SYN-037-027"
"SYN-037","C1","FIXED",6,2024-07-21,2025-01-25,"USA","SYN-037-028"
"SYN-037","C1","FIXED",7,2024-07-21,2025-01-25,"USA","SYN-037-029"
"SYN-037","C1","FIXED",6,2024-07-21,2025-01-25,"USA","SYN-037-030"
"SYN-037","C1","FIXED",7,2024-07-21,2025-01-25,"USA","SYN-037-031"
"SYN-037","C1","FIXED",6,2024-07-21,2025-01-25,"USA","SYN-037-032"
"SYN-037","C1","FIXED",7,2024-07-21,2025-01-25,"USA","SYN-037-033"
"SYN-038","C1","TITR",11,2023-06-07,2024-07-27,"USA","SYN-038-001"
"SYN-038","C1","TITR",11,2023-06-07,2024-07-27,"USA","SYN-038-002"
"SYN-038","C1","TITR",11,2023-06-07,2024-07-27,"USA","SYN-038-003"
"SYN-038","C1","TITR",11,2023-06-07,2024-07-27,"USA","SYN-038-004"
"SYN-038","C1","TITR",11,2023-06-07,2024-07-27,"USA","SYN-038-005"
"SYN-038","C1","TITR",11,2023-06-07,2024-07-27,"USA","SYN-038-006"
"SYN-038","C1","TITR",11,2023-06-07,2024-07-27,"USA","SYN-038-007"
"SYN-038","C1","TITR",10,2023-06-07,2024-07-27,"USA","SYN-038-008"
"SYN-038","C1","TITR",11,2023-06-07,2024-07-27,"USA","SYN-038-009"
"SYN-038","C1","TITR",11,2023-06-07,2024-07-27,"USA","SYN-038-010"
"SYN-038","C1","TITR",11,2023-06-07,2024-07-27,"USA","SYN-038-011"
"SYN-038","C1","TITR",11,2023-06-07,2024-07-27,"USA","SYN-038-012"
"SYN-038","C1","TITR",11,2023-06-07,2024-07-27,"USA","SYN-038-013"
"SYN-038","C1","TITR",11,2023-06-07,2024-07-27,"USA","SYN-038-014"
"SYN-038","C1","TITR",11,2023-06-07,2024-07-27,"USA","SYN-038-015"
"SYN-039","C1","FIXED",8,2024-03-20,2024-07-30,"USA","SYN-039-001"
"SYN-039","C1","FIXED",9,2024-03-20,2024-07-30,"USA","SYN-039-002"
"SYN-039","C1","FIXED",8,2024-03-20,2024-07-30,"USA","SYN-039-003"
"SYN-039","C1","FIXED",8,2024-03-20,2024-07-30,"USA","SYN-039-004"
"SYN-039","C1","FIXED",9,2024-03-20,2024-07-30,"USA","SYN-039-005"
"SYN-039","C1","FIXED",8,2024-03-20,2024-07-30,"USA","SYN-039-006"
"SYN-039","C1","FIXED",8,2024-03-20,2024-07-30,"USA","SYN-039-007"
"SYN-039","C1","FIXED",9,2024-03-20,2024-07-30,"USA","SYN-039-008"
"SYN-039","C1","FIXED",8,2024-03-20,2024-07-30,"USA","SYN-039-009"
"SYN-039","C1","FIXED",8,2024-03-20,2024-07-30,"USA","SYN-039-010"
"SYN-039","C1","FIXED",9,2024-03-20,2024-07-30,"USA","SYN-039-011"
"SYN-039","C1","FIXED",8,2024-03-20,2024-07-30,"USA","SYN-039-012"
"SYN-039","C1","FIXED",8,2024-03-20,2024-07-30,"USA","SYN-039-013"
"SYN-039","C1","FIXED",9,2024-03-20,2024-07-30,"USA","SYN-039-014"
"SYN-039","C1","FIXED",8,2024-03-20,2024-07-30,"USA","SYN-039-015"
"SYN-039","C1","FIXED",8,2024-03-20,2024-07-30,"USA","SYN-039-016"
"SYN-039","C1","FIXED",9,2024-03-20,2024-07-30,"USA","SYN-039-017"
"SYN-039","C1","FIXED",8,2024-03-20,2024-07-30,"USA","SYN-039-018"
"SYN-039","C1","FIXED",8,2024-03-20,2024-07-30,"USA","SYN-039-019"
"SYN-039","C1","FIXED",9,2024-03-20,2024-07-30,"USA","SYN-039-020"
"SYN-039","C1","FIXED",8,2024-03-20,2024-07-30,"USA","SYN-039-021"
"SYN-039","C1","FIXED",8,2024-03-20,2024-07-30,"USA","SYN-039-022"
"SYN-039","C1","FIXED",9,2024-03-20,2024-07-30,"USA","SYN-039-023"
"SYN-039","C1","FIXED",8,2024-03-20,2024-07-30,"USA","SYN-039-024"
"SYN-039","C1","FIXED",8,2024-03-20,2024-07-30,"USA","SYN-039-025"
"SYN-039","C1","FIXED",9,2024-03-20,2024-07-30,"USA","SYN-039-026"
"SYN-039","C1","FIXED",8,2024-03-20,2024-07-30,"USA","SYN-039-027"
"SYN-039","C1","FIXED",8,2024-03-20,2024-07-30,"USA","SYN-039-028"
"SYN-039","C1","FIXED",9,2024-03-20,2024-07-30,"USA","SYN-039-029"
"SYN-039","C1","FIXED",8,2024-03-20,2024-07-30,"USA","SYN-039-030"
"SYN-039","C1","FIXED",8,2024-03-20,2024-07-30,"USA","SYN-039-031"
"SYN-039","C1","FIXED",9,2024-03-20,2024-07-30,"USA","SYN-039-032"
"SYN-039","C1","FIXED",8,2024-03-20,2024-07-30,"USA","SYN-039-033"
"SYN-039","C1","FIXED",8,2024-03-20,2024-07-30,"USA","SYN-039-034"
"SYN-039","C1","FIXED",9,2024-03-20,2024-07-30,"USA","SYN-039-035"
"SYN-039","C1","FIXED",8,2024-03-20,2024-07-30,"USA","SYN-039-036"
"SYN-039","C1","FIXED",8,2024-03-20,2024-07-30,"USA","SYN-039-037"
"SYN-039","C1","FIXED",9,2024-03-20,2024-07-30,"USA","SYN-039-038"
"SYN-039","C1","FIXED",8,2024-03-20,2024-07-30,"USA","SYN-039-039"
"SYN-039","C1","FIXED",8,2024-03-20,2024-07-30,"USA","SYN-039-040"
"SYN-039","C1","FIXED",9,2024-03-20,2024-07-30,"USA","SYN-039-041"
"SYN-039","C1","FIXED",8,2024-03-20,2024-07-30,"USA","SYN-039-042"
"SYN-039","C1","FIXED",8,2024-03-20,2024-07-30,"USA","SYN-039-043"
"SYN-039","C1","FIXED",9,2024-03-20,2024-07-30,"USA","SYN-039-044"
"SYN-039","C1","FIXED",8,2024-03-20,2024-07-30,"USA","SYN-039-045"
"SYN-039","C1","FIXED",8,2024-03-20,2024-07-30,"USA","SYN-039-046"
"SYN-039","C1","FIXED",9,2024-03-20,2024-07-30,"USA","SYN-039-047"
"SYN-039","C1","FIXED",8,2024-03-20,2024-07-30,"USA","SYN-039-048"
"SYN-039","C1","FIXED",8,2024-03-20,2024-07-30,"USA","SYN-039-049"
"SYN-039","C1","FIXED",9,2024-03-20,2024-07-30,"USA","SYN-039-050"
"SYN-039","C1","FIXED",8,2024-03-20,2024-07-30,"USA","SYN-039-051"
"SYN-039","C1","FIXED",8,2024-03-20,2024-07-30,"USA","SYN-039-052"
"SYN-039","C1","FIXED",9,2024-03-20,2024-07-30,"USA","SYN-039-053"
"SYN-039","C1","FIXED",8,2024-03-20,2024-07-30,"USA","SYN-039-054"
"SYN-039","C1","FIXED",8,2024-03-20,2024-07-30,"USA","SYN-039-055"
"SYN-039","C1","FIXED",9,2024-03-20,2024-07-30,"USA","SYN-039-056"
"SYN-039","C1","FIXED",8,2024-03-20,2024-07-30,"USA","SYN-039-057"
"SYN-039","C1","FIXED",8,2024-03-20,2024-07-30,"USA","SYN-039-058"
"SYN-039","C1","FIXED",9,2024-03-20,2024-07-30,"USA","SYN-039-059"
"SYN-039","C1","FIXED",8,2024-03-20,2024-07-30,"USA","SYN-039-060"
"SYN-040","C1","FIXED",8,2024-10-09,2025-05-29,"USA","SYN-040-001"
"SYN-040","C1","FIXED",9,2024-10-09,2025-05-29,"USA","SYN-040-002"
"SYN-040","C1","FIXED",8,2024-10-09,2025-05-29,"USA","SYN-040-003"
"SYN-040","C1","FIXED",8,2024-10-09,2025-05-29,"USA","SYN-040-004"
"SYN-040","C1","FIXED",8,2024-10-09,2025-05-29,"USA","SYN-040-005"
"SYN-040","C1","FIXED",9,2024-10-09,2025-05-29,"USA","SYN-040-006"
"SYN-040","C1","FIXED",8,2024-10-09,2025-05-29,"USA","SYN-040-007"
"SYN-040","C1","FIXED",8,2024-10-09,2025-05-29,"USA","SYN-040-008"
"SYN-040","C1","FIXED",8,2024-10-09,2025-05-29,"USA","SYN-040-009"
"SYN-040","C1","FIXED",9,2024-10-09,2025-05-29,"USA","SYN-040-010"
"SYN-040","C1","FIXED",8,2024-10-09,2025-05-29,"USA","SYN-040-011"
"SYN-040","C1","FIXED",8,2024-10-09,2025-05-29,"USA","SYN-040-012"
"SYN-040","C1","FIXED",9,2024-10-09,2025-05-29,"USA","SYN-040-013"
"SYN-040","C1","FIXED",8,2024-10-09,2025-05-29,"USA","SYN-040-014"
"SYN-040","C1","FIXED",8,2024-10-09,2025-05-29,"USA","SYN-040-015"
"SYN-040","C1","FIXED",8,2024-10-09,2025-05-29,"USA","SYN-040-016"
"SYN-040","C1","FIXED",9,2024-10-09,2025-05-29,"USA","SYN-040-017"
"SYN-040","C1","FIXED",8,2024-10-09,2025-05-29,"USA","SYN-040-018"
"SYN-040","C1","FIXED",8,2024-10-09,2025-05-29,"USA","SYN-040-019"
"SYN-040","C1","FIXED",8,2024-10-09,2025-05-29,"USA","SYN-040-020"
"SYN-040","C1","FIXED",9,2024-10-09,2025-05-29,"USA","SYN-040-021"
"SYN-040","C1","FIXED",8,2024-10-09,2025-05-29,"USA","SYN-040-022"
"SYN-040","C1","FIXED",8,2024-10-09,2025-05-29,"USA","SYN-040-023"
"SYN-040","C1","FIXED",9,2024-10-09,2025-05-29,"USA","SYN-040-024"
"SYN-040","C1","FIXED",8,2024-10-09,2025-05-29,"USA","SYN-040-025"
"SYN-040","C1","FIXED",8,2024-10-09,2025-05-29,"USA","SYN-040-026"
"SYN-040","C1","FIXED",8,2024-10-09,2025-05-29,"USA","SYN-040-027"
"SYN-040","C1","FIXED",9,2024-10-09,2025-05-29,"USA","SYN-040-028"
"SYN-040","C1","FIXED",8,2024-10-09,2025-05-29,"USA","SYN-040-029"
"SYN-040","C1","FIXED",8,2024-10-09,2025-05-29,"USA","SYN-040-030"
"SYN-040","C1","FIXED",8,2024-10-09,2025-05-29,"USA","SYN-040-031"
"SYN-040","C1","FIXED",9,2024-10-09,2025-05-29,"USA","SYN-040-032"
"SYN-040","C1","FIXED",8,2024-10-09,2025-05-29,"USA","SYN-040-033"
"SYN-040","C1","FIXED",8,2024-10-09,2025-05-29,"USA","SYN-040-034"
"SYN-040","C1","FIXED",9,2024-10-09,2025-05-29,"USA","SYN-040-035"
"SYN-040","C1","FIXED",8,2024-10-09,2025-05-29,"USA","SYN-040-036"
"SYN-040","C1","FIXED",8,2024-10-09,2025-05-29,"USA","SYN-040-037"
"SYN-040","C1","FIXED",8,2024-10-09,2025-05-29,"USA","SYN-040-038"
"SYN-040","C1","FIXED",9,2024-10-09,2025-05-29,"USA","SYN-040-039"
"SYN-040","C1","FIXED",8,2024-10-09,2025-05-29,"USA","SYN-040-040"
"SYN-040","C1","FIXED",8,2024-10-09,2025-05-29,"USA","SYN-040-041"
"SYN-040","C1","FIXED",8,2024-10-09,2025-05-29,"USA","SYN-040-042"
"SYN-040","C1","FIXED",9,2024-10-09,2025-05-29,"USA","SYN-040-043"
"SYN-040","C1","FIXED",8,2024-10-09,2025-05-29,"USA","SYN-040-044"
"SYN-041","C1","TITR",11,2024-05-10,2024-08-12,"USA","SYN-041-001"
"SYN-041","C1","TITR",12,2024-05-10,2024-08-12,"USA","SYN-041-002"
"SYN-041","C1","TITR",11,2024-05-10,2024-08-12,"USA","SYN-041-003"
"SYN-041","C1","TITR",12,2024-05-10,2024-08-12,"USA","SYN-041-004"
"SYN-041","C1","TITR",11,2024-05-10,2024-08-12,"USA","SYN-041-005"
"SYN-041","C1","TITR",11,2024-05-10,2024-08-12,"USA","SYN-041-006"
"SYN-041","C1","TITR",12,2024-05-10,2024-08-12,"USA","SYN-041-007"
"SYN-041","C1","TITR",11,2024-05-10,2024-08-12,"USA","SYN-041-008"
"SYN-041","C1","TITR",12,2024-05-10,2024-08-12,"USA","SYN-041-009"
"SYN-041","C1","TITR",11,2024-05-10,2024-08-12,"USA","SYN-041-010"
"SYN-042","C1","TITR",6,2024-03-08,2024-06-19,"USA","SYN-042-001"
"SYN-042","C1","TITR",5,2024-03-08,2024-06-19,"USA","SYN-042-002"
"SYN-042","C1","TITR",6,2024-03-08,2024-06-19,"USA","SYN-042-003"
"SYN-042","C1","TITR",6,2024-03-08,2024-06-19,"USA","SYN-042-004"
"SYN-042","C1","TITR",5,2024-03-08,2024-06-19,"USA","SYN-042-005"
"SYN-042","C1","TITR",6,2024-03-08,2024-06-19,"USA","SYN-042-006"
"SYN-042","C1","TITR",6,2024-03-08,2024-06-19,"USA","SYN-042-007"
"SYN-042","C1","TITR",5,2024-03-08,2024-06-19,"USA","SYN-042-008"
"SYN-042","C1","TITR",6,2024-03-08,2024-06-19,"USA","SYN-042-009"
"SYN-042","C1","TITR",5,2024-03-08,2024-06-19,"USA","SYN-042-010"
"SYN-042","C1","TITR",6,2024-03-08,2024-06-19,"USA","SYN-042-011"
"SYN-042","C1","TITR",6,2024-03-08,2024-06-19,"USA","SYN-042-012"
"SYN-042","C1","TITR",5,2024-03-08,2024-06-19,"USA","SYN-042-013"
"SYN-042","C1","TITR",6,2024-03-08,2024-06-19,"USA","SYN-042-014"
"SYN-043","C1","TITR",9,2024-04-26,2024-11-01,"USA","SYN-043-001"
"SYN-043","C1","TITR",8,2024-04-26,2024-11-01,"USA","SYN-043-002"
"SYN-043","C1","TITR",9,2024-04-26,2024-11-01,"USA","SYN-043-003"
"SYN-043","C1","TITR",9,2024-04-26,2024-11-01,"USA","SYN-043-004"
"SYN-043","C1","TITR",9,2024-04-26,2024-11-01,"USA","SYN-043-005"
"SYN-043","C1","TITR",8,2024-04-26,2024-11-01,"USA","SYN-043-006"
"SYN-043","C1","TITR",9,2024-04-26,2024-11-01,"USA","SYN-043-007"
"SYN-043","C1","TITR",9,2024-04-26,2024-11-01,"USA","SYN-043-008"
"SYN-043","C1","TITR",8,2024-04-26,2024-11-01,"USA","SYN-043-009"
"SYN-043","C1","TITR",9,2024-04-26,2024-11-01,"USA","SYN-043-010"
"SYN-043","C1","TITR",9,2024-04-26,2024-11-01,"USA","SYN-043-011"
"SYN-043","C1","TITR",9,2024-04-26,2024-11-01,"USA","SYN-043-012"
"SYN-043","C1","TITR",8,2024-04-26,2024-11-01,"USA","SYN-043-013"
"SYN-043","C1","TITR",9,2024-04-26,2024-11-01,"USA","SYN-043-014"
"SYN-043","C1","TITR",9,2024-04-26,2024-11-01,"USA","SYN-043-015"
"SYN-043","C1","TITR",9,2024-04-26,2024-11-01,"USA","SYN-043-016"
"SYN-043","C1","TITR",8,2024-04-26,2024-11-01,"USA","SYN-043-017"
"SYN-043","C1","TITR",9,2024-04-26,2024-11-01,"USA","SYN-043-018"
"SYN-043","C1","TITR",9,2024-04-26,2024-11-01,"USA","SYN-043-019"
"SYN-043","C1","TITR",8,2024-04-26,2024-11-01,"USA","SYN-043-020"
"SYN-043","C1","TITR",9,2024-04-26,2024-11-01,"USA","SYN-043-021"
"SYN-043","C1","TITR",9,2024-04-26,2024-11-01,"USA","SYN-043-022"
"SYN-043","C1","TITR",9,2024-04-26,2024-11-01,"USA","SYN-043-023"
"SYN-043","C1","TITR",8,2024-04-26,2024-11-01,"USA","SYN-043-024"
"SYN-043","C1","TITR",9,2024-04-26,2024-11-01,"USA","SYN-043-025"
"SYN-044","C1","FIXED",10,2024-10-11,2025-08-11,"USA","SYN-044-001"
"SYN-044","C1","FIXED",9,2024-10-11,2025-08-11,"USA","SYN-044-002"
"SYN-044","C1","FIXED",10,2024-10-11,2025-08-11,"USA","SYN-044-003"
"SYN-044","C1","FIXED",10,2024-10-11,2025-08-11,"USA","SYN-044-004"
"SYN-044","C1","FIXED",10,2024-10-11,2025-08-11,"USA","SYN-044-005"
"SYN-044","C1","FIXED",9,2024-10-11,2025-08-11,"USA","SYN-044-006"
"SYN-044","C1","FIXED",10,2024-10-11,2025-08-11,"USA","SYN-044-007"
"SYN-044","C1","FIXED",10,2024-10-11,2025-08-11,"USA","SYN-044-008"
"SYN-044","C1","FIXED",9,2024-10-11,2025-08-11,"USA","SYN-044-009"
"SYN-044","C1","FIXED",10,2024-10-11,2025-08-11,"USA","SYN-044-010"
"SYN-044","C1","FIXED",10,2024-10-11,2025-08-11,"USA","SYN-044-011"
"SYN-044","C1","FIXED",10,2024-10-11,2025-08-11,"USA","SYN-044-012"
"SYN-044","C1","FIXED",9,2024-10-11,2025-08-11,"USA","SYN-044-013"
"SYN-044","C1","FIXED",10,2024-10-11,2025-08-11,"USA","SYN-044-014"
"SYN-044","C1","FIXED",10,2024-10-11,2025-08-11,"USA","SYN-044-015"
"SYN-044","C1","FIXED",10,2024-10-11,2025-08-11,"USA","SYN-044-016"
"SYN-044","C1","FIXED",9,2024-10-11,2025-08-11,"USA","SYN-044-017"
"SYN-044","C1","FIXED",10,2024-10-11,2025-08-11,"USA","SYN-044-018"
"SYN-044","C1","FIXED",10,2024-10-11,2025-08-11,"USA","SYN-044-019"
"SYN-044","C1","FIXED",9,2024-10-11,2025-08-11,"USA","SYN-044-020"
"SYN-044","C1","FIXED",10,2024-10-11,2025-08-11,"USA","SYN-044-021"
"SYN-044","C1","FIXED",10,2024-10-11,2025-08-11,"USA","SYN-044-022"
"SYN-044","C1","FIXED",10,2024-10-11,2025-08-11,"USA","SYN-044-023"
"SYN-044","C1","FIXED",9,2024-10-11,2025-08-11,"USA","SYN-044-024"
"SYN-044","C1","FIXED",10,2024-10-11,2025-08-11,"USA","SYN-044-025"
"SYN-045","C1","TITR",8,2024-07-28,2025-06-07,"USA","SYN-045-001"
"SYN-045","C1","TITR",9,2024-07-28,2025-06-07,"USA","SYN-045-002"
"SYN-045","C1","TITR",8,2024-07-28,2025-06-07,"USA","SYN-045-003"
"SYN-045","C1","TITR",9,2024-07-28,2025-06-07,"USA","SYN-045-004"
"SYN-045","C1","TITR",8,2024-07-28,2025-06-07,"USA","SYN-045-005"
"SYN-045","C1","TITR",9,2024-07-28,2025-06-07,"USA","SYN-045-006"
"SYN-045","C1","TITR",8,2024-07-28,2025-06-07,"USA","SYN-045-007"
"SYN-045","C1","TITR",9,2024-07-28,2025-06-07,"USA","SYN-045-008"
"SYN-045","C1","TITR",8,2024-07-28,2025-06-07,"USA","SYN-045-009"
"SYN-045","C1","TITR",8,2024-07-28,2025-06-07,"USA","SYN-045-010"
"SYN-045","C1","TITR",9,2024-07-28,2025-06-07,"USA","SYN-045-011"
"SYN-045","C1","TITR",8,2024-07-28,2025-06-07,"USA","SYN-045-012"
"SYN-045","C1","TITR",9,2024-07-28,2025-06-07,"USA","SYN-045-013"
"SYN-045","C1","TITR",8,2024-07-28,2025-06-07,"USA","SYN-045-014"
"SYN-045","C1","TITR",9,2024-07-28,2025-06-07,"USA","SYN-045-015"
"SYN-045","C1","TITR",8,2024-07-28,2025-06-07,"USA","SYN-045-016"
"SYN-045","C1","TITR",9,2024-07-28,2025-06-07,"USA","SYN-045-017"
"SYN-045","C1","TITR",8,2024-07-28,2025-06-07,"USA","SYN-045-018"
"SYN-045","C1","TITR",8,2024-07-28,2025-06-07,"USA","SYN-045-019"
"SYN-045","C1","TITR",9,2024-07-28,2025-06-07,"USA","SYN-045-020"
"SYN-045","C1","TITR",8,2024-07-28,2025-06-07,"USA","SYN-045-021"
"SYN-045","C1","TITR",9,2024-07-28,2025-06-07,"USA","SYN-045-022"
"SYN-045","C1","TITR",8,2024-07-28,2025-06-07,"USA","SYN-045-023"
"SYN-045","C1","TITR",9,2024-07-28,2025-06-07,"USA","SYN-045-024"
"SYN-045","C1","TITR",8,2024-07-28,2025-06-07,"USA","SYN-045-025"
"SYN-045","C1","TITR",9,2024-07-28,2025-06-07,"USA","SYN-045-026"
"SYN-045","C1","TITR",8,2024-07-28,2025-06-07,"USA","SYN-045-027"
"SYN-046","C1","FIXED",191,2022-11-02,2023-10-11,"USA","SYN-046-001"
"SYN-046","C1","FIXED",191,2022-11-02,2023-10-11,"USA","SYN-046-002"
"SYN-046","C1","FIXED",191,2022-11-02,2023-10-11,"USA","SYN-046-003"
"SYN-046","C1","FIXED",190,2022-11-02,2023-10-11,"USA","SYN-046-004"
"SYN-046","C1","FIXED",191,2022-11-02,2023-10-11,"USA","SYN-046-005"
"SYN-046","C1","FIXED",191,2022-11-02,2023-10-11,"USA","SYN-046-006"
"SYN-046","C1","FIXED",191,2022-11-02,2023-10-11,"USA","SYN-046-007"
"SYN-046","C1","FIXED",191,2022-11-02,2023-10-11,"USA","SYN-046-008"
"SYN-046","C1","FIXED",191,2022-11-02,2023-10-11,"USA","SYN-046-009"
"SYN-046","C1","FIXED",190,2022-11-02,2023-10-11,"USA","SYN-046-010"
"SYN-046","C1","FIXED",191,2022-11-02,2023-10-11,"USA","SYN-046-011"
"SYN-046","C1","FIXED",191,2022-11-02,2023-10-11,"USA","SYN-046-012"
"SYN-046","C1","FIXED",191,2022-11-02,2023-10-11,"USA","SYN-046-013"
"SYN-046","C1","FIXED",191,2022-11-02,2023-10-11,"USA","SYN-046-014"
"SYN-046","C1","FIXED",191,2022-11-02,2023-10-11,"USA","SYN-046-015"
"SYN-046","C1","FIXED",190,2022-11-02,2023-10-11,"USA","SYN-046-016"
"SYN-046","C1","FIXED",191,2022-11-02,2023-10-11,"USA","SYN-046-017"
"SYN-046","C1","FIXED",191,2022-11-02,2023-10-11,"USA","SYN-046-018"
"SYN-046","C1","FIXED",191,2022-11-02,2023-10-11,"USA","SYN-046-019"
"SYN-046","C1","FIXED",191,2022-11-02,2023-10-11,"USA","SYN-046-020"
"SYN-046","C1","FIXED",191,2022-11-02,2023-10-11,"USA","SYN-046-021"
"SYN-046","C1","FIXED",190,2022-11-02,2023-10-11,"USA","SYN-046-022"
"SYN-046","C1","FIXED",191,2022-11-02,2023-10-11,"USA","SYN-046-023"
"SYN-046","C1","FIXED",191,2022-11-02,2023-10-11,"USA","SYN-046-024"
"SYN-046","C1","FIXED",191,2022-11-02,2023-10-11,"USA","SYN-046-025"
"SYN-046","C1","FIXED",191,2022-11-02,2023-10-11,"USA","SYN-046-026"
"SYN-046","C1","FIXED",191,2022-11-02,2023-10-11,"USA","SYN-046-027"
"SYN-046","C1","FIXED",190,2022-11-02,2023-10-11,"USA","SYN-046-028"
"SYN-046","C1","FIXED",191,2022-11-02,2023-10-11,"USA","SYN-046-029"
"SYN-046","C1","FIXED",191,2022-11-02,2023-10-11,"USA","SYN-046-030"
"SYN-046","C1","FIXED",191,2022-11-02,2023-10-11,"USA","SYN-046-031"
"SYN-046","C1","FIXED",191,2022-11-02,2023-10-11,"USA","SYN-046-032"
"SYN-046","C1","FIXED",191,2022-11-02,2023-10-11,"USA","SYN-046-033"
"SYN-046","C1","FIXED",191,2022-11-02,2023-10-11,"USA","SYN-046-034"
"SYN-046","C1","FIXED",190,2022-11-02,2023-10-11,"USA","SYN-046-035"
"SYN-046","C1","FIXED",191,2022-11-02,2023-10-11,"USA","SYN-046-036"
"SYN-046","C1","FIXED",191,2022-11-02,2023-10-11,"USA","SYN-046-037"
"SYN-046","C1","FIXED",191,2022-11-02,2023-10-11,"USA","SYN-046-038"
"SYN-046","C1","FIXED",191,2022-11-02,2023-10-11,"USA","SYN-046-039"
"SYN-046","C1","FIXED",191,2022-11-02,2023-10-11,"USA","SYN-046-040"
"SYN-046","C1","FIXED",190,2022-11-02,2023-10-11,"USA","SYN-046-041"
"SYN-046","C1","FIXED",191,2022-11-02,2023-10-11,"USA","SYN-046-042"
"SYN-046","C1","FIXED",191,2022-11-02,2023-10-11,"USA","SYN-046-043"
"SYN-046","C1","FIXED",191,2022-11-02,2023-10-11,"USA","SYN-046-044"
"SYN-046","C1","FIXED",191,2022-11-02,2023-10-11,"USA","SYN-046-045"
"SYN-046","C1","FIXED",191,2022-11-02,2023-10-11,"USA","SYN-046-046"
"SYN-046","C1","FIXED",190,2022-11-02,2023-10-11,"USA","SYN-046-047"
"SYN-046","C1","FIXED",191,2022-11-02,2023-10-11,"USA","SYN-046-048"
"SYN-046","C1","FIXED",191,2022-11-02,2023-10-11,"USA","SYN-046-049"
"SYN-046","C1","FIXED",191,2022-11-02,2023-10-11,"USA","SYN-046-050"
"SYN-046","C1","FIXED",191,2022-11-02,2023-10-11,"USA","SYN-046-051"
"SYN-046","C1","FIXED",191,2022-11-02,2023-10-11,"USA","SYN-046-052"
"SYN-046","C1","FIXED",190,2022-11-02,2023-10-11,"USA","SYN-046-053"
"SYN-046","C1","FIXED",191,2022-11-02,2023-10-11,"USA","SYN-046-054"
"SYN-046","C1","FIXED",191,2022-11-02,2023-10-11,"USA","SYN-046-055"
"SYN-046","C1","FIXED",191,2022-11-02,2023-10-11,"USA","SYN-046-056"
"SYN-046","C1","FIXED",191,2022-11-02,2023-10-11,"USA","SYN-046-057"
"SYN-046","C1","FIXED",191,2022-11-02,2023-10-11,"USA","SYN-046-058"
"SYN-046","C1","FIXED",190,2022-11-02,2023-10-11,"USA","SYN-046-059"
"SYN-046","C1","FIXED",191,2022-11-02,2023-10-11,"USA","SYN-046-060"
"SYN-046","C1","FIXED",191,2022-11-02,2023-10-11,"USA","SYN-046-061"
"SYN-046","C1","FIXED",191,2022-11-02,2023-10-11,"USA","SYN-046-062"
"SYN-046","C1","FIXED",191,2022-11-02,2023-10-11,"USA","SYN-046-063"
"SYN-046","C1","FIXED",191,2022-11-02,2023-10-11,"USA","SYN-046-064"
"SYN-046","C1","FIXED",191,2022-11-02,2023-10-11,"USA","SYN-046-065"
"SYN-046","C1","FIXED",190,2022-11-02,2023-10-11,"USA","SYN-046-066"
"SYN-046","C1","FIXED",191,2022-11-02,2023-10-11,"USA","SYN-046-067"
"SYN-046","C1","FIXED",191,2022-11-02,2023-10-11,"USA","SYN-046-068"
"SYN-046","C1","FIXED",191,2022-11-02,2023-10-11,"USA","SYN-046-069"
"SYN-046","C1","FIXED",191,2022-11-02,2023-10-11,"USA","SYN-046-070"
"SYN-046","C1","FIXED",191,2022-11-02,2023-10-11,"USA","SYN-046-071"
"SYN-046","C1","FIXED",190,2022-11-02,2023-10-11,"USA","SYN-046-072"
"SYN-046","C1","FIXED",191,2022-11-02,2023-10-11,"USA","SYN-046-073"
"SYN-046","C1","FIXED",191,2022-11-02,2023-10-11,"USA","SYN-046-074"
"SYN-046","C1","FIXED",191,2022-11-02,2023-10-11,"USA","SYN-046-075"
"SYN-046","C1","FIXED",191,2022-11-02,2023-10-11,"USA","SYN-046-076"
"SYN-046","C1","FIXED",191,2022-11-02,2023-10-11,"USA","SYN-046-077"
"SYN-046","C1","FIXED",190,2022-11-02,2023-10-11,"USA","SYN-046-078"
"SYN-046","C1","FIXED",191,2022-11-02,2023-10-11,"USA","SYN-046-079"
"SYN-046","C1","FIXED",191,2022-11-02,2023-10-11,"USA","SYN-046-080"
"SYN-046","C1","FIXED",191,2022-11-02,2023-10-11,"USA","SYN-046-081"
"SYN-046","C1","FIXED",191,2022-11-02,2023-10-11,"USA","SYN-046-082"
"SYN-046","C1","FIXED",191,2022-11-02,2023-10-11,"USA","SYN-046-083"
"SYN-046","C1","FIXED",190,2022-11-02,2023-10-11,"USA","SYN-046-084"
"SYN-046","C1","FIXED",191,2022-11-02,2023-10-11,"USA","SYN-046-085"
"SYN-046","C1","FIXED",191,2022-11-02,2023-10-11,"USA","SYN-046-086"
"SYN-046","C1","FIXED",191,2022-11-02,2023-10-11,"USA","SYN-046-087"
"SYN-046","C1","FIXED",191,2022-11-02,2023-10-11,"USA","SYN-046-088"
"SYN-046","C1","FIXED",191,2022-11-02,2023-10-11,"USA","SYN-046-089"
"SYN-046","C1","FIXED",190,2022-11-02,2023-10-11,"USA","SYN-046-090"
"SYN-046","C1","FIXED",191,2022-11-02,2023-10-11,"USA","SYN-046-091"
"SYN-046","C1","FIXED",191,2022-11-02,2023-10-11,"USA","SYN-046-092"
"SYN-046","C1","FIXED",191,2022-11-02,2023-10-11,"USA","SYN-046-093"
"SYN-046","C1","FIXED",191,2022-11-02,2023-10-11,"USA","SYN-046-094"
"SYN-046","C1","FIXED",191,2022-11-02,2023-10-11,"USA","SYN-046-095"
"SYN-046","C1","FIXED",191,2022-11-02,2023-10-11,"USA","SYN-046-096"
"SYN-046","C1","FIXED",190,2022-11-02,2023-10-11,"USA","SYN-046-097"
"SYN-046","C1","FIXED",191,2022-11-02,2023-10-11,"USA","SYN-046-098"
"SYN-046","C1","FIXED",191,2022-11-02,2023-10-11,"USA","SYN-046-099"
"SYN-046","C1","FIXED",191,2022-11-02,2023-10-11,"USA","SYN-046-100"
"SYN-046","C1","FIXED",191,2022-11-02,2023-10-11,"USA","SYN-046-101"
"SYN-046","C1","FIXED",191,2022-11-02,2023-10-11,"USA","SYN-046-102"
"SYN-046","C1","FIXED",190,2022-11-02,2023-10-11,"USA","SYN-046-103"
"SYN-046","C1","FIXED",191,2022-11-02,2023-10-11,"USA","SYN-046-104"
"SYN-046","C1","FIXED",191,2022-11-02,2023-10-11,"USA","SYN-046-105"
"SYN-046","C1","FIXED",191,2022-11-02,2023-10-11,"USA","SYN-046-106"
"SYN-046","C1","FIXED",191,2022-11-02,2023-10-11,"USA","SYN-046-107"
"SYN-046","C1","FIXED",191,2022-11-02,2023-10-11,"USA","SYN-046-108"
"SYN-046","C1","FIXED",190,2022-11-02,2023-10-11,"USA","SYN-046-109"
"SYN-046","C1","FIXED",191,2022-11-02,2023-10-11,"USA","SYN-046-110"
"SYN-046","C1","FIXED",191,2022-11-02,2023-10-11,"USA","SYN-046-111"
"SYN-046","C1","FIXED",191,2022-11-02,2023-10-11,"USA","SYN-046-112"
"SYN-046","C1","FIXED",191,2022-11-02,2023-10-11,"USA","SYN-046-113"
"SYN-046","C1","FIXED",191,2022-11-02,2023-10-11,"USA","SYN-046-114"
"SYN-046","C1","FIXED",190,2022-11-02,2023-10-11,"USA","SYN-046-115"
"SYN-046","C1","FIXED",191,2022-11-02,2023-10-11,"USA","SYN-046-116"
"SYN-046","C1","FIXED",191,2022-11-02,2023-10-11,"USA","SYN-046-117"
"SYN-046","C1","FIXED",191,2022-11-02,2023-10-11,"USA","SYN-046-118"
"SYN-046","C1","FIXED",191,2022-11-02,2023-10-11,"USA","SYN-046-119"
"SYN-046","C1","FIXED",191,2022-11-02,2023-10-11,"USA","SYN-046-120"
"SYN-046","C1","FIXED",190,2022-11-02,2023-10-11,"USA","SYN-046-121"
"SYN-046","C1","FIXED",191,2022-11-02,2023-10-11,"USA","SYN-046-122"
"SYN-046","C1","FIXED",191,2022-11-02,2023-10-11,"USA","SYN-046-123"
"SYN-046","C1","FIXED",191,2022-11-02,2023-10-11,"USA","SYN-046-124"
"SYN-046","C1","FIXED",191,2022-11-02,2023-10-11,"USA","SYN-046-125"
"SYN-046","C1","FIXED",191,2022-11-02,2023-10-11,"USA","SYN-046-126"
"SYN-046","C1","FIXED",191,2022-11-02,2023-10-11,"USA","SYN-046-127"
"SYN-046","C1","FIXED",190,2022-11-02,2023-10-11,"USA","SYN-046-128"
"SYN-046","C1","FIXED",191,2022-11-02,2023-10-11,"USA","SYN-046-129"
"SYN-046","C1","FIXED",191,2022-11-02,2023-10-11,"USA","SYN-046-130"
"SYN-046","C1","FIXED",191,2022-11-02,2023-10-11,"USA","SYN-046-131"
"SYN-046","C1","FIXED",191,2022-11-02,2023-10-11,"USA","SYN-046-132"
"SYN-046","C1","FIXED",191,2022-11-02,2023-10-11,"USA","SYN-046-133"
"SYN-046","C1","FIXED",190,2022-11-02,2023-10-11,"USA","SYN-046-134"
"SYN-046","C1","FIXED",191,2022-11-02,2023-10-11,"USA","SYN-046-135"
"SYN-046","C1","FIXED",191,2022-11-02,2023-10-11,"USA","SYN-046-136"
"SYN-046","C1","FIXED",191,2022-11-02,2023-10-11,"USA","SYN-046-137"
"SYN-046","C1","FIXED",191,2022-11-02,2023-10-11,"USA","SYN-046-138"
"SYN-046","C1","FIXED",191,2022-11-02,2023-10-11,"USA","SYN-046-139"
"SYN-046","C1","FIXED",190,2022-11-02,2023-10-11,"USA","SYN-046-140"
"SYN-046","C1","FIXED",191,2022-11-02,2023-10-11,"USA","SYN-046-141"
"SYN-046","C1","FIXED",191,2022-11-02,2023-10-11,"USA","SYN-046-142"
"SYN-046","C1","FIXED",191,2022-11-02,2023-10-11,"USA","SYN-046-143"
"SYN-046","C1","FIXED",191,2022-11-02,2023-10-11,"USA","SYN-046-144"
"SYN-046","C1","FIXED",191,2022-11-02,2023-10-11,"USA","SYN-046-145"
"SYN-046","C1","FIXED",190,2022-11-02,2023-10-11,"USA","SYN-046-146"
"SYN-046","C1","FIXED",191,2022-11-02,2023-10-11,"USA","SYN-046-147"
"SYN-046","C1","FIXED",191,2022-11-02,2023-10-11,"USA","SYN-046-148"
"SYN-046","C1","FIXED",191,2022-11-02,2023-10-11,"USA","SYN-046-149"
"SYN-046","C1","FIXED",191,2022-11-02,2023-10-11,"USA","SYN-046-150"
"SYN-046","C1","FIXED",191,2022-11-02,2023-10-11,"USA","SYN-046-151"
"SYN-046","C1","FIXED",190,2022-11-02,2023-10-11,"USA","SYN-046-152"
"SYN-046","C1","FIXED",191,2022-11-02,2023-10-11,"USA","SYN-046-153"
"SYN-046","C1","FIXED",191,2022-11-02,2023-10-11,"USA","SYN-046-154"
"SYN-046","C1","FIXED",191,2022-11-02,2023-10-11,"USA","SYN-046-155"
"SYN-047","C1","FIXED",14,2023-03-14,2024-04-26,"USA","SYN-047-001"
"SYN-047","C1","FIXED",13,2023-03-14,2024-04-26,"USA","SYN-047-002"
"SYN-047","C1","FIXED",14,2023-03-14,2024-04-26,"USA","SYN-047-003"
"SYN-047","C1","FIXED",14,2023-03-14,2024-04-26,"USA","SYN-047-004"
"SYN-047","C1","FIXED",13,2023-03-14,2024-04-26,"USA","SYN-047-005"
"SYN-047","C1","FIXED",14,2023-03-14,2024-04-26,"USA","SYN-047-006"
"SYN-047","C1","FIXED",14,2023-03-14,2024-04-26,"USA","SYN-047-007"
"SYN-047","C1","FIXED",13,2023-03-14,2024-04-26,"USA","SYN-047-008"
"SYN-047","C1","FIXED",14,2023-03-14,2024-04-26,"USA","SYN-047-009"
"SYN-047","C1","FIXED",14,2023-03-14,2024-04-26,"USA","SYN-047-010"
"SYN-047","C1","FIXED",13,2023-03-14,2024-04-26,"USA","SYN-047-011"
"SYN-047","C1","FIXED",14,2023-03-14,2024-04-26,"USA","SYN-047-012"
"SYN-047","C1","FIXED",14,2023-03-14,2024-04-26,"USA","SYN-047-013"
"SYN-047","C1","FIXED",13,2023-03-14,2024-04-26,"USA","SYN-047-014"
"SYN-047","C1","FIXED",14,2023-03-14,2024-04-26,"USA","SYN-047-015"
"SYN-047","C1","FIXED",14,2023-03-14,2024-04-26,"USA","SYN-047-016"
"SYN-047","C1","FIXED",13,2023-03-14,2024-04-26,"USA","SYN-047-017"
"SYN-047","C1","FIXED",14,2023-03-14,2024-04-26,"USA","SYN-047-018"
"SYN-047","C1","FIXED",14,2023-03-14,2024-04-26,"USA","SYN-047-019"
"SYN-047","C1","FIXED",14,2023-03-14,2024-04-26,"USA","SYN-047-020"
"SYN-047","C1","FIXED",13,2023-03-14,2024-04-26,"USA","SYN-047-021"
"SYN-047","C1","FIXED",14,2023-03-14,2024-04-26,"USA","SYN-047-022"
"SYN-047","C1","FIXED",14,2023-03-14,2024-04-26,"USA","SYN-047-023"
"SYN-047","C1","FIXED",13,2023-03-14,2024-04-26,"USA","SYN-047-024"
"SYN-047","C1","FIXED",14,2023-03-14,2024-04-26,"USA","SYN-047-025"
"SYN-047","C1","FIXED",14,2023-03-14,2024-04-26,"USA","SYN-047-026"
"SYN-047","C1","FIXED",13,2023-03-14,2024-04-26,"USA","SYN-047-027"
"SYN-047","C1","FIXED",14,2023-03-14,2024-04-26,"USA","SYN-047-028"
"SYN-047","C1","FIXED",14,2023-03-14,2024-04-26,"USA","SYN-047-029"
"SYN-047","C1","FIXED",13,2023-03-14,2024-04-26,"USA","SYN-047-030"
"SYN-047","C1","FIXED",14,2023-03-14,2024-04-26,"USA","SYN-047-031"
"SYN-047","C1","FIXED",14,2023-03-14,2024-04-26,"USA","SYN-047-032"
"SYN-047","C1","FIXED",13,2023-03-14,2024-04-26,"USA","SYN-047-033"
"SYN-047","C1","FIXED",14,2023-03-14,2024-04-26,"USA","SYN-047-034"
"SYN-048","C1","TITR",8,2024-04-16,2024-10-25,"USA","SYN-048-001"
"SYN-048","C1","TITR",7,2024-04-16,2024-10-25,"USA","SYN-048-002"
"SYN-048","C1","TITR",8,2024-04-16,2024-10-25,"USA","SYN-048-003"
"SYN-048","C1","TITR",7,2024-04-16,2024-10-25,"USA","SYN-048-004"
"SYN-048","C1","TITR",8,2024-04-16,2024-10-25,"USA","SYN-048-005"
"SYN-048","C1","TITR",7,2024-04-16,2024-10-25,"USA","SYN-048-006"
"SYN-048","C1","TITR",8,2024-04-16,2024-10-25,"USA","SYN-048-007"
"SYN-048","C1","TITR",7,2024-04-16,2024-10-25,"USA","SYN-048-008"
"SYN-048","C1","TITR",8,2024-04-16,2024-10-25,"USA","SYN-048-009"
"SYN-048","C1","TITR",7,2024-04-16,2024-10-25,"USA","SYN-048-010"
"SYN-048","C1","TITR",8,2024-04-16,2024-10-25,"USA","SYN-048-011"
"SYN-048","C1","TITR",8,2024-04-16,2024-10-25,"USA","SYN-048-012"
"SYN-048","C1","TITR",7,2024-04-16,2024-10-25,"USA","SYN-048-013"
"SYN-048","C1","TITR",8,2024-04-16,2024-10-25,"USA","SYN-048-014"
"SYN-048","C1","TITR",7,2024-04-16,2024-10-25,"USA","SYN-048-015"
"SYN-048","C1","TITR",8,2024-04-16,2024-10-25,"USA","SYN-048-016"
"SYN-048","C1","TITR",7,2024-04-16,2024-10-25,"USA","SYN-048-017"
"SYN-048","C1","TITR",8,2024-04-16,2024-10-25,"USA","SYN-048-018"
"SYN-048","C1","TITR",7,2024-04-16,2024-10-25,"USA","SYN-048-019"
"SYN-048","C1","TITR",8,2024-04-16,2024-10-25,"USA","SYN-048-020"
"SYN-048","C1","TITR",7,2024-04-16,2024-10-25,"USA","SYN-048-021"
"SYN-048","C1","TITR",8,2024-04-16,2024-10-25,"USA","SYN-048-022"
"SYN-049","C1","FIXED",142,2022-07-13,2023-05-02,"USA","SYN-049-001"
"SYN-049","C1","FIXED",142,2022-07-13,2023-05-02,"USA","SYN-049-002"
"SYN-049","C1","FIXED",141,2022-07-13,2023-05-02,"USA","SYN-049-003"
"SYN-049","C1","FIXED",142,2022-07-13,2023-05-02,"USA","SYN-049-004"
"SYN-049","C1","FIXED",142,2022-07-13,2023-05-02,"USA","SYN-049-005"
"SYN-049","C1","FIXED",142,2022-07-13,2023-05-02,"USA","SYN-049-006"
"SYN-049","C1","FIXED",141,2022-07-13,2023-05-02,"USA","SYN-049-007"
"SYN-049","C1","FIXED",142,2022-07-13,2023-05-02,"USA","SYN-049-008"
"SYN-049","C1","FIXED",142,2022-07-13,2023-05-02,"USA","SYN-049-009"
"SYN-049","C1","FIXED",142,2022-07-13,2023-05-02,"USA","SYN-049-010"
"SYN-049","C1","FIXED",141,2022-07-13,2023-05-02,"USA","SYN-049-011"
"SYN-049","C1","FIXED",142,2022-07-13,2023-05-02,"USA","SYN-049-012"
"SYN-049","C1","FIXED",142,2022-07-13,2023-05-02,"USA","SYN-049-013"
"SYN-049","C1","FIXED",142,2022-07-13,2023-05-02,"USA","SYN-049-014"
"SYN-049","C1","FIXED",142,2022-07-13,2023-05-02,"USA","SYN-049-015"
"SYN-049","C1","FIXED",141,2022-07-13,2023-05-02,"USA","SYN-049-016"
"SYN-049","C1","FIXED",142,2022-07-13,2023-05-02,"USA","SYN-049-017"
"SYN-049","C1","FIXED",142,2022-07-13,2023-05-02,"USA","SYN-049-018"
"SYN-049","C1","FIXED",142,2022-07-13,2023-05-02,"USA","SYN-049-019"
"SYN-049","C1","FIXED",141,2022-07-13,2023-05-02,"USA","SYN-049-020"
"SYN-049","C1","FIXED",142,2022-07-13,2023-05-02,"USA","SYN-049-021"
"SYN-049","C1","FIXED",142,2022-07-13,2023-05-02,"USA","SYN-049-022"
"SYN-049","C1","FIXED",142,2022-07-13,2023-05-02,"USA","SYN-049-023"
"SYN-049","C1","FIXED",141,2022-07-13,2023-05-02,"USA","SYN-049-024"
"SYN-049","C1","FIXED",142,2022-07-13,2023-05-02,"USA","SYN-049-025"
"SYN-049","C1","FIXED",142,2022-07-13,2023-05-02,"USA","SYN-049-026"
"SYN-049","C1","FIXED",142,2022-07-13,2023-05-02,"USA","SYN-049-027"
"SYN-049","C1","FIXED",142,2022-07-13,2023-05-02,"USA","SYN-049-028"
"SYN-049","C1","FIXED",141,2022-07-13,2023-05-02,"USA","SYN-049-029"
"SYN-049","C1","FIXED",142,2022-07-13,2023-05-02,"USA","SYN-049-030"
"SYN-049","C1","FIXED",142,2022-07-13,2023-05-02,"USA","SYN-049-031"
"SYN-049","C1","FIXED",142,2022-07-13,2023-05-02,"USA","SYN-049-032"
"SYN-049","C1","FIXED",141,2022-07-13,2023-05-02,"USA","SYN-049-033"
"SYN-049","C1","FIXED",142,2022-07-13,2023-05-02,"USA","SYN-049-034"
"SYN-049","C1","FIXED",142,2022-07-13,2023-05-02,"USA","SYN-049-035"
"SYN-049","C1","FIXED",142,2022-07-13,2023-05-02,"USA","SYN-049-036"
"SYN-049","C1","FIXED",141,2022-07-13,2023-05-02,"USA","SYN-049-037"
"SYN-049","C1","FIXED",142,2022-07-13,2023-05-02,"USA","SYN-049-038"
"SYN-049","C1","FIXED",142,2022-07-13,2023-05-02,"USA","SYN-049-039"
"SYN-049","C1","FIXED",142,2022-07-13,2023-05-02,"USA","SYN-049-040"
"SYN-049","C1","FIXED",141,2022-07-13,2023-05-02,"USA","SYN-049-041"
"SYN-049","C1","FIXED",142,2022-07-13,2023-05-02,"USA","SYN-049-042"
"SYN-049","C1","FIXED",142,2022-07-13,2023-05-02,"USA","SYN-049-043"
"SYN-049","C1","FIXED",142,2022-07-13,2023-05-02,"USA","SYN-049-044"
"SYN-049","C1","FIXED",142,2022-07-13,2023-05-02,"USA","SYN-049-045"
"SYN-049","C1","FIXED",141,2022-07-13,2023-05-02,"USA","SYN-049-046"
"SYN-049","C1","FIXED",142,2022-07-13,2023-05-02,"USA","SYN-049-047"
"SYN-049","C1","FIXED",142,2022-07-13,2023-05-02,"USA","SYN-049-048"
"SYN-049","C1","FIXED",142,2022-07-13,2023-05-02,"USA","SYN-049-049"
"SYN-049","C1","FIXED",141,2022-07-13,2023-05-02,"USA","SYN-049-050"
"SYN-049","C1","FIXED",142,2022-07-13,2023-05-02,"USA","SYN-049-051"
"SYN-049","C1","FIXED",142,2022-07-13,2023-05-02,"USA","SYN-049-052"
"SYN-049","C1","FIXED",142,2022-07-13,2023-05-02,"USA","SYN-049-053"
"SYN-049","C1","FIXED",141,2022-07-13,2023-05-02,"USA","SYN-049-054"
"SYN-049","C1","FIXED",142,2022-07-13,2023-05-02,"USA","SYN-049-055"
"SYN-049","C1","FIXED",142,2022-07-13,2023-05-02,"USA","SYN-049-056"
"SYN-049","C1","FIXED",142,2022-07-13,2023-05-02,"USA","SYN-049-057"
"SYN-049","C1","FIXED",142,2022-07-13,2023-05-02,"USA","SYN-049-058"
"SYN-049","C1","FIXED",141,2022-07-13,2023-05-02,"USA","SYN-049-059"
"SYN-049","C1","FIXED",142,2022-07-13,2023-05-02,"USA","SYN-049-060"
"SYN-049","C1","FIXED",142,2022-07-13,2023-05-02,"USA","SYN-049-061"
"SYN-049","C1","FIXED",142,2022-07-13,2023-05-02,"USA","SYN-049-062"
"SYN-049","C1","FIXED",141,2022-07-13,2023-05-02,"USA","SYN-049-063"
"SYN-049","C1","FIXED",142,2022-07-13,2023-05-02,"USA","SYN-049-064"
"SYN-049","C1","FIXED",142,2022-07-13,2023-05-02,"USA","SYN-049-065"
"SYN-049","C1","FIXED",142,2022-07-13,2023-05-02,"USA","SYN-049-066"
"SYN-049","C1","FIXED",141,2022-07-13,2023-05-02,"USA","SYN-049-067"
"SYN-049","C1","FIXED",142,2022-07-13,2023-05-02,"USA","SYN-049-068"
"SYN-049","C1","FIXED",142,2022-07-13,2023-05-02,"USA","SYN-049-069"
"SYN-049","C1","FIXED",142,2022-07-13,2023-05-02,"USA","SYN-049-070"
"SYN-049","C1","FIXED",142,2022-07-13,2023-05-02,"USA","SYN-049-071"
"SYN-049","C1","FIXED",141,2022-07-13,2023-05-02,"USA","SYN-049-072"
"SYN-049","C1","FIXED",142,2022-07-13,2023-05-02,"USA","SYN-049-073"
"SYN-049","C1","FIXED",142,2022-07-13,2023-05-02,"USA","SYN-049-074"
"SYN-049","C1","FIXED",142,2022-07-13,2023-05-02,"USA","SYN-049-075"
"SYN-049","C1","FIXED",141,2022-07-13,2023-05-02,"USA","SYN-049-076"
"SYN-049","C1","FIXED",142,2022-07-13,2023-05-02,"USA","SYN-049-077"
"SYN-049","C1","FIXED",142,2022-07-13,2023-05-02,"USA","SYN-049-078"
"SYN-049","C1","FIXED",142,2022-07-13,2023-05-02,"USA","SYN-049-079"
"SYN-049","C1","FIXED",141,2022-07-13,2023-05-02,"USA","SYN-049-080"
"SYN-049","C1","FIXED",142,2022-07-13,2023-05-02,"USA","SYN-049-081"
"SYN-049","C1","FIXED",142,2022-07-13,2023-05-02,"USA","SYN-049-082"
"SYN-049","C1","FIXED",142,2022-07-13,2023-05-02,"USA","SYN-049-083"
"SYN-049","C1","FIXED",142,2022-07-13,2023-05-02,"USA","SYN-049-084"
"SYN-049","C1","FIXED",141,2022-07-13,2023-05-02,"USA","SYN-049-085"
"SYN-049","C1","FIXED",142,2022-07-13,2023-05-02,"USA","SYN-049-086"
"SYN-049","C1","FIXED",142,2022-07-13,2023-05-02,"USA","SYN-049-087"
"SYN-049","C1","FIXED",142,2022-07-13,2023-05-02,"USA","SYN-049-088"
"SYN-049","C1","FIXED",141,2022-07-13,2023-05-02,"USA","SYN-049-089"
"SYN-049","C1","FIXED",142,2022-07-13,2023-05-02,"USA","SYN-049-090"
"SYN-049","C1","FIXED",142,2022-07-13,2023-05-02,"USA","SYN-049-091"
"SYN-049","C1","FIXED",142,2022-07-13,2023-05-02,"USA","SYN-049-092"
"SYN-049","C1","FIXED",141,2022-07-13,2023-05-02,"USA","SYN-049-093"
"SYN-049","C1","FIXED",142,2022-07-13,2023-05-02,"USA","SYN-049-094"
"SYN-049","C1","FIXED",142,2022-07-13,2023-05-02,"USA","SYN-049-095"
"SYN-049","C1","FIXED",142,2022-07-13,2023-05-02,"USA","SYN-049-096"
"SYN-049","C1","FIXED",142,2022-07-13,2023-05-02,"USA","SYN-049-097"
"SYN-049","C1","FIXED",141,2022-07-13,2023-05-02,"USA","SYN-049-098"
"SYN-049","C1","FIXED",142,2022-07-13,2023-05-02,"USA","SYN-049-099"
"SYN-049","C1","FIXED",142,2022-07-13,2023-05-02,"USA","SYN-049-100"
"SYN-049","C1","FIXED",142,2022-07-13,2023-05-02,"USA","SYN-049-101"
"SYN-049","C1","FIXED",141,2022-07-13,2023-05-02,"USA","SYN-049-102"
"SYN-049","C1","FIXED",142,2022-07-13,2023-05-02,"USA","SYN-049-103"
"SYN-049","C1","FIXED",142,2022-07-13,2023-05-02,"USA","SYN-049-104"
"SYN-049","C1","FIXED",142,2022-07-13,2023-05-02,"USA","SYN-049-105"
"SYN-049","C1","FIXED",141,2022-07-13,2023-05-02,"USA","SYN-049-106"
"SYN-049","C1","FIXED",142,2022-07-13,2023-05-02,"USA","SYN-049-107"
"SYN-049","C1","FIXED",142,2022-07-13,2023-05-02,"USA","SYN-049-108"
"SYN-049","C1","FIXED",142,2022-07-13,2023-05-02,"USA","SYN-049-109"
"SYN-049","C1","FIXED",141,2022-07-13,2023-05-02,"USA","SYN-049-110"
"SYN-049","C1","FIXED",142,2022-07-13,2023-05-02,"USA","SYN-049-111"
"SYN-049","C1","FIXED",142,2022-07-13,2023-05-02,"USA","SYN-049-112"
"SYN-049","C1","FIXED",142,2022-07-13,2023-05-02,"USA","SYN-049-113"
"SYN-049","C1","FIXED",142,2022-07-13,2023-05-02,"USA","SYN-049-114"
"SYN-049","C1","FIXED",141,2022-07-13,2023-05-02,"USA","SYN-049-115"
"SYN-049","C1","FIXED",142,2022-07-13,2023-05-02,"USA","SYN-049-116"
"SYN-049","C1","FIXED",142,2022-07-13,2023-05-02,"USA","SYN-049-117"
"SYN-049","C1","FIXED",142,2022-07-13,2023-05-02,"USA","SYN-049-118"
"SYN-049","C1","FIXED",141,2022-07-13,2023-05-02,"USA","SYN-049-119"
"SYN-049","C1","FIXED",142,2022-07-13,2023-05-02,"USA","SYN-049-120"
"SYN-049","C1","FIXED",142,2022-07-13,2023-05-02,"USA","SYN-049-121"
"SYN-049","C1","FIXED",142,2022-07-13,2023-05-02,"USA","SYN-049-122"
"SYN-049","C1","FIXED",141,2022-07-13,2023-05-02,"USA","SYN-049-123"
"SYN-049","C1","FIXED",142,2022-07-13,2023-05-02,"USA","SYN-049-124"
"SYN-049","C1","FIXED",142,2022-07-13,2023-05-02,"USA","SYN-049-125"
"SYN-049","C1","FIXED",142,2022-07-13,2023-05-02,"USA","SYN-049-126"
"SYN-049","C1","FIXED",142,2022-07-13,2023-05-02,"USA","SYN-049-127"
"SYN-049","C1","FIXED",141,2022-07-13,2023-05-02,"USA","SYN-049-128"
"SYN-049","C1","FIXED",142,2022-07-13,2023-05-02,"USA","SYN-049-129"
"SYN-049","C1","FIXED",142,2022-07-13,2023-05-02,"USA","SYN-049-130"
"SYN-049","C1","FIXED",142,2022-07-13,2023-05-02,"USA","SYN-049-131"
"SYN-049","C1","FIXED",141,2022-07-13,2023-05-02,"USA","SYN-049-132"
"SYN-049","C1","FIXED",142,2022-07-13,2023-05-02,"USA","SYN-049-133"
"SYN-049","C1","FIXED",142,2022-07-13,2023-05-02,"USA","SYN-049-134"
"SYN-049","C1","FIXED",142,2022-07-13,2023-05-02,"USA","SYN-049-135"
"SYN-049","C1","FIXED",141,2022-07-13,2023-05-02,"USA","SYN-049-136"
"SYN-049","C1","FIXED",142,2022-07-13,2023-05-02,"USA","SYN-049-137"
"SYN-049","C1","FIXED",142,2022-07-13,2023-05-02,"USA","SYN-049-138"
"SYN-049","C1","FIXED",142,2022-07-13,2023-05-02,"USA","SYN-049-139"
"SYN-049","C1","FIXED",142,2022-07-13,2023-05-02,"USA","SYN-049-140"
"SYN-049","C1","FIXED",141,2022-07-13,2023-05-02,"USA","SYN-049-141"
"SYN-049","C1","FIXED",142,2022-07-13,2023-05-02,"USA","SYN-049-142"
"SYN-049","C1","FIXED",142,2022-07-13,2023-05-02,"USA","SYN-049-143"
"SYN-049","C1","FIXED",142,2022-07-13,2023-05-02,"USA","SYN-049-144"
"SYN-049","C1","FIXED",141,2022-07-13,2023-05-02,"USA","SYN-049-145"
"SYN-049","C1","FIXED",142,2022-07-13,2023-05-02,"USA","SYN-049-146"
"SYN-049","C1","FIXED",142,2022-07-13,2023-05-02,"USA","SYN-049-147"
"SYN-049","C1","FIXED",142,2022-07-13,2023-05-02,"USA","SYN-049-148"
"SYN-049","C1","FIXED",141,2022-07-13,2023-05-02,"USA","SYN-049-149"
"SYN-049","C1","FIXED",142,2022-07-13,2023-05-02,"USA","SYN-049-150"
"SYN-049","C1","FIXED",142,2022-07-13,2023-05-02,"USA","SYN-049-151"
"SYN-049","C1","FIXED",142,2022-07-13,2023-05-02,"USA","SYN-049-152"
"SYN-049","C1","FIXED",142,2022-07-13,2023-05-02,"USA","SYN-049-153"
"SYN-049","C1","FIXED",141,2022-07-13,2023-05-02,"USA","SYN-049-154"
"SYN-049","C1","FIXED",142,2022-07-13,2023-05-02,"USA","SYN-049-155"
"SYN-049","C1","FIXED",142,2022-07-13,2023-05-02,"USA","SYN-049-156"
"SYN-049","C1","FIXED",142,2022-07-13,2023-05-02,"USA","SYN-049-157"
"SYN-049","C1","FIXED",141,2022-07-13,2023-05-02,"USA","SYN-049-158"
"SYN-049","C1","FIXED",142,2022-07-13,2023-05-02,"USA","SYN-049-159"
"SYN-049","C1","FIXED",142,2022-07-13,2023-05-02,"USA","SYN-049-160"
"SYN-049","C1","FIXED",142,2022-07-13,2023-05-02,"USA","SYN-049-161"
"SYN-049","C1","FIXED",141,2022-07-13,2023-05-02,"USA","SYN-049-162"
"SYN-049","C1","FIXED",142,2022-07-13,2023-05-02,"USA","SYN-049-163"
"SYN-049","C1","FIXED",142,2022-07-13,2023-05-02,"USA","SYN-049-164"
"SYN-049","C1","FIXED",142,2022-07-13,2023-05-02,"USA","SYN-049-165"
"SYN-049","C1","FIXED",141,2022-07-13,2023-05-02,"USA","SYN-049-166"
"SYN-049","C1","FIXED",142,2022-07-13,2023-05-02,"USA","SYN-049-167"
"SYN-049","C1","FIXED",142,2022-07-13,2023-05-02,"USA","SYN-049-168"
"SYN-049","C1","FIXED",142,2022-07-13,2023-05-02,"USA","SYN-049-169"
"SYN-049","C1","FIXED",142,2022-07-13,2023-05-02,"USA","SYN-049-170"
"SYN-049","C1","FIXED",141,2022-07-13,2023-05-02,"USA","SYN-049-171"
"SYN-049","C1","FIXED",142,2022-07-13,2023-05-02,"USA","SYN-049-172"
"SYN-049","C1","FIXED",142,2022-07-13,2023-05-02,"USA","SYN-049-173"
"SYN-049","C1","FIXED",142,2022-07-13,2023-05-02,"USA","SYN-049-174"
"SYN-049","C1","FIXED",141,2022-07-13,2023-05-02,"USA","SYN-049-175"
"SYN-049","C1","FIXED",142,2022-07-13,2023-05-02,"USA","SYN-049-176"
"SYN-049","C1","FIXED",142,2022-07-13,2023-05-02,"USA","SYN-049-177"
"SYN-049","C1","FIXED",142,2022-07-13,2023-05-02,"USA","SYN-049-178"
"SYN-049","C1","FIXED",141,2022-07-13,2023-05-02,"USA","SYN-049-179"
"SYN-049","C1","FIXED",142,2022-07-13,2023-05-02,"USA","SYN-049-180"
"SYN-049","C1","FIXED",142,2022-07-13,2023-05-02,"USA","SYN-049-181"
"SYN-049","C1","FIXED",142,2022-07-13,2023-05-02,"USA","SYN-049-182"
"SYN-049","C1","FIXED",142,2022-07-13,2023-05-02,"USA","SYN-049-183"
"SYN-049","C1","FIXED",141,2022-07-13,2023-05-02,"USA","SYN-049-184"
"SYN-049","C1","FIXED",142,2022-07-13,2023-05-02,"USA","SYN-049-185"
"SYN-049","C1","FIXED",142,2022-07-13,2023-05-02,"USA","SYN-049-186"
"SYN-049","C1","FIXED",142,2022-07-13,2023-05-02,"USA","SYN-049-187"
"SYN-049","C1","FIXED",141,2022-07-13,2023-05-02,"USA","SYN-049-188"
"SYN-049","C1","FIXED",142,2022-07-13,2023-05-02,"USA","SYN-049-189"
"SYN-049","C1","FIXED",142,2022-07-13,2023-05-02,"USA","SYN-049-190"
"SYN-049","C1","FIXED",142,2022-07-13,2023-05-02,"USA","SYN-049-191"
"SYN-049","C1","FIXED",141,2022-07-13,2023-05-02,"USA","SYN-049-192"
"SYN-049","C1","FIXED",142,2022-07-13,2023-05-02,"USA","SYN-049-193"
"SYN-049","C1","FIXED",142,2022-07-13,2023-05-02,"USA","SYN-049-194"
"SYN-050","C1","TITR",7,2024-03-03,2024-09-07,"USA","SYN-050-001"
"SYN-050","C1","TITR",7,2024-03-03,2024-09-07,"USA","SYN-050-002"
"SYN-050","C1","TITR",7,2024-03-03,2024-09-07,"USA","SYN-050-003"
"SYN-050","C1","TITR",7,2024-03-03,2024-09-07,"USA","SYN-050-004"
"SYN-050","C1","TITR",7,2024-03-03,2024-09-07,"USA","SYN-050-005"
"SYN-050","C1","TITR",7,2024-03-03,2024-09-07,"USA","SYN-050-006"
"SYN-050","C1","TITR",7,2024-03-03,2024-09-07,"USA","SYN-050-007"
"SYN-050","C1","TITR",7,2024-03-03,2024-09-07,"USA","SYN-050-008"
"SYN-050","C1","TITR",7,2024-03-03,2024-09-07,"USA","SYN-050-009"
"SYN-050","C1","TITR",7,2024-03-03,2024-09-07,"USA","SYN-050-010"
"SYN-050","C1","TITR",7,2024-03-03,2024-09-07,"USA","SYN-050-011"
"SYN-050","C1","TITR",7,2024-03-03,2024-09-07,"USA","SYN-050-012"
"SYN-050","C1","TITR",7,2024-03-03,2024-09-07,"USA","SYN-050-013"
"SYN-050","C1","TITR",6,2024-03-03,2024-09-07,"USA","SYN-050-014"
"SYN-050","C1","TITR",7,2024-03-03,2024-09-07,"USA","SYN-050-015"
"SYN-050","C1","TITR",7,2024-03-03,2024-09-07,"USA","SYN-050-016"
"SYN-050","C1","TITR",7,2024-03-03,2024-09-07,"USA","SYN-050-017"
"SYN-050","C1","TITR",7,2024-03-03,2024-09-07,"USA","SYN-050-018"
"SYN-050","C1","TITR",7,2024-03-03,2024-09-07,"USA","SYN-050-019"
"SYN-050","C1","TITR",7,2024-03-03,2024-09-07,"USA","SYN-050-020"
"SYN-050","C1","TITR",7,2024-03-03,2024-09-07,"USA","SYN-050-021"
"SYN-050","C1","TITR",7,2024-03-03,2024-09-07,"USA","SYN-050-022"
"SYN-050","C1","TITR",7,2024-03-03,2024-09-07,"USA","SYN-050-023"
"SYN-050","C1","TITR",7,2024-03-03,2024-09-07,"USA","SYN-050-024"
"SYN-050","C1","TITR",7,2024-03-03,2024-09-07,"USA","SYN-050-025"
"SYN-050","C1","TITR",7,2024-03-03,2024-09-07,"USA","SYN-050-026"
"SYN-050","C1","TITR",7,2024-03-03,2024-09-07,"USA","SYN-050-027"
"SYN-051","C1","FIXED",7,2024-03-02,2025-02-09,"USA","SYN-051-001"
"SYN-051","C1","FIXED",8,2024-03-02,2025-02-09,"USA","SYN-051-002"
"SYN-051","C1","FIXED",7,2024-03-02,2025-02-09,"USA","SYN-051-003"
"SYN-051","C1","FIXED",8,2024-03-02,2025-02-09,"USA","SYN-051-004"
"SYN-051","C1","FIXED",7,2024-03-02,2025-02-09,"USA","SYN-051-005"
"SYN-051","C1","FIXED",8,2024-03-02,2025-02-09,"USA","SYN-051-006"
"SYN-051","C1","FIXED",7,2024-03-02,2025-02-09,"USA","SYN-051-007"
"SYN-051","C1","FIXED",8,2024-03-02,2025-02-09,"USA","SYN-051-008"
"SYN-051","C1","FIXED",7,2024-03-02,2025-02-09,"USA","SYN-051-009"
"SYN-051","C1","FIXED",7,2024-03-02,2025-02-09,"USA","SYN-051-010"
"SYN-051","C1","FIXED",8,2024-03-02,2025-02-09,"USA","SYN-051-011"
"SYN-051","C1","FIXED",7,2024-03-02,2025-02-09,"USA","SYN-051-012"
"SYN-051","C1","FIXED",8,2024-03-02,2025-02-09,"USA","SYN-051-013"
"SYN-051","C1","FIXED",7,2024-03-02,2025-02-09,"USA","SYN-051-014"
"SYN-051","C1","FIXED",8,2024-03-02,2025-02-09,"USA","SYN-051-015"
"SYN-051","C1","FIXED",7,2024-03-02,2025-02-09,"USA","SYN-051-016"
"SYN-051","C1","FIXED",7,2024-03-02,2025-02-09,"USA","SYN-051-017"
"SYN-051","C1","FIXED",8,2024-03-02,2025-02-09,"USA","SYN-051-018"
"SYN-051","C1","FIXED",7,2024-03-02,2025-02-09,"USA","SYN-051-019"
"SYN-051","C1","FIXED",8,2024-03-02,2025-02-09,"USA","SYN-051-020"
"SYN-051","C1","FIXED",7,2024-03-02,2025-02-09,"USA","SYN-051-021"
"SYN-051","C1","FIXED",8,2024-03-02,2025-02-09,"USA","SYN-051-022"
"SYN-051","C1","FIXED",7,2024-03-02,2025-02-09,"USA","SYN-051-023"
"SYN-051","C1","FIXED",8,2024-03-02,2025-02-09,"USA","SYN-051-024"
"SYN-051","C1","FIXED",7,2024-03-02,2025-02-09,"USA","SYN-051-025"
"SYN-051","C1","FIXED",7,2024-03-02,2025-02-09,"USA","SYN-051-026"
"SYN-051","C1","FIXED",8,2024-03-02,2025-02-09,"USA","SYN-051-027"
"SYN-051","C1","FIXED",7,2024-03-02,2025-02-09,"USA","SYN-051-028"
"SYN-051","C1","FIXED",8,2024-03-02,2025-02-09,"USA","SYN-051-029"
"SYN-051","C1","FIXED",7,2024-03-02,2025-02-09,"USA","SYN-051-030"
"SYN-051","C1","FIXED",8,2024-03-02,2025-02-09,"USA","SYN-051-031"
"SYN-051","C1","FIXED",7,2024-03-02,2025-02-09,"USA","SYN-051-032"
"SYN-051","C1","FIXED",8,2024-03-02,2025-02-09,"USA","SYN-051-033"
"SYN-051","C1","FIXED",7,2024-03-02,2025-02-09,"USA","SYN-051-034"
"SYN-051","C1","FIXED",7,2024-03-02,2025-02-09,"USA","SYN-051-035"
"SYN-051","C1","FIXED",8,2024-03-02,2025-02-09,"USA","SYN-051-036"
"SYN-051","C1","FIXED",7,2024-03-02,2025-02-09,"USA","SYN-051-037"
"SYN-051","C1","FIXED",8,2024-03-02,2025-02-09,"USA","SYN-051-038"
"SYN-051","C1","FIXED",7,2024-03-02,2025-02-09,"USA","SYN-051-039"
"SYN-051","C1","FIXED",8,2024-03-02,2025-02-09,"USA","SYN-051-040"
"SYN-051","C1","FIXED",7,2024-03-02,2025-02-09,"USA","SYN-051-041"
"SYN-051","C1","FIXED",7,2024-03-02,2025-02-09,"USA","SYN-051-042"
"SYN-051","C1","FIXED",8,2024-03-02,2025-02-09,"USA","SYN-051-043"
"SYN-051","C1","FIXED",7,2024-03-02,2025-02-09,"USA","SYN-051-044"
"SYN-051","C1","FIXED",8,2024-03-02,2025-02-09,"USA","SYN-051-045"
"SYN-051","C1","FIXED",7,2024-03-02,2025-02-09,"USA","SYN-051-046"
"SYN-051","C1","FIXED",8,2024-03-02,2025-02-09,"USA","SYN-051-047"
"SYN-051","C1","FIXED",7,2024-03-02,2025-02-09,"USA","SYN-051-048"
"SYN-051","C1","FIXED",8,2024-03-02,2025-02-09,"USA","SYN-051-049"
"SYN-051","C1","FIXED",7,2024-03-02,2025-02-09,"USA","SYN-051-050"
"SYN-052","C1","FIXED",6,2023-11-03,2024-03-02,"USA","SYN-052-001"
"SYN-052","C1","FIXED",7,2023-11-03,2024-03-02,"USA","SYN-052-002"
"SYN-052","C1","FIXED",6,2023-11-03,2024-03-02,"USA","SYN-052-003"
"SYN-052","C1","FIXED",7,2023-11-03,2024-03-02,"USA","SYN-052-004"
"SYN-052","C1","FIXED",6,2023-11-03,2024-03-02,"USA","SYN-052-005"
"SYN-052","C1","FIXED",7,2023-11-03,2024-03-02,"USA","SYN-052-006"
"SYN-052","C1","FIXED",6,2023-11-03,2024-03-02,"USA","SYN-052-007"
"SYN-052","C1","FIXED",6,2023-11-03,2024-03-02,"USA","SYN-052-008"
"SYN-052","C1","FIXED",7,2023-11-03,2024-03-02,"USA","SYN-052-009"
"SYN-052","C1","FIXED",6,2023-11-03,2024-03-02,"USA","SYN-052-010"
"SYN-052","C1","FIXED",7,2023-11-03,2024-03-02,"USA","SYN-052-011"
"SYN-052","C1","FIXED",6,2023-11-03,2024-03-02,"USA","SYN-052-012"
"SYN-052","C1","FIXED",6,2023-11-03,2024-03-02,"USA","SYN-052-013"
"SYN-052","C1","FIXED",7,2023-11-03,2024-03-02,"USA","SYN-052-014"
"SYN-052","C1","FIXED",6,2023-11-03,2024-03-02,"USA","SYN-052-015"
"SYN-052","C1","FIXED",7,2023-11-03,2024-03-02,"USA","SYN-052-016"
"SYN-052","C1","FIXED",6,2023-11-03,2024-03-02,"USA","SYN-052-017"
"SYN-052","C1","FIXED",7,2023-11-03,2024-03-02,"USA","SYN-052-018"
"SYN-052","C1","FIXED",6,2023-11-03,2024-03-02,"USA","SYN-052-019"
"SYN-052","C1","FIXED",6,2023-11-03,2024-03-02,"USA","SYN-052-020"
"SYN-052","C1","FIXED",7,2023-11-03,2024-03-02,"USA","SYN-052-021"
"SYN-052","C1","FIXED",6,2023-11-03,2024-03-02,"USA","SYN-052-022"
"SYN-052","C1","FIXED",7,2023-11-03,2024-03-02,"USA","SYN-052-023"
"SYN-052","C1","FIXED",6,2023-11-03,2024-03-02,"USA","SYN-052-024"
"SYN-052","C1","FIXED",6,2023-11-03,2024-03-02,"USA","SYN-052-025"
"SYN-052","C1","FIXED",7,2023-11-03,2024-03-02,"USA","SYN-052-026"
"SYN-052","C1","FIXED",6,2023-11-03,2024-03-02,"USA","SYN-052-027"
"SYN-052","C1","FIXED",7,2023-11-03,2024-03-02,"USA","SYN-052-028"
"SYN-052","C1","FIXED",6,2023-11-03,2024-03-02,"USA","SYN-052-029"
"SYN-052","C1","FIXED",7,2023-11-03,2024-03-02,"USA","SYN-052-030"
"SYN-052","C1","FIXED",6,2023-11-03,2024-03-02,"USA","SYN-052-031"
"SYN-052","C1","FIXED",6,2023-11-03,2024-03-02,"USA","SYN-052-032"
"SYN-052","C1","FIXED",7,2023-11-03,2024-03-02,"USA","SYN-052-033"
"SYN-052","C1","FIXED",6,2023-11-03,2024-03-02,"USA","SYN-052-034"
"SYN-052","C1","FIXED",7,2023-11-03,2024-03-02,"USA","SYN-052-035"
"SYN-052","C1","FIXED",6,2023-11-03,2024-03-02,"USA","SYN-052-036"
"SYN-052","C1","FIXED",7,2023-11-03,2024-03-02,"USA","SYN-052-037"
"SYN-052","C1","FIXED",6,2023-11-03,2024-03-02,"USA","SYN-052-038"
"SYN-052","C1","FIXED",6,2023-11-03,2024-03-02,"USA","SYN-052-039"
"SYN-052","C1","FIXED",7,2023-11-03,2024-03-02,"USA","SYN-052-040"
"SYN-052","C1","FIXED",6,2023-11-03,2024-03-02,"USA","SYN-052-041"
"SYN-052","C1","FIXED",7,2023-11-03,2024-03-02,"USA","SYN-052-042"
"SYN-052","C1","FIXED",6,2023-11-03,2024-03-02,"USA","SYN-052-043"
"SYN-052","C1","FIXED",6,2023-11-03,2024-03-02,"USA","SYN-052-044"
"SYN-052","C1","FIXED",7,2023-11-03,2024-03-02,"USA","SYN-052-045"
"SYN-052","C1","FIXED",6,2023-11-03,2024-03-02,"USA","SYN-052-046"
"SYN-052","C1","FIXED",7,2023-11-03,2024-03-02,"USA","SYN-052-047"
"SYN-052","C1","FIXED",6,2023-11-03,2024-03-02,"USA","SYN-052-048"
"SYN-052","C1","FIXED",7,2023-11-03,2024-03-02,"USA","SYN-052-049"
"SYN-052","C1","FIXED",6,2023-11-03,2024-03-02,"USA","SYN-052-050"
"SYN-052","C1","FIXED",6,2023-11-03,2024-03-02,"USA","SYN-052-051"
"SYN-052","C1","FIXED",7,2023-11-03,2024-03-02,"USA","SYN-052-052"
"SYN-052","C1","FIXED",6,2023-11-03,2024-03-02,"USA","SYN-052-053"
"SYN-052","C1","FIXED",7,2023-11-03,2024-03-02,"USA","SYN-052-054"
"SYN-052","C1","FIXED",6,2023-11-03,2024-03-02,"USA","SYN-052-055"
"SYN-052","C1","FIXED",6,2023-11-03,2024-03-02,"USA","SYN-052-056"
"SYN-052","C1","FIXED",7,2023-11-03,2024-03-02,"USA","SYN-052-057"
"SYN-052","C1","FIXED",6,2023-11-03,2024-03-02,"USA","SYN-052-058"
"SYN-052","C1","FIXED",7,2023-11-03,2024-03-02,"USA","SYN-052-059"
"SYN-052","C1","FIXED",6,2023-11-03,2024-03-02,"USA","SYN-052-060"
"SYN-052","C1","FIXED",7,2023-11-03,2024-03-02,"USA","SYN-052-061"
"SYN-052","C1","FIXED",6,2023-11-03,2024-03-02,"USA","SYN-052-062"
"SYN-052","C1","FIXED",6,2023-11-03,2024-03-02,"USA","SYN-052-063"
"SYN-052","C1","FIXED",7,2023-11-03,2024-03-02,"USA","SYN-052-064"
"SYN-052","C1","FIXED",6,2023-11-03,2024-03-02,"USA","SYN-052-065"
"SYN-052","C1","FIXED",7,2023-11-03,2024-03-02,"USA","SYN-052-066"
"SYN-052","C1","FIXED",6,2023-11-03,2024-03-02,"USA","SYN-052-067"
"SYN-052","C1","FIXED",6,2023-11-03,2024-03-02,"USA","SYN-052-068"
"SYN-052","C1","FIXED",7,2023-11-03,2024-03-02,"USA","SYN-052-069"
"SYN-052","C1","FIXED",6,2023-11-03,2024-03-02,"USA","SYN-052-070"
"SYN-052","C1","FIXED",7,2023-11-03,2024-03-02,"USA","SYN-052-071"
"SYN-052","C1","FIXED",6,2023-11-03,2024-03-02,"USA","SYN-052-072"
"SYN-052","C1","FIXED",7,2023-11-03,2024-03-02,"USA","SYN-052-073"
"SYN-052","C1","FIXED",6,2023-11-03,2024-03-02,"USA","SYN-052-074"
"SYN-053","C1","FIXED",9,2024-06-20,2025-06-14,"USA","SYN-053-001"
"SYN-053","C1","FIXED",9,2024-06-20,2025-06-14,"USA","SYN-053-002"
"SYN-053","C1","FIXED",9,2024-06-20,2025-06-14,"USA","SYN-053-003"
"SYN-053","C1","FIXED",9,2024-06-20,2025-06-14,"USA","SYN-053-004"
"SYN-053","C1","FIXED",9,2024-06-20,2025-06-14,"USA","SYN-053-005"
"SYN-053","C1","FIXED",9,2024-06-20,2025-06-14,"USA","SYN-053-006"
"SYN-053","C1","FIXED",9,2024-06-20,2025-06-14,"USA","SYN-053-007"
"SYN-053","C1","FIXED",9,2024-06-20,2025-06-14,"USA","SYN-053-008"
"SYN-053","C1","FIXED",9,2024-06-20,2025-06-14,"USA","SYN-053-009"
"SYN-053","C1","FIXED",9,2024-06-20,2025-06-14,"USA","SYN-053-010"
"SYN-053","C1","FIXED",9,2024-06-20,2025-06-14,"USA","SYN-053-011"
"SYN-053","C1","FIXED",9,2024-06-20,2025-06-14,"USA","SYN-053-012"
"SYN-053","C1","FIXED",9,2024-06-20,2025-06-14,"USA","SYN-053-013"
"SYN-053","C1","FIXED",9,2024-06-20,2025-06-14,"USA","SYN-053-014"
"SYN-053","C1","FIXED",9,2024-06-20,2025-06-14,"USA","SYN-053-015"
"SYN-053","C1","FIXED",10,2024-06-20,2025-06-14,"USA","SYN-053-016"
"SYN-053","C1","FIXED",9,2024-06-20,2025-06-14,"USA","SYN-053-017"
"SYN-053","C1","FIXED",9,2024-06-20,2025-06-14,"USA","SYN-053-018"
"SYN-053","C1","FIXED",9,2024-06-20,2025-06-14,"USA","SYN-053-019"
"SYN-053","C1","FIXED",9,2024-06-20,2025-06-14,"USA","SYN-053-020"
"SYN-053","C1","FIXED",9,2024-06-20,2025-06-14,"USA","SYN-053-021"
"SYN-053","C1","FIXED",9,2024-06-20,2025-06-14,"USA","SYN-053-022"
"SYN-053","C1","FIXED",9,2024-06-20,2025-06-14,"USA","SYN-053-023"
"SYN-053","C1","FIXED",9,2024-06-20,2025-06-14,"USA","SYN-053-024"
"SYN-053","C1","FIXED",9,2024-06-20,2025-06-14,"USA","SYN-053-025"
"SYN-053","C1","FIXED",9,2024-06-20,2025-06-14,"USA","SYN-053-026"
"SYN-053","C1","FIXED",9,2024-06-20,2025-06-14,"USA","SYN-053-027"
"SYN-053","C1","FIXED",9,2024-06-20,2025-06-14,"USA","SYN-053-028"
"SYN-053","C1","FIXED",9,2024-06-20,2025-06-14,"USA","SYN-053-029"
"SYN-053","C1","FIXED",9,2024-06-20,2025-06-14,"USA","SYN-053-030"
"SYN-053","C1","FIXED",9,2024-06-20,2025-06-14,"USA","SYN-053-031"
"SYN-053","C1","FIXED",9,2024-06-20,2025-06-14,"USA","SYN-053-032"
"SYN-053","C1","FIXED",9,2024-06-20,2025-06-14,"USA","SYN-053-033"
"SYN-053","C1","FIXED",9,2024-06-20,2025-06-14,"USA","SYN-053-034"
"SYN-053","C1","FIXED",9,2024-06-20,2025-06-14,"USA","SYN-053-035"
"SYN-053","C1","FIXED",9,2024-06-20,2025-06-14,"USA","SYN-053-036"
"SYN-053","C1","FIXED",9,2024-06-20,2025-06-14,"USA","SYN-053-037"
"SYN-053","C1","FIXED",9,2024-06-20,2025-06-14,"USA","SYN-053-038"
"SYN-053","C1","FIXED",9,2024-06-20,2025-06-14,"USA","SYN-053-039"
"SYN-053","C1","FIXED",9,2024-06-20,2025-06-14,"USA","SYN-053-040"
"SYN-053","C1","FIXED",9,2024-06-20,2025-06-14,"USA","SYN-053-041"
"SYN-053","C1","FIXED",9,2024-06-20,2025-06-14,"USA","SYN-053-042"
"SYN-053","C1","FIXED",9,2024-06-20,2025-06-14,"USA","SYN-053-043"
"SYN-053","C1","FIXED",9,2024-06-20,2025-06-14,"USA","SYN-053-044"
"SYN-053","C1","FIXED",9,2024-06-20,2025-06-14,"USA","SYN-053-045"
"SYN-053","C1","FIXED",9,2024-06-20,2025-06-14,"USA","SYN-053-046"
"SYN-053","C1","FIXED",10,2024-06-20,2025-06-14,"USA","SYN-053-047"
"SYN-053","C1","FIXED",9,2024-06-20,2025-06-14,"USA","SYN-053-048"
"SYN-053","C1","FIXED",9,2024-06-20,2025-06-14,"USA","SYN-053-049"
"SYN-053","C1","FIXED",9,2024-06-20,2025-06-14,"USA","SYN-053-050"
"SYN-053","C1","FIXED",9,2024-06-20,2025-06-14,"USA","SYN-053-051"
"SYN-053","C1","FIXED",9,2024-06-20,2025-06-14,"USA","SYN-053-052"
"SYN-053","C1","FIXED",9,2024-06-20,2025-06-14,"USA","SYN-053-053"
"SYN-053","C1","FIXED",9,2024-06-20,2025-06-14,"USA","SYN-053-054"
"SYN-053","C1","FIXED",9,2024-06-20,2025-06-14,"USA","SYN-053-055"
"SYN-053","C1","FIXED",9,2024-06-20,2025-06-14,"USA","SYN-053-056"
"SYN-053","C1","FIXED",9,2024-06-20,2025-06-14,"USA","SYN-053-057"
"SYN-053","C1","FIXED",9,2024-06-20,2025-06-14,"USA","SYN-053-058"
"SYN-053","C1","FIXED",9,2024-06-20,2025-06-14,"USA","SYN-053-059"
"SYN-053","C1","FIXED",9,2024-06-20,2025-06-14,"USA","SYN-053-060"
"SYN-053","C1","FIXED",9,2024-06-20,2025-06-14,"USA","SYN-053-061"
"SYN-053","C1","FIXED",9,2024-06-20,2025-06-14,"USA","SYN-053-062"
"SYN-054","C1","FIXED",4,2024-03-01,2024-09-08,"USA","SYN-054-001"
"SYN-054","C1","FIXED",4,2024-03-01,2024-09-08,"USA","SYN-054-002"
"SYN-054","C1","FIXED",4,2024-03-01,2024-09-08,"USA","SYN-054-003"
"SYN-054","C1","FIXED",3,2024-03-01,2024-09-08,"USA","SYN-054-004"
"SYN-054","C1","FIXED",4,2024-03-01,2024-09-08,"USA","SYN-054-005"
"SYN-054","C1","FIXED",4,2024-03-01,2024-09-08,"USA","SYN-054-006"
"SYN-054","C1","FIXED",4,2024-03-01,2024-09-08,"USA","SYN-054-007"
"SYN-054","C1","FIXED",4,2024-03-01,2024-09-08,"USA","SYN-054-008"
"SYN-054","C1","FIXED",4,2024-03-01,2024-09-08,"USA","SYN-054-009"
"SYN-054","C1","FIXED",3,2024-03-01,2024-09-08,"USA","SYN-054-010"
"SYN-054","C1","FIXED",4,2024-03-01,2024-09-08,"USA","SYN-054-011"
"SYN-054","C1","FIXED",4,2024-03-01,2024-09-08,"USA","SYN-054-012"
"SYN-054","C1","FIXED",4,2024-03-01,2024-09-08,"USA","SYN-054-013"
"SYN-054","C1","FIXED",4,2024-03-01,2024-09-08,"USA","SYN-054-014"
"SYN-054","C1","FIXED",4,2024-03-01,2024-09-08,"USA","SYN-054-015"
"SYN-054","C1","FIXED",4,2024-03-01,2024-09-08,"USA","SYN-054-016"
"SYN-054","C1","FIXED",3,2024-03-01,2024-09-08,"USA","SYN-054-017"
"SYN-054","C1","FIXED",4,2024-03-01,2024-09-08,"USA","SYN-054-018"
"SYN-054","C1","FIXED",4,2024-03-01,2024-09-08,"USA","SYN-054-019"
"SYN-054","C1","FIXED",4,2024-03-01,2024-09-08,"USA","SYN-054-020"
"SYN-054","C1","FIXED",4,2024-03-01,2024-09-08,"USA","SYN-054-021"
"SYN-054","C1","FIXED",4,2024-03-01,2024-09-08,"USA","SYN-054-022"
"SYN-054","C1","FIXED",3,2024-03-01,2024-09-08,"USA","SYN-054-023"
"SYN-054","C1","FIXED",4,2024-03-01,2024-09-08,"USA","SYN-054-024"
"SYN-054","C1","FIXED",4,2024-03-01,2024-09-08,"USA","SYN-054-025"
"SYN-054","C1","FIXED",4,2024-03-01,2024-09-08,"USA","SYN-054-026"
"SYN-054","C1","FIXED",4,2024-03-01,2024-09-08,"USA","SYN-054-027"
"SYN-054","C1","FIXED",4,2024-03-01,2024-09-08,"USA","SYN-054-028"
"SYN-054","C1","FIXED",4,2024-03-01,2024-09-08,"USA","SYN-054-029"
"SYN-054","C1","FIXED",3,2024-03-01,2024-09-08,"USA","SYN-054-030"
"SYN-054","C1","FIXED",4,2024-03-01,2024-09-08,"USA","SYN-054-031"
"SYN-054","C1","FIXED",4,2024-03-01,2024-09-08,"USA","SYN-054-032"
"SYN-054","C1","FIXED",4,2024-03-01,2024-09-08,"USA","SYN-054-033"
"SYN-054","C1","FIXED",4,2024-03-01,2024-09-08,"USA","SYN-054-034"
"SYN-054","C1","FIXED",4,2024-03-01,2024-09-08,"USA","SYN-054-035"
"SYN-054","C1","FIXED",3,2024-03-01,2024-09-08,"USA","SYN-054-036"
"SYN-054","C1","FIXED",4,2024-03-01,2024-09-08,"USA","SYN-054-037"
"SYN-054","C1","FIXED",4,2024-03-01,2024-09-08,"USA","SYN-054-038"
"SYN-054","C1","FIXED",4,2024-03-01,2024-09-08,"USA","SYN-054-039"
"SYN-054","C1","FIXED",4,2024-03-01,2024-09-08,"USA","SYN-054-040"
"SYN-054","C1","FIXED",4,2024-03-01,2024-09-08,"USA","SYN-054-041"
"SYN-054","C1","FIXED",4,2024-03-01,2024-09-08,"USA","SYN-054-042"
"SYN-054","C1","FIXED",3,2024-03-01,2024-09-08,"USA","SYN-054-043"
"SYN-054","C1","FIXED",4,2024-03-01,2024-09-08,"USA","SYN-054-044"
"SYN-054","C1","FIXED",4,2024-03-01,2024-09-08,"USA","SYN-054-045"
"SYN-054","C1","FIXED",4,2024-03-01,2024-09-08,"USA","SYN-054-046"
"SYN-054","C1","FIXED",4,2024-03-01,2024-09-08,"USA","SYN-054-047"
"SYN-054","C1","FIXED",4,2024-03-01,2024-09-08,"USA","SYN-054-048"
"SYN-054","C1","FIXED",3,2024-03-01,2024-09-08,"USA","SYN-054-049"
"SYN-054","C1","FIXED",4,2024-03-01,2024-09-08,"USA","SYN-054-050"
"SYN-054","C1","FIXED",4,2024-03-01,2024-09-08,"USA","SYN-054-051"
"SYN-054","C1","FIXED",4,2024-03-01,2024-09-08,"USA","SYN-054-052"
"SYN-054","C1","FIXED",4,2024-03-01,2024-09-08,"USA","SYN-054-053"
"SYN-054","C1","FIXED",4,2024-03-01,2024-09-08,"USA","SYN-054-054"
"SYN-054","C1","FIXED",4,2024-03-01,2024-09-08,"USA","SYN-054-055"
"SYN-054","C1","FIXED",3,2024-03-01,2024-09-08,"USA","SYN-054-056"
"SYN-054","C1","FIXED",4,2024-03-01,2024-09-08,"USA","SYN-054-057"
"SYN-054","C1","FIXED",4,2024-03-01,2024-09-08,"USA","SYN-054-058"
"SYN-054","C1","FIXED",4,2024-03-01,2024-09-08,"USA","SYN-054-059"
"SYN-054","C1","FIXED",4,2024-03-01,2024-09-08,"USA","SYN-054-060"
"SYN-054","C1","FIXED",4,2024-03-01,2024-09-08,"USA","SYN-054-061"
"SYN-054","C1","FIXED",3,2024-03-01,2024-09-08,"USA","SYN-054-062"
"SYN-054","C1","FIXED",4,2024-03-01,2024-09-08,"USA","SYN-054-063"
"SYN-054","C1","FIXED",4,2024-03-01,2024-09-08,"USA","SYN-054-064"
"SYN-054","C1","FIXED",4,2024-03-01,2024-09-08,"USA","SYN-054-065"
"SYN-054","C1","FIXED",4,2024-03-01,2024-09-08,"USA","SYN-054-066"
"SYN-054","C1","FIXED",4,2024-03-01,2024-09-08,"USA","SYN-054-067"
"SYN-054","C1","FIXED",4,2024-03-01,2024-09-08,"USA","SYN-054-068"
"SYN-054","C1","FIXED",3,2024-03-01,2024-09-08,"USA","SYN-054-069"
"SYN-054","C1","FIXED",4,2024-03-01,2024-09-08,"USA","SYN-054-070"
"SYN-054","C1","FIXED",4,2024-03-01,2024-09-08,"USA","SYN-054-071"
"SYN-054","C1","FIXED",4,2024-03-01,2024-09-08,"USA","SYN-054-072"
"SYN-054","C1","FIXED",4,2024-03-01,2024-09-08,"USA","SYN-054-073"
"SYN-054","C1","FIXED",4,2024-03-01,2024-09-08,"USA","SYN-054-074"
"SYN-054","C1","FIXED",3,2024-03-01,2024-09-08,"USA","SYN-054-075"
"SYN-054","C1","FIXED",4,2024-03-01,2024-09-08,"USA","SYN-054-076"
"SYN-054","C1","FIXED",4,2024-03-01,2024-09-08,"USA","SYN-054-077"
"SYN-054","C1","FIXED",4,2024-03-01,2024-09-08,"USA","SYN-054-078"
"SYN-055","C1","TITR",4,2024-06-14,2025-05-05,"USA","SYN-055-001"
"SYN-055","C1","TITR",5,2024-06-14,2025-05-05,"USA","SYN-055-002"
"SYN-055","C1","TITR",4,2024-06-14,2025-05-05,"USA","SYN-055-003"
"SYN-055","C1","TITR",4,2024-06-14,2025-05-05,"USA","SYN-055-004"
"SYN-055","C1","TITR",5,2024-06-14,2025-05-05,"USA","SYN-055-005"
"SYN-055","C1","TITR",4,2024-06-14,2025-05-05,"USA","SYN-055-006"
"SYN-055","C1","TITR",5,2024-06-14,2025-05-05,"USA","SYN-055-007"
"SYN-055","C1","TITR",4,2024-06-14,2025-05-05,"USA","SYN-055-008"
"SYN-055","C1","TITR",4,2024-06-14,2025-05-05,"USA","SYN-055-009"
"SYN-055","C1","TITR",5,2024-06-14,2025-05-05,"USA","SYN-055-010"
"SYN-055","C1","TITR",4,2024-06-14,2025-05-05,"USA","SYN-055-011"
"SYN-055","C1","TITR",4,2024-06-14,2025-05-05,"USA","SYN-055-012"
"SYN-055","C1","TITR",5,2024-06-14,2025-05-05,"USA","SYN-055-013"
"SYN-055","C1","TITR",4,2024-06-14,2025-05-05,"USA","SYN-055-014"
"SYN-055","C1","TITR",5,2024-06-14,2025-05-05,"USA","SYN-055-015"
"SYN-055","C1","TITR",4,2024-06-14,2025-05-05,"USA","SYN-055-016"
"SYN-055","C1","TITR",4,2024-06-14,2025-05-05,"USA","SYN-055-017"
"SYN-055","C1","TITR",5,2024-06-14,2025-05-05,"USA","SYN-055-018"
"SYN-055","C1","TITR",4,2024-06-14,2025-05-05,"USA","SYN-055-019"
"SYN-055","C1","TITR",4,2024-06-14,2025-05-05,"USA","SYN-055-020"
"SYN-055","C1","TITR",5,2024-06-14,2025-05-05,"USA","SYN-055-021"
"SYN-055","C1","TITR",4,2024-06-14,2025-05-05,"USA","SYN-055-022"
"SYN-055","C1","TITR",5,2024-06-14,2025-05-05,"USA","SYN-055-023"
"SYN-055","C1","TITR",4,2024-06-14,2025-05-05,"USA","SYN-055-024"
"SYN-055","C1","TITR",4,2024-06-14,2025-05-05,"USA","SYN-055-025"
"SYN-055","C1","TITR",5,2024-06-14,2025-05-05,"USA","SYN-055-026"
"SYN-055","C1","TITR",4,2024-06-14,2025-05-05,"USA","SYN-055-027"
"SYN-055","C1","TITR",4,2024-06-14,2025-05-05,"USA","SYN-055-028"
"SYN-055","C1","TITR",5,2024-06-14,2025-05-05,"USA","SYN-055-029"
"SYN-055","C1","TITR",4,2024-06-14,2025-05-05,"USA","SYN-055-030"
"SYN-055","C1","TITR",5,2024-06-14,2025-05-05,"USA","SYN-055-031"
"SYN-055","C1","TITR",4,2024-06-14,2025-05-05,"USA","SYN-055-032"
"SYN-055","C1","TITR",4,2024-06-14,2025-05-05,"USA","SYN-055-033"
"SYN-055","C1","TITR",5,2024-06-14,2025-05-05,"USA","SYN-055-034"
"SYN-055","C1","TITR",4,2024-06-14,2025-05-05,"USA","SYN-055-035"
"SYN-056","C1","FIXED",7,2023-07-04,2024-06-11,"USA","SYN-056-001"
"SYN-056","C1","FIXED",7,2023-07-04,2024-06-11,"USA","SYN-056-002"
"SYN-056","C1","FIXED",7,2023-07-04,2024-06-11,"USA","SYN-056-003"
"SYN-056","C1","FIXED",7,2023-07-04,2024-06-11,"USA","SYN-056-004"
"SYN-056","C1","FIXED",7,2023-07-04,2024-06-11,"USA","SYN-056-005"
"SYN-056","C1","FIXED",7,2023-07-04,2024-06-11,"USA","SYN-056-006"
"SYN-056","C1","FIXED",7,2023-07-04,2024-06-11,"USA","SYN-056-007"
"SYN-056","C1","FIXED",7,2023-07-04,2024-06-11,"USA","SYN-056-008"
"SYN-056","C1","FIXED",7,2023-07-04,2024-06-11,"USA","SYN-056-009"
"SYN-056","C1","FIXED",7,2023-07-04,2024-06-11,"USA","SYN-056-010"
"SYN-056","C1","FIXED",7,2023-07-04,2024-06-11,"USA","SYN-056-011"
"SYN-056","C1","FIXED",7,2023-07-04,2024-06-11,"USA","SYN-056-012"
"SYN-056","C1","FIXED",7,2023-07-04,2024-06-11,"USA","SYN-056-013"
"SYN-056","C1","FIXED",7,2023-07-04,2024-06-11,"USA","SYN-056-014"
"SYN-056","C1","FIXED",7,2023-07-04,2024-06-11,"USA","SYN-056-015"
"SYN-056","C1","FIXED",7,2023-07-04,2024-06-11,"USA","SYN-056-016"
"SYN-056","C1","FIXED",7,2023-07-04,2024-06-11,"USA","SYN-056-017"
"SYN-056","C1","FIXED",7,2023-07-04,2024-06-11,"USA","SYN-056-018"
"SYN-056","C1","FIXED",7,2023-07-04,2024-06-11,"USA","SYN-056-019"
"SYN-056","C1","FIXED",7,2023-07-04,2024-06-11,"USA","SYN-056-020"
"SYN-056","C1","FIXED",7,2023-07-04,2024-06-11,"USA","SYN-056-021"
"SYN-056","C1","FIXED",7,2023-07-04,2024-06-11,"USA","SYN-056-022"
"SYN-056","C1","FIXED",7,2023-07-04,2024-06-11,"USA","SYN-056-023"
"SYN-056","C1","FIXED",7,2023-07-04,2024-06-11,"USA","SYN-056-024"
"SYN-056","C1","FIXED",7,2023-07-04,2024-06-11,"USA","SYN-056-025"
"SYN-056","C1","FIXED",7,2023-07-04,2024-06-11,"USA","SYN-056-026"
"SYN-056","C1","FIXED",7,2023-07-04,2024-06-11,"USA","SYN-056-027"
"SYN-056","C1","FIXED",7,2023-07-04,2024-06-11,"USA","SYN-056-028"
"SYN-056","C1","FIXED",7,2023-07-04,2024-06-11,"USA","SYN-056-029"
"SYN-056","C1","FIXED",7,2023-07-04,2024-06-11,"USA","SYN-056-030"
"SYN-056","C1","FIXED",7,2023-07-04,2024-06-11,"USA","SYN-056-031"
"SYN-056","C1","FIXED",7,2023-07-04,2024-06-11,"USA","SYN-056-032"
"SYN-056","C1","FIXED",8,2023-07-04,2024-06-11,"USA","SYN-056-033"
"SYN-056","C1","FIXED",7,2023-07-04,2024-06-11,"USA","SYN-056-034"
"SYN-056","C1","FIXED",7,2023-07-04,2024-06-11,"USA","SYN-056-035"
"SYN-056","C1","FIXED",7,2023-07-04,2024-06-11,"USA","SYN-056-036"
"SYN-056","C1","FIXED",7,2023-07-04,2024-06-11,"USA","SYN-056-037"
"SYN-056","C1","FIXED",7,2023-07-04,2024-06-11,"USA","SYN-056-038"
"SYN-056","C1","FIXED",7,2023-07-04,2024-06-11,"USA","SYN-056-039"
"SYN-056","C1","FIXED",7,2023-07-04,2024-06-11,"USA","SYN-056-040"
"SYN-056","C1","FIXED",7,2023-07-04,2024-06-11,"USA","SYN-056-041"
"SYN-056","C1","FIXED",7,2023-07-04,2024-06-11,"USA","SYN-056-042"
"SYN-056","C1","FIXED",7,2023-07-04,2024-06-11,"USA","SYN-056-043"
"SYN-056","C1","FIXED",7,2023-07-04,2024-06-11,"USA","SYN-056-044"
"SYN-056","C1","FIXED",7,2023-07-04,2024-06-11,"USA","SYN-056-045"
"SYN-056","C1","FIXED",7,2023-07-04,2024-06-11,"USA","SYN-056-046"
"SYN-056","C1","FIXED",7,2023-07-04,2024-06-11,"USA","SYN-056-047"
"SYN-056","C1","FIXED",7,2023-07-04,2024-06-11,"USA","SYN-056-048"
"SYN-056","C1","FIXED",7,2023-07-04,2024-06-11,"USA","SYN-056-049"
"SYN-056","C1","FIXED",7,2023-07-04,2024-06-11,"USA","SYN-056-050"
"SYN-056","C1","FIXED",7,2023-07-04,2024-06-11,"USA","SYN-056-051"
"SYN-056","C1","FIXED",7,2023-07-04,2024-06-11,"USA","SYN-056-052"
"SYN-056","C1","FIXED",7,2023-07-04,2024-06-11,"USA","SYN-056-053"
"SYN-056","C1","FIXED",7,2023-07-04,2024-06-11,"USA","SYN-056-054"
"SYN-056","C1","FIXED",7,2023-07-04,2024-06-11,"USA","SYN-056-055"
"SYN-056","C1","FIXED",7,2023-07-04,2024-06-11,"USA","SYN-056-056"
"SYN-056","C1","FIXED",7,2023-07-04,2024-06-11,"USA","SYN-056-057"
"SYN-056","C1","FIXED",7,2023-07-04,2024-06-11,"USA","SYN-056-058"
"SYN-056","C1","FIXED",7,2023-07-04,2024-06-11,"USA","SYN-056-059"
"SYN-056","C1","FIXED",7,2023-07-04,2024-06-11,"USA","SYN-056-060"
"SYN-056","C1","FIXED",7,2023-07-04,2024-06-11,"USA","SYN-056-061"
"SYN-056","C1","FIXED",7,2023-07-04,2024-06-11,"USA","SYN-056-062"
"SYN-056","C1","FIXED",7,2023-07-04,2024-06-11,"USA","SYN-056-063"
"SYN-056","C1","FIXED",7,2023-07-04,2024-06-11,"USA","SYN-056-064"
"SYN-056","C1","FIXED",7,2023-07-04,2024-06-11,"USA","SYN-056-065"
"SYN-057","C1","TITR",5,2024-08-17,2025-07-20,"USA","SYN-057-001"
"SYN-057","C1","TITR",6,2024-08-17,2025-07-20,"USA","SYN-057-002"
"SYN-057","C1","TITR",5,2024-08-17,2025-07-20,"USA","SYN-057-003"
"SYN-057","C1","TITR",6,2024-08-17,2025-07-20,"USA","SYN-057-004"
"SYN-057","C1","TITR",5,2024-08-17,2025-07-20,"USA","SYN-057-005"
"SYN-057","C1","TITR",5,2024-08-17,2025-07-20,"USA","SYN-057-006"
"SYN-057","C1","TITR",6,2024-08-17,2025-07-20,"USA","SYN-057-007"
"SYN-057","C1","TITR",5,2024-08-17,2025-07-20,"USA","SYN-057-008"
"SYN-057","C1","TITR",5,2024-08-17,2025-07-20,"USA","SYN-057-009"
"SYN-057","C1","TITR",6,2024-08-17,2025-07-20,"USA","SYN-057-010"
"SYN-057","C1","TITR",5,2024-08-17,2025-07-20,"USA","SYN-057-011"
"SYN-057","C1","TITR",6,2024-08-17,2025-07-20,"USA","SYN-057-012"
"SYN-057","C1","TITR",5,2024-08-17,2025-07-20,"USA","SYN-057-013"
"SYN-057","C1","TITR",5,2024-08-17,2025-07-20,"USA","SYN-057-014"
"SYN-057","C1","TITR",6,2024-08-17,2025-07-20,"USA","SYN-057-015"
"SYN-057","C1","TITR",5,2024-08-17,2025-07-20,"USA","SYN-057-016"
"SYN-057","C1","TITR",6,2024-08-17,2025-07-20,"USA","SYN-057-017"
"SYN-057","C1","TITR",5,2024-08-17,2025-07-20,"USA","SYN-057-018"
"SYN-057","C1","TITR",5,2024-08-17,2025-07-20,"USA","SYN-057-019"
"SYN-057","C1","TITR",6,2024-08-17,2025-07-20,"USA","SYN-057-020"
"SYN-057","C1","TITR",5,2024-08-17,2025-07-20,"USA","SYN-057-021"
"SYN-057","C1","TITR",5,2024-08-17,2025-07-20,"USA","SYN-057-022"
"SYN-057","C1","TITR",6,2024-08-17,2025-07-20,"USA","SYN-057-023"
"SYN-057","C1","TITR",5,2024-08-17,2025-07-20,"USA","SYN-057-024"
"SYN-057","C1","TITR",6,2024-08-17,2025-07-20,"USA","SYN-057-025"
"SYN-057","C1","TITR",5,2024-08-17,2025-07-20,"USA","SYN-057-026"
"SYN-058","C1","FIXED",11,2024-02-15,2024-07-30,"USA","SYN-058-001"
"SYN-058","C1","FIXED",12,2024-02-15,2024-07-30,"USA","SYN-058-002"
"SYN-058","C1","FIXED",11,2024-02-15,2024-07-30,"USA","SYN-058-003"
"SYN-058","C1","FIXED",11,2024-02-15,2024-07-30,"USA","SYN-058-004"
"SYN-058","C1","FIXED",12,2024-02-15,2024-07-30,"USA","SYN-058-005"
"SYN-058","C1","FIXED",11,2024-02-15,2024-07-30,"USA","SYN-058-006"
"SYN-058","C1","FIXED",12,2024-02-15,2024-07-30,"USA","SYN-058-007"
"SYN-058","C1","FIXED",11,2024-02-15,2024-07-30,"USA","SYN-058-008"
"SYN-058","C1","FIXED",11,2024-02-15,2024-07-30,"USA","SYN-058-009"
"SYN-058","C1","FIXED",12,2024-02-15,2024-07-30,"USA","SYN-058-010"
"SYN-058","C1","FIXED",11,2024-02-15,2024-07-30,"USA","SYN-058-011"
"SYN-058","C1","FIXED",11,2024-02-15,2024-07-30,"USA","SYN-058-012"
"SYN-058","C1","FIXED",12,2024-02-15,2024-07-30,"USA","SYN-058-013"
"SYN-058","C1","FIXED",11,2024-02-15,2024-07-30,"USA","SYN-058-014"
"SYN-058","C1","FIXED",12,2024-02-15,2024-07-30,"USA","SYN-058-015"
"SYN-058","C1","FIXED",11,2024-02-15,2024-07-30,"USA","SYN-058-016"
"SYN-058","C1","FIXED",11,2024-02-15,2024-07-30,"USA","SYN-058-017"
"SYN-058","C1","FIXED",12,2024-02-15,2024-07-30,"USA","SYN-058-018"
"SYN-058","C1","FIXED",11,2024-02-15,2024-07-30,"USA","SYN-058-019"
"SYN-058","C1","FIXED",11,2024-02-15,2024-07-30,"USA","SYN-058-020"
"SYN-058","C1","FIXED",12,2024-02-15,2024-07-30,"USA","SYN-058-021"
"SYN-058","C1","FIXED",11,2024-02-15,2024-07-30,"USA","SYN-058-022"
"SYN-058","C1","FIXED",11,2024-02-15,2024-07-30,"USA","SYN-058-023"
"SYN-058","C1","FIXED",12,2024-02-15,2024-07-30,"USA","SYN-058-024"
"SYN-058","C1","FIXED",11,2024-02-15,2024-07-30,"USA","SYN-058-025"
"SYN-058","C1","FIXED",12,2024-02-15,2024-07-30,"USA","SYN-058-026"
"SYN-058","C1","FIXED",11,2024-02-15,2024-07-30,"USA","SYN-058-027"
"SYN-058","C1","FIXED",11,2024-02-15,2024-07-30,"USA","SYN-058-028"
"SYN-058","C1","FIXED",12,2024-02-15,2024-07-30,"USA","SYN-058-029"
"SYN-058","C1","FIXED",11,2024-02-15,2024-07-30,"USA","SYN-058-030"
"SYN-058","C1","FIXED",11,2024-02-15,2024-07-30,"USA","SYN-058-031"
"SYN-058","C1","FIXED",12,2024-02-15,2024-07-30,"USA","SYN-058-032"
"SYN-058","C1","FIXED",11,2024-02-15,2024-07-30,"USA","SYN-058-033"
"SYN-058","C1","FIXED",12,2024-02-15,2024-07-30,"USA","SYN-058-034"
"SYN-058","C1","FIXED",11,2024-02-15,2024-07-30,"USA","SYN-058-035"
"SYN-058","C1","FIXED",11,2024-02-15,2024-07-30,"USA","SYN-058-036"
"SYN-058","C1","FIXED",12,2024-02-15,2024-07-30,"USA","SYN-058-037"
"SYN-058","C1","FIXED",11,2024-02-15,2024-07-30,"USA","SYN-058-038"
"SYN-059","C1","FIXED",10,2024-07-26,2025-07-13,"USA","SYN-059-001"
"SYN-059","C1","FIXED",9,2024-07-26,2025-07-13,"USA","SYN-059-002"
"SYN-059","C1","FIXED",10,2024-07-26,2025-07-13,"USA","SYN-059-003"
"SYN-059","C1","FIXED",9,2024-07-26,2025-07-13,"USA","SYN-059-004"
"SYN-059","C1","FIXED",10,2024-07-26,2025-07-13,"USA","SYN-059-005"
"SYN-059","C1","FIXED",9,2024-07-26,2025-07-13,"USA","SYN-059-006"
"SYN-059","C1","FIXED",10,2024-07-26,2025-07-13,"USA","SYN-059-007"
"SYN-059","C1","FIXED",9,2024-07-26,2025-07-13,"USA","SYN-059-008"
"SYN-059","C1","FIXED",10,2024-07-26,2025-07-13,"USA","SYN-059-009"
"SYN-059","C1","FIXED",9,2024-07-26,2025-07-13,"USA","SYN-059-010"
"SYN-059","C1","FIXED",10,2024-07-26,2025-07-13,"USA","SYN-059-011"
"SYN-059","C1","FIXED",10,2024-07-26,2025-07-13,"USA","SYN-059-012"
"SYN-059","C1","FIXED",9,2024-07-26,2025-07-13,"USA","SYN-059-013"
"SYN-059","C1","FIXED",10,2024-07-26,2025-07-13,"USA","SYN-059-014"
"SYN-059","C1","FIXED",9,2024-07-26,2025-07-13,"USA","SYN-059-015"
"SYN-059","C1","FIXED",10,2024-07-26,2025-07-13,"USA","SYN-059-016"
"SYN-059","C1","FIXED",9,2024-07-26,2025-07-13,"USA","SYN-059-017"
"SYN-059","C1","FIXED",10,2024-07-26,2025-07-13,"USA","SYN-059-018"
"SYN-059","C1","FIXED",9,2024-07-26,2025-07-13,"USA","SYN-059-019"
"SYN-059","C1","FIXED",10,2024-07-26,2025-07-13,"USA","SYN-059-020"
"SYN-059","C1","FIXED",9,2024-07-26,2025-07-13,"USA","SYN-059-021"
"SYN-059","C1","FIXED",10,2024-07-26,2025-07-13,"USA","SYN-059-022"
"SYN-059","C1","FIXED",9,2024-07-26,2025-07-13,"USA","SYN-059-023"
"SYN-059","C1","FIXED",10,2024-07-26,2025-07-13,"USA","SYN-059-024"
"SYN-059","C1","FIXED",10,2024-07-26,2025-07-13,"USA","SYN-059-025"
"SYN-059","C1","FIXED",9,2024-07-26,2025-07-13,"USA","SYN-059-026"
"SYN-059","C1","FIXED",10,2024-07-26,2025-07-13,"USA","SYN-059-027"
"SYN-059","C1","FIXED",9,2024-07-26,2025-07-13,"USA","SYN-059-028"
"SYN-059","C1","FIXED",10,2024-07-26,2025-07-13,"USA","SYN-059-029"
"SYN-059","C1","FIXED",9,2024-07-26,2025-07-13,"USA","SYN-059-030"
"SYN-059","C1","FIXED",10,2024-07-26,2025-07-13,"USA","SYN-059-031"
"SYN-059","C1","FIXED",9,2024-07-26,2025-07-13,"USA","SYN-059-032"
"SYN-059","C1","FIXED",10,2024-07-26,2025-07-13,"USA","SYN-059-033"
"SYN-059","C1","FIXED",9,2024-07-26,2025-07-13,"USA","SYN-059-034"
"SYN-059","C1","FIXED",10,2024-07-26,2025-07-13,"USA","SYN-059-035"
"SYN-060","C1","FIXED",160,2022-10-02,2024-01-13,"USA","SYN-060-001"
"SYN-060","C1","FIXED",160,2022-10-02,2024-01-13,"USA","SYN-060-002"
"SYN-060","C1","FIXED",160,2022-10-02,2024-01-13,"USA","SYN-060-003"
"SYN-060","C1","FIXED",160,2022-10-02,2024-01-13,"USA","SYN-060-004"
"SYN-060","C1","FIXED",160,2022-10-02,2024-01-13,"USA","SYN-060-005"
"SYN-060","C1","FIXED",160,2022-10-02,2024-01-13,"USA","SYN-060-006"
"SYN-060","C1","FIXED",160,2022-10-02,2024-01-13,"USA","SYN-060-007"
"SYN-060","C1","FIXED",160,2022-10-02,2024-01-13,"USA","SYN-060-008"
"SYN-060","C1","FIXED",160,2022-10-02,2024-01-13,"USA","SYN-060-009"
"SYN-060","C1","FIXED",160,2022-10-02,2024-01-13,"USA","SYN-060-010"
"SYN-060","C1","FIXED",160,2022-10-02,2024-01-13,"USA","SYN-060-011"
"SYN-060","C1","FIXED",160,2022-10-02,2024-01-13,"USA","SYN-060-012"
"SYN-060","C1","FIXED",160,2022-10-02,2024-01-13,"USA","SYN-060-013"
"SYN-060","C1","FIXED",160,2022-10-02,2024-01-13,"USA","SYN-060-014"
"SYN-060","C1","FIXED",160,2022-10-02,2024-01-13,"USA","SYN-060-015"
"SYN-060","C1","FIXED",160,2022-10-02,2024-01-13,"USA","SYN-060-016"
"SYN-060","C1","FIXED",160,2022-10-02,2024-01-13,"USA","SYN-060-017"
"SYN-060","C1","FIXED",160,2022-10-02,2024-01-13,"USA","SYN-060-018"
"SYN-060","C1","FIXED",160,2022-10-02,2024-01-13,"USA","SYN-060-019"
"SYN-060","C1","FIXED",160,2022-10-02,2024-01-13,"USA","SYN-060-020"
"SYN-060","C1","FIXED",160,2022-10-02,2024-01-13,"USA","SYN-060-021"
"SYN-060","C1","FIXED",160,2022-10-02,2024-01-13,"USA","SYN-060-022"
"SYN-060","C1","FIXED",161,2022-10-02,2024-01-13,"USA","SYN-060-023"
"SYN-060","C1","FIXED",160,2022-10-02,2024-01-13,"USA","SYN-060-024"
"SYN-060","C1","FIXED",160,2022-10-02,2024-01-13,"USA","SYN-060-025"
"SYN-060","C1","FIXED",160,2022-10-02,2024-01-13,"USA","SYN-060-026"
"SYN-060","C1","FIXED",160,2022-10-02,2024-01-13,"USA","SYN-060-027"
"SYN-060","C1","FIXED",160,2022-10-02,2024-01-13,"USA","SYN-060-028"
"SYN-060","C1","FIXED",160,2022-10-02,2024-01-13,"USA","SYN-060-029"
"SYN-060","C1","FIXED",160,2022-10-02,2024-01-13,"USA","SYN-060-030"
"SYN-060","C1","FIXED",160,2022-10-02,2024-01-13,"USA","SYN-060-031"
"SYN-060","C1","FIXED",160,2022-10-02,2024-01-13,"USA","SYN-060-032"
"SYN-060","C1","FIXED",160,2022-10-02,2024-01-13,"USA","SYN-060-033"
"SYN-060","C1","FIXED",160,2022-10-02,2024-01-13,"USA","SYN-060-034"
"SYN-060","C1","FIXED",160,2022-10-02,2024-01-13,"USA","SYN-060-035"
"SYN-060","C1","FIXED",160,2022-10-02,2024-01-13,"USA","SYN-060-036"
"SYN-060","C1","FIXED",160,2022-10-02,2024-01-13,"USA","SYN-060-037"
"SYN-060","C1","FIXED",160,2022-10-02,2024-01-13,"USA","SYN-060-038"
"SYN-060","C1","FIXED",160,2022-10-02,2024-01-13,"USA","SYN-060-039"
"SYN-060","C1","FIXED",160,2022-10-02,2024-01-13,"USA","SYN-060-040"
"SYN-060","C1","FIXED",160,2022-10-02,2024-01-13,"USA","SYN-060-041"
"SYN-060","C1","FIXED",160,2022-10-02,2024-01-13,"USA","SYN-060-042"
"SYN-060","C1","FIXED",160,2022-10-02,2024-01-13,"USA","SYN-060-043"
"SYN-060","C1","FIXED",160,2022-10-02,2024-01-13,"USA","SYN-060-044"
"SYN-060","C1","FIXED",160,2022-10-02,2024-01-13,"USA","SYN-060-045"
"SYN-060","C1","FIXED",160,2022-10-02,2024-01-13,"USA","SYN-060-046"
"SYN-060","C1","FIXED",160,2022-10-02,2024-01-13,"USA","SYN-060-047"
"SYN-060","C1","FIXED",160,2022-10-02,2024-01-13,"USA","SYN-060-048"
"SYN-060","C1","FIXED",160,2022-10-02,2024-01-13,"USA","SYN-060-049"
"SYN-060","C1","FIXED",160,2022-10-02,2024-01-13,"USA","SYN-060-050"
"SYN-060","C1","FIXED",160,2022-10-02,2024-01-13,"USA","SYN-060-051"
"SYN-060","C1","FIXED",160,2022-10-02,2024-01-13,"USA","SYN-060-052"
"SYN-060","C1","FIXED",160,2022-10-02,2024-01-13,"USA","SYN-060-053"
"SYN-060","C1","FIXED",160,2022-10-02,2024-01-13,"USA","SYN-060-054"
"SYN-060","C1","FIXED",160,2022-10-02,2024-01-13,"USA","SYN-060-055"
"SYN-060","C1","FIXED",160,2022-10-02,2024-01-13,"USA","SYN-060-056"
"SYN-060","C1","FIXED",160,2022-10-02,2024-01-13,"USA","SYN-060-057"
"SYN-060","C1","FIXED",160,2022-10-02,2024-01-13,"USA","SYN-060-058"
"SYN-060","C1","FIXED",160,2022-10-02,2024-01-13,"USA","SYN-060-059"
"SYN-060","C1","FIXED",160,2022-10-02,2024-01-13,"USA","SYN-060-060"
"SYN-060","C1","FIXED",160,2022-10-02,2024-01-13,"USA","SYN-060-061"
"SYN-060","C1","FIXED",160,2022-10-02,2024-01-13,"USA","SYN-060-062"
"SYN-060","C1","FIXED",160,2022-10-02,2024-01-13,"USA","SYN-060-063"
"SYN-060","C1","FIXED",160,2022-10-02,2024-01-13,"USA","SYN-060-064"
"SYN-060","C1","FIXED",160,2022-10-02,2024-01-13,"USA","SYN-060-065"
"SYN-060","C1","FIXED",160,2022-10-02,2024-01-13,"USA","SYN-060-066"
"SYN-060","C1","FIXED",160,2022-10-02,2024-01-13,"USA","SYN-060-067"
"SYN-060","C1","FIXED",161,2022-10-02,2024-01-13,"USA","SYN-060-068"
"SYN-060","C1","FIXED",160,2022-10-02,2024-01-13,"USA","SYN-060-069"
"SYN-060","C1","FIXED",160,2022-10-02,2024-01-13,"USA","SYN-060-070"
"SYN-060","C1","FIXED",160,2022-10-02,2024-01-13,"USA","SYN-060-071"
"SYN-060","C1","FIXED",160,2022-10-02,2024-01-13,"USA","SYN-060-072"
"SYN-060","C1","FIXED",160,2022-10-02,2024-01-13,"USA","SYN-060-073"
"SYN-060","C1","FIXED",160,2022-10-02,2024-01-13,"USA","SYN-060-074"
"SYN-060","C1","FIXED",160,2022-10-02,2024-01-13,"USA","SYN-060-075"
"SYN-060","C1","FIXED",160,2022-10-02,2024-01-13,"USA","SYN-060-076"
"SYN-060","C1","FIXED",160,2022-10-02,2024-01-13,"USA","SYN-060-077"
"SYN-060","C1","FIXED",160,2022-10-02,2024-01-13,"USA","SYN-060-078"
"SYN-060","C1","FIXED",160,2022-10-02,2024-01-13,"USA","SYN-060-079"
"SYN-060","C1","FIXED",160,2022-10-02,2024-01-13,"USA","SYN-060-080"
"SYN-060","C1","FIXED",160,2022-10-02,2024-01-13,"USA","SYN-060-081"
"SYN-060","C1","FIXED",160,2022-10-02,2024-01-13,"USA","SYN-060-082"
"SYN-060","C1","FIXED",160,2022-10-02,2024-01-13,"USA","SYN-060-083"
"SYN-060","C1","FIXED",160,2022-10-02,2024-01-13,"USA","SYN-060-084"
"SYN-060","C1","FIXED",160,2022-10-02,2024-01-13,"USA","SYN-060-085"
"SYN-060","C1","FIXED",160,2022-10-02,2024-01-13,"USA","SYN-060-086"
"SYN-060","C1","FIXED",160,2022-10-02,2024-01-13,"USA","SYN-060-087"
"SYN-060","C1","FIXED",160,2022-10-02,2024-01-13,"USA","SYN-060-088"
"SYN-060","C1","FIXED",160,2022-10-02,2024-01-13,"USA","SYN-060-089"
"SYN-060","C1","FIXED",160,2022-10-02,2024-01-13,"USA","SYN-060-090"
"SYN-060","C1","FIXED",160,2022-10-02,2024-01-13,"USA","SYN-060-091"
"SYN-060","C1","FIXED",160,2022-10-02,2024-01-13,"USA","SYN-060-092"
"SYN-060","C1","FIXED",160,2022-10-02,2024-01-13,"USA","SYN-060-093"
"SYN-060","C1","FIXED",160,2022-10-02,2024-01-13,"USA","SYN-060-094"
"SYN-060","C1","FIXED",160,2022-10-02,2024-01-13,"USA","SYN-060-095"
"SYN-060","C1","FIXED",160,2022-10-02,2024-01-13,"USA","SYN-060-096"
"SYN-060","C1","FIXED",160,2022-10-02,2024-01-13,"USA","SYN-060-097"
"SYN-060","C1","FIXED",160,2022-10-02,2024-01-13,"USA","SYN-060-098"
"SYN-060","C1","FIXED",160,2022-10-02,2024-01-13,"USA","SYN-060-099"
"SYN-060","C1","FIXED",160,2022-10-02,2024-01-13,"USA","SYN-060-100"
"SYN-060","C1","FIXED",160,2022-10-02,2024-01-13,"USA","SYN-060-101"
"SYN-060","C1","FIXED",160,2022-10-02,2024-01-13,"USA","SYN-060-102"
"SYN-060","C1","FIXED",160,2022-10-02,2024-01-13,"USA","SYN-060-103"
"SYN-060","C1","FIXED",160,2022-10-02,2024-01-13,"USA","SYN-060-104"
"SYN-060","C1","FIXED",160,2022-10-02,2024-01-13,"USA","SYN-060-105"
"SYN-060","C1","FIXED",160,2022-10-02,2024-01-13,"USA","SYN-060-106"
"SYN-060","C1","FIXED",160,2022-10-02,2024-01-13,"USA","SYN-060-107"
"SYN-060","C1","FIXED",160,2022-10-02,2024-01-13,"USA","SYN-060-108"
"SYN-060","C1","FIXED",160,2022-10-02,2024-01-13,"USA","SYN-060-109"
"SYN-060","C1","FIXED",160,2022-10-02,2024-01-13,"USA","SYN-060-110"
"SYN-060","C1","FIXED",160,2022-10-02,2024-01-13,"USA","SYN-060-111"
"SYN-060","C1","FIXED",160,2022-10-02,2024-01-13,"USA","SYN-060-112"
"SYN-060","C1","FIXED",161,2022-10-02,2024-01-13,"USA","SYN-060-113"
"SYN-060","C1","FIXED",160,2022-10-02,2024-01-13,"USA","SYN-060-114"
"SYN-060","C1","FIXED",160,2022-10-02,2024-01-13,"USA","SYN-060-115"
"SYN-060","C1","FIXED",160,2022-10-02,2024-01-13,"USA","SYN-060-116"
"SYN-060","C1","FIXED",160,2022-10-02,2024-01-13,"USA","SYN-060-117"
"SYN-060","C1","FIXED",160,2022-10-02,2024-01-13,"USA","SYN-060-118"
"SYN-060","C1","FIXED",160,2022-10-02,2024-01-13,"USA","SYN-060-119"
"SYN-060","C1","FIXED",160,2022-10-02,2024-01-13,"USA","SYN-060-120"
"SYN-060","C1","FIXED",160,2022-10-02,2024-01-13,"USA","SYN-060-121"
"SYN-060","C1","FIXED",160,2022-10-02,2024-01-13,"USA","SYN-060-122"
"SYN-060","C1","FIXED",160,2022-10-02,2024-01-13,"USA","SYN-060-123"
"SYN-060","C1","FIXED",160,2022-10-02,2024-01-13,"USA","SYN-060-124"
"SYN-060","C1","FIXED",160,2022-10-02,2024-01-13,"USA","SYN-060-125"
"SYN-060","C1","FIXED",160,2022-10-02,2024-01-13,"USA","SYN-060-126"
"SYN-060","C1","FIXED",160,2022-10-02,2024-01-13,"USA","SYN-060-127"
"SYN-060","C1","FIXED",160,2022-10-02,2024-01-13,"USA","SYN-060-128"
"SYN-060","C1","FIXED",160,2022-10-02,2024-01-13,"USA","SYN-060-129"
"SYN-060","C1","FIXED",160,2022-10-02,2024-01-13,"USA","SYN-060-130"
"SYN-060","C1","FIXED",160,2022-10-02,2024-01-13,"USA","SYN-060-131"
"SYN-060","C1","FIXED",160,2022-10-02,2024-01-13,"USA","SYN-060-132"
"SYN-060","C1","FIXED",160,2022-10-02,2024-01-13,"USA","SYN-060-133"
"SYN-060","C1","FIXED",160,2022-10-02,2024-01-13,"USA","SYN-060-134"
"SYN-060","C1","FIXED",160,2022-10-02,2024-01-13,"USA","SYN-060-135"
"SYN-060","C1","FIXED",160,2022-10-02,2024-01-13,"USA","SYN-060-136"
"SYN-060","C1","FIXED",160,2022-10-02,2024-01-13,"USA","SYN-060-137"
"SYN-060","C1","FIXED",160,2022-10-02,2024-01-13,"USA","SYN-060-138"
"SYN-060","C1","FIXED",160,2022-10-02,2024-01-13,"USA","SYN-060-139"
"SYN-060","C1","FIXED",160,2022-10-02,2024-01-13,"USA","SYN-060-140"
"SYN-060","C1","FIXED",160,2022-10-02,2024-01-13,"USA","SYN-060-141"
"SYN-060","C1","FIXED",160,2022-10-02,2024-01-13,"USA","SYN-060-142"
"SYN-060","C1","FIXED",160,2022-10-02,2024-01-13,"USA","SYN-060-143"
"SYN-060","C1","FIXED",160,2022-10-02,2024-01-13,"USA","SYN-060-144"
"SYN-060","C1","FIXED",160,2022-10-02,2024-01-13,"USA","SYN-060-145"
"SYN-060","C1","FIXED",160,2022-10-02,2024-01-13,"USA","SYN-060-146"
"SYN-060","C1","FIXED",160,2022-10-02,2024-01-13,"USA","SYN-060-147"
"SYN-060","C1","FIXED",160,2022-10-02,2024-01-13,"USA","SYN-060-148"
"SYN-060","C1","FIXED",160,2022-10-02,2024-01-13,"USA","SYN-060-149"
"SYN-060","C1","FIXED",160,2022-10-02,2024-01-13,"USA","SYN-060-150"
"SYN-060","C1","FIXED",160,2022-10-02,2024-01-13,"USA","SYN-060-151"
"SYN-060","C1","FIXED",160,2022-10-02,2024-01-13,"USA","SYN-060-152"
"SYN-060","C1","FIXED",160,2022-10-02,2024-01-13,"USA","SYN-060-153"
"SYN-060","C1","FIXED",160,2022-10-02,2024-01-13,"USA","SYN-060-154"
"SYN-060","C1","FIXED",160,2022-10-02,2024-01-13,"USA","SYN-060-155"
"SYN-060","C1","FIXED",160,2022-10-02,2024-01-13,"USA","SYN-060-156"
"SYN-060","C1","FIXED",160,2022-10-02,2024-01-13,"USA","SYN-060-157"
"SYN-060","C1","FIXED",161,2022-10-02,2024-01-13,"USA","SYN-060-158"
"SYN-060","C1","FIXED",160,2022-10-02,2024-01-13,"USA","SYN-060-159"
"SYN-060","C1","FIXED",160,2022-10-02,2024-01-13,"USA","SYN-060-160"
"SYN-060","C1","FIXED",160,2022-10-02,2024-01-13,"USA","SYN-060-161"
"SYN-060","C1","FIXED",160,2022-10-02,2024-01-13,"USA","SYN-060-162"
"SYN-060","C1","FIXED",160,2022-10-02,2024-01-13,"USA","SYN-060-163"
"SYN-060","C1","FIXED",160,2022-10-02,2024-01-13,"USA","SYN-060-164"
"SYN-060","C1","FIXED",160,2022-10-02,2024-01-13,"USA","SYN-060-165"
"SYN-060","C1","FIXED",160,2022-10-02,2024-01-13,"USA","SYN-060-166"
"SYN-060","C1","FIXED",160,2022-10-02,2024-01-13,"USA","SYN-060-167"
"SYN-060","C1","FIXED",160,2022-10-02,2024-01-13,"USA","SYN-060-168"
"SYN-060","C1","FIXED",160,2022-10-02,2024-01-13,"USA","SYN-060-169"
"SYN-060","C1","FIXED",160,2022-10-02,2024-01-13,"USA","SYN-060-170"
"SYN-060","C1","FIXED",160,2022-10-02,2024-01-13,"USA","SYN-060-171"
"SYN-060","C1","FIXED",160,2022-10-02,2024-01-13,"USA","SYN-060-172"
"SYN-060","C1","FIXED",160,2022-10-02,2024-01-13,"USA","SYN-060-173"
"SYN-060","C1","FIXED",160,2022-10-02,2024-01-13,"USA","SYN-060-174"
"SYN-060","C1","FIXED",160,2022-10-02,2024-01-13,"USA","SYN-060-175"
"SYN-060","C1","FIXED",160,2022-10-02,2024-01-13,"USA","SYN-060-176"
"SYN-060","C1","FIXED",160,2022-10-02,2024-01-13,"USA","SYN-060-177"
"SYN-060","C1","FIXED",160,2022-10-02,2024-01-13,"USA","SYN-060-178"
"SYN-060","C1","FIXED",160,2022-10-02,2024-01-13,"USA","SYN-060-179"
"SYN-060","C1","FIXED",160,2022-10-02,2024-01-13,"USA","SYN-060-180"
"SYN-061","C1","FIXED",5,2024-07-15,2025-06-20,"USA","SYN-061-001"
"SYN-061","C1","FIXED",6,2024-07-15,2025-06-20,"USA","SYN-061-002"
"SYN-061","C1","FIXED",5,2024-07-15,2025-06-20,"USA","SYN-061-003"
"SYN-061","C1","FIXED",6,2024-07-15,2025-06-20,"USA","SYN-061-004"
"SYN-061","C1","FIXED",5,2024-07-15,2025-06-20,"USA","SYN-061-005"
"SYN-061","C1","FIXED",6,2024-07-15,2025-06-20,"USA","SYN-061-006"
"SYN-061","C1","FIXED",5,2024-07-15,2025-06-20,"USA","SYN-061-007"
"SYN-061","C1","FIXED",6,2024-07-15,2025-06-20,"USA","SYN-061-008"
"SYN-061","C1","FIXED",5,2024-07-15,2025-06-20,"USA","SYN-061-009"
"SYN-061","C1","FIXED",5,2024-07-15,2025-06-20,"USA","SYN-061-010"
"SYN-061","C1","FIXED",6,2024-07-15,2025-06-20,"USA","SYN-061-011"
"SYN-061","C1","FIXED",5,2024-07-15,2025-06-20,"USA","SYN-061-012"
"SYN-061","C1","FIXED",6,2024-07-15,2025-06-20,"USA","SYN-061-013"
"SYN-061","C1","FIXED",5,2024-07-15,2025-06-20,"USA","SYN-061-014"
"SYN-061","C1","FIXED",6,2024-07-15,2025-06-20,"USA","SYN-061-015"
"SYN-061","C1","FIXED",5,2024-07-15,2025-06-20,"USA","SYN-061-016"
"SYN-061","C1","FIXED",6,2024-07-15,2025-06-20,"USA","SYN-061-017"
"SYN-061","C1","FIXED",5,2024-07-15,2025-06-20,"USA","SYN-061-018"
"SYN-061","C1","FIXED",5,2024-07-15,2025-06-20,"USA","SYN-061-019"
"SYN-061","C1","FIXED",6,2024-07-15,2025-06-20,"USA","SYN-061-020"
"SYN-061","C1","FIXED",5,2024-07-15,2025-06-20,"USA","SYN-061-021"
"SYN-061","C1","FIXED",6,2024-07-15,2025-06-20,"USA","SYN-061-022"
"SYN-061","C1","FIXED",5,2024-07-15,2025-06-20,"USA","SYN-061-023"
"SYN-061","C1","FIXED",6,2024-07-15,2025-06-20,"USA","SYN-061-024"
"SYN-061","C1","FIXED",5,2024-07-15,2025-06-20,"USA","SYN-061-025"
"SYN-061","C1","FIXED",6,2024-07-15,2025-06-20,"USA","SYN-061-026"
"SYN-061","C1","FIXED",5,2024-07-15,2025-06-20,"USA","SYN-061-027"
"SYN-061","C1","FIXED",5,2024-07-15,2025-06-20,"USA","SYN-061-028"
"SYN-061","C1","FIXED",6,2024-07-15,2025-06-20,"USA","SYN-061-029"
"SYN-061","C1","FIXED",5,2024-07-15,2025-06-20,"USA","SYN-061-030"
"SYN-061","C1","FIXED",6,2024-07-15,2025-06-20,"USA","SYN-061-031"
"SYN-061","C1","FIXED",5,2024-07-15,2025-06-20,"USA","SYN-061-032"
"SYN-061","C1","FIXED",6,2024-07-15,2025-06-20,"USA","SYN-061-033"
"SYN-061","C1","FIXED",5,2024-07-15,2025-06-20,"USA","SYN-061-034"
"SYN-061","C1","FIXED",6,2024-07-15,2025-06-20,"USA","SYN-061-035"
"SYN-061","C1","FIXED",5,2024-07-15,2025-06-20,"USA","SYN-061-036"
"SYN-061","C1","FIXED",5,2024-07-15,2025-06-20,"USA","SYN-061-037"
"SYN-061","C1","FIXED",6,2024-07-15,2025-06-20,"USA","SYN-061-038"
"SYN-061","C1","FIXED",5,2024-07-15,2025-06-20,"USA","SYN-061-039"
"SYN-061","C1","FIXED",6,2024-07-15,2025-06-20,"USA","SYN-061-040"
"SYN-061","C1","FIXED",5,2024-07-15,2025-06-20,"USA","SYN-061-041"
"SYN-061","C1","FIXED",6,2024-07-15,2025-06-20,"USA","SYN-061-042"
"SYN-061","C1","FIXED",5,2024-07-15,2025-06-20,"USA","SYN-061-043"
"SYN-061","C1","FIXED",6,2024-07-15,2025-06-20,"USA","SYN-061-044"
"SYN-061","C1","FIXED",5,2024-07-15,2025-06-20,"USA","SYN-061-045"
"SYN-061","C1","FIXED",5,2024-07-15,2025-06-20,"USA","SYN-061-046"
"SYN-061","C1","FIXED",6,2024-07-15,2025-06-20,"USA","SYN-061-047"
"SYN-061","C1","FIXED",5,2024-07-15,2025-06-20,"USA","SYN-061-048"
"SYN-061","C1","FIXED",6,2024-07-15,2025-06-20,"USA","SYN-061-049"
"SYN-061","C1","FIXED",5,2024-07-15,2025-06-20,"USA","SYN-061-050"
"SYN-061","C1","FIXED",6,2024-07-15,2025-06-20,"USA","SYN-061-051"
"SYN-061","C1","FIXED",5,2024-07-15,2025-06-20,"USA","SYN-061-052"
"SYN-061","C1","FIXED",6,2024-07-15,2025-06-20,"USA","SYN-061-053"
"SYN-061","C1","FIXED",5,2024-07-15,2025-06-20,"USA","SYN-061-054"
"SYN-062","C1","TITR",8,2024-10-24,2025-01-17,"USA","SYN-062-001"
"SYN-062","C1","TITR",7,2024-10-24,2025-01-17,"USA","SYN-062-002"
"SYN-062","C1","TITR",7,2024-10-24,2025-01-17,"USA","SYN-062-003"
"SYN-062","C1","TITR",8,2024-10-24,2025-01-17,"USA","SYN-062-004"
"SYN-062","C1","TITR",8,2024-10-24,2025-01-17,"USA","SYN-062-005"
"SYN-062","C1","TITR",7,2024-10-24,2025-01-17,"USA","SYN-062-006"
"SYN-062","C1","TITR",7,2024-10-24,2025-01-17,"USA","SYN-062-007"
"SYN-062","C1","TITR",8,2024-10-24,2025-01-17,"USA","SYN-062-008"
"SYN-063","C1","FIXED",6,2024-07-10,2025-01-22,"USA","SYN-063-001"
"SYN-063","C1","FIXED",5,2024-07-10,2025-01-22,"USA","SYN-063-002"
"SYN-063","C1","FIXED",6,2024-07-10,2025-01-22,"USA","SYN-063-003"
"SYN-063","C1","FIXED",6,2024-07-10,2025-01-22,"USA","SYN-063-004"
"SYN-063","C1","FIXED",5,2024-07-10,2025-01-22,"USA","SYN-063-005"
"SYN-063","C1","FIXED",6,2024-07-10,2025-01-22,"USA","SYN-063-006"
"SYN-063","C1","FIXED",6,2024-07-10,2025-01-22,"USA","SYN-063-007"
"SYN-063","C1","FIXED",5,2024-07-10,2025-01-22,"USA","SYN-063-008"
"SYN-063","C1","FIXED",6,2024-07-10,2025-01-22,"USA","SYN-063-009"
"SYN-063","C1","FIXED",6,2024-07-10,2025-01-22,"USA","SYN-063-010"
"SYN-063","C1","FIXED",5,2024-07-10,2025-01-22,"USA","SYN-063-011"
"SYN-063","C1","FIXED",6,2024-07-10,2025-01-22,"USA","SYN-063-012"
"SYN-063","C1","FIXED",6,2024-07-10,2025-01-22,"USA","SYN-063-013"
"SYN-063","C1","FIXED",5,2024-07-10,2025-01-22,"USA","SYN-063-014"
"SYN-063","C1","FIXED",6,2024-07-10,2025-01-22,"USA","SYN-063-015"
"SYN-063","C1","FIXED",6,2024-07-10,2025-01-22,"USA","SYN-063-016"
"SYN-063","C1","FIXED",5,2024-07-10,2025-01-22,"USA","SYN-063-017"
"SYN-063","C1","FIXED",6,2024-07-10,2025-01-22,"USA","SYN-063-018"
"SYN-063","C1","FIXED",6,2024-07-10,2025-01-22,"USA","SYN-063-019"
"SYN-063","C1","FIXED",5,2024-07-10,2025-01-22,"USA","SYN-063-020"
"SYN-063","C1","FIXED",6,2024-07-10,2025-01-22,"USA","SYN-063-021"
"SYN-063","C1","FIXED",5,2024-07-10,2025-01-22,"USA","SYN-063-022"
"SYN-063","C1","FIXED",6,2024-07-10,2025-01-22,"USA","SYN-063-023"
"SYN-063","C1","FIXED",6,2024-07-10,2025-01-22,"USA","SYN-063-024"
"SYN-063","C1","FIXED",5,2024-07-10,2025-01-22,"USA","SYN-063-025"
"SYN-063","C1","FIXED",6,2024-07-10,2025-01-22,"USA","SYN-063-026"
"SYN-063","C1","FIXED",6,2024-07-10,2025-01-22,"USA","SYN-063-027"
"SYN-063","C1","FIXED",5,2024-07-10,2025-01-22,"USA","SYN-063-028"
"SYN-063","C1","FIXED",6,2024-07-10,2025-01-22,"USA","SYN-063-029"
"SYN-063","C1","FIXED",6,2024-07-10,2025-01-22,"USA","SYN-063-030"
"SYN-063","C1","FIXED",5,2024-07-10,2025-01-22,"USA","SYN-063-031"
"SYN-063","C1","FIXED",6,2024-07-10,2025-01-22,"USA","SYN-063-032"
"SYN-063","C1","FIXED",6,2024-07-10,2025-01-22,"USA","SYN-063-033"
"SYN-063","C1","FIXED",5,2024-07-10,2025-01-22,"USA","SYN-063-034"
"SYN-063","C1","FIXED",6,2024-07-10,2025-01-22,"USA","SYN-063-035"
"SYN-063","C1","FIXED",6,2024-07-10,2025-01-22,"USA","SYN-063-036"
"SYN-063","C1","FIXED",5,2024-07-10,2025-01-22,"USA","SYN-063-037"
"SYN-063","C1","FIXED",6,2024-07-10,2025-01-22,"USA","SYN-063-038"
"SYN-063","C1","FIXED",6,2024-07-10,2025-01-22,"USA","SYN-063-039"
"SYN-063","C1","FIXED",5,2024-07-10,2025-01-22,"USA","SYN-063-040"
"SYN-063","C1","FIXED",6,2024-07-10,2025-01-22,"USA","SYN-063-041"
"SYN-063","C1","FIXED",6,2024-07-10,2025-01-22,"USA","SYN-063-042"
"SYN-063","C1","FIXED",5,2024-07-10,2025-01-22,"USA","SYN-063-043"
"SYN-063","C1","FIXED",6,2024-07-10,2025-01-22,"USA","SYN-063-044"
"SYN-064","C1","FIXED",71,2024-09-12,2025-07-01,"USA","SYN-064-001"
"SYN-064","C1","FIXED",71,2024-09-12,2025-07-01,"USA","SYN-064-002"
"SYN-064","C1","FIXED",71,2024-09-12,2025-07-01,"USA","SYN-064-003"
"SYN-064","C1","FIXED",71,2024-09-12,2025-07-01,"USA","SYN-064-004"
"SYN-064","C1","FIXED",71,2024-09-12,2025-07-01,"USA","SYN-064-005"
"SYN-064","C1","FIXED",70,2024-09-12,2025-07-01,"USA","SYN-064-006"
"SYN-064","C1","FIXED",71,2024-09-12,2025-07-01,"USA","SYN-064-007"
"SYN-064","C1","FIXED",71,2024-09-12,2025-07-01,"USA","SYN-064-008"
"SYN-064","C1","FIXED",71,2024-09-12,2025-07-01,"USA","SYN-064-009"
"SYN-064","C1","FIXED",71,2024-09-12,2025-07-01,"USA","SYN-064-010"
"SYN-064","C1","FIXED",71,2024-09-12,2025-07-01,"USA","SYN-064-011"
"SYN-064","C1","FIXED",71,2024-09-12,2025-07-01,"USA","SYN-064-012"
"SYN-064","C1","FIXED",71,2024-09-12,2025-07-01,"USA","SYN-064-013"
"SYN-064","C1","FIXED",71,2024-09-12,2025-07-01,"USA","SYN-064-014"
"SYN-064","C1","FIXED",71,2024-09-12,2025-07-01,"USA","SYN-064-015"
"SYN-064","C1","FIXED",70,2024-09-12,2025-07-01,"USA","SYN-064-016"
"SYN-064","C1","FIXED",71,2024-09-12,2025-07-01,"USA","SYN-064-017"
"SYN-064","C1","FIXED",71,2024-09-12,2025-07-01,"USA","SYN-064-018"
"SYN-064","C1","FIXED",71,2024-09-12,2025-07-01,"USA","SYN-064-019"
"SYN-064","C1","FIXED",71,2024-09-12,2025-07-01,"USA","SYN-064-020"
"SYN-064","C1","FIXED",71,2024-09-12,2025-07-01,"USA","SYN-064-021"
"SYN-064","C1","FIXED",71,2024-09-12,2025-07-01,"USA","SYN-064-022"
"SYN-064","C1","FIXED",71,2024-09-12,2025-07-01,"USA","SYN-064-023"
"SYN-064","C1","FIXED",71,2024-09-12,2025-07-01,"USA","SYN-064-024"
"SYN-064","C1","FIXED",71,2024-09-12,2025-07-01,"USA","SYN-064-025"
"SYN-064","C1","FIXED",71,2024-09-12,2025-07-01,"USA","SYN-064-026"
"SYN-064","C1","FIXED",70,2024-09-12,2025-07-01,"USA","SYN-064-027"
"SYN-064","C1","FIXED",71,2024-09-12,2025-07-01,"USA","SYN-064-028"
"SYN-064","C1","FIXED",71,2024-09-12,2025-07-01,"USA","SYN-064-029"
"SYN-064","C1","FIXED",71,2024-09-12,2025-07-01,"USA","SYN-064-030"
"SYN-064","C1","FIXED",71,2024-09-12,2025-07-01,"USA","SYN-064-031"
"SYN-064","C1","FIXED",71,2024-09-12,2025-07-01,"USA","SYN-064-032"
"SYN-064","C1","FIXED",71,2024-09-12,2025-07-01,"USA","SYN-064-033"
"SYN-064","C1","FIXED",71,2024-09-12,2025-07-01,"USA","SYN-064-034"
"SYN-064","C1","FIXED",71,2024-09-12,2025-07-01,"USA","SYN-064-035"
"SYN-064","C1","FIXED",71,2024-09-12,2025-07-01,"USA","SYN-064-036"
"SYN-064","C1","FIXED",70,2024-09-12,2025-07-01,"USA","SYN-064-037"
"SYN-064","C1","FIXED",71,2024-09-12,2025-07-01,"USA","SYN-064-038"
"SYN-064","C1","FIXED",71,2024-09-12,2025-07-01,"USA","SYN-064-039"
"SYN-064","C1","FIXED",71,2024-09-12,2025-07-01,"USA","SYN-064-040"
"SYN-064","C1","FIXED",71,2024-09-12,2025-07-01,"USA","SYN-064-041"
"SYN-064","C1","FIXED",71,2024-09-12,2025-07-01,"USA","SYN-064-042"
"SYN-064","C1","FIXED",71,2024-09-12,2025-07-01,"USA","SYN-064-043"
"SYN-064","C1","FIXED",71,2024-09-12,2025-07-01,"USA","SYN-064-044"
"SYN-064","C1","FIXED",71,2024-09-12,2025-07-01,"USA","SYN-064-045"
"SYN-064","C1","FIXED",71,2024-09-12,2025-07-01,"USA","SYN-064-046"
"SYN-064","C1","FIXED",71,2024-09-12,2025-07-01,"USA","SYN-064-047"
"SYN-064","C1","FIXED",70,2024-09-12,2025-07-01,"USA","SYN-064-048"
"SYN-064","C1","FIXED",71,2024-09-12,2025-07-01,"USA","SYN-064-049"
"SYN-064","C1","FIXED",71,2024-09-12,2025-07-01,"USA","SYN-064-050"
"SYN-064","C1","FIXED",71,2024-09-12,2025-07-01,"USA","SYN-064-051"
"SYN-064","C1","FIXED",71,2024-09-12,2025-07-01,"USA","SYN-064-052"
"SYN-064","C1","FIXED",71,2024-09-12,2025-07-01,"USA","SYN-064-053"
"SYN-064","C1","FIXED",71,2024-09-12,2025-07-01,"USA","SYN-064-054"
"SYN-064","C1","FIXED",71,2024-09-12,2025-07-01,"USA","SYN-064-055"
"SYN-064","C1","FIXED",71,2024-09-12,2025-07-01,"USA","SYN-064-056"
"SYN-064","C1","FIXED",71,2024-09-12,2025-07-01,"USA","SYN-064-057"
"SYN-064","C1","FIXED",70,2024-09-12,2025-07-01,"USA","SYN-064-058"
"SYN-064","C1","FIXED",71,2024-09-12,2025-07-01,"USA","SYN-064-059"
"SYN-064","C1","FIXED",71,2024-09-12,2025-07-01,"USA","SYN-064-060"
"SYN-064","C1","FIXED",71,2024-09-12,2025-07-01,"USA","SYN-064-061"
"SYN-064","C1","FIXED",71,2024-09-12,2025-07-01,"USA","SYN-064-062"
"SYN-064","C1","FIXED",71,2024-09-12,2025-07-01,"USA","SYN-064-063"
"SYN-064","C1","FIXED",71,2024-09-12,2025-07-01,"USA","SYN-064-064"
"SYN-064","C1","FIXED",71,2024-09-12,2025-07-01,"USA","SYN-064-065"
"SYN-064","C1","FIXED",71,2024-09-12,2025-07-01,"USA","SYN-064-066"
"SYN-064","C1","FIXED",71,2024-09-12,2025-07-01,"USA","SYN-064-067"
"SYN-064","C1","FIXED",71,2024-09-12,2025-07-01,"USA","SYN-064-068"
"SYN-064","C1","FIXED",70,2024-09-12,2025-07-01,"USA","SYN-064-069"
"SYN-064","C1","FIXED",71,2024-09-12,2025-07-01,"USA","SYN-064-070"
"SYN-064","C1","FIXED",71,2024-09-12,2025-07-01,"USA","SYN-064-071"
"SYN-064","C1","FIXED",71,2024-09-12,2025-07-01,"USA","SYN-064-072"
"SYN-064","C1","FIXED",71,2024-09-12,2025-07-01,"USA","SYN-064-073"
"SYN-064","C1","FIXED",71,2024-09-12,2025-07-01,"USA","SYN-064-074"
"SYN-064","C1","FIXED",71,2024-09-12,2025-07-01,"USA","SYN-064-075"
"SYN-064","C1","FIXED",71,2024-09-12,2025-07-01,"USA","SYN-064-076"
"SYN-064","C1","FIXED",71,2024-09-12,2025-07-01,"USA","SYN-064-077"
"SYN-064","C1","FIXED",71,2024-09-12,2025-07-01,"USA","SYN-064-078"
"SYN-064","C1","FIXED",70,2024-09-12,2025-07-01,"USA","SYN-064-079"
"SYN-064","C1","FIXED",71,2024-09-12,2025-07-01,"USA","SYN-064-080"
"SYN-064","C1","FIXED",71,2024-09-12,2025-07-01,"USA","SYN-064-081"
"SYN-064","C1","FIXED",71,2024-09-12,2025-07-01,"USA","SYN-064-082"
"SYN-064","C1","FIXED",71,2024-09-12,2025-07-01,"USA","SYN-064-083"
"SYN-064","C1","FIXED",71,2024-09-12,2025-07-01,"USA","SYN-064-084"
"SYN-064","C1","FIXED",71,2024-09-12,2025-07-01,"USA","SYN-064-085"
"SYN-064","C1","FIXED",71,2024-09-12,2025-07-01,"USA","SYN-064-086"
"SYN-064","C1","FIXED",71,2024-09-12,2025-07-01,"USA","SYN-064-087"
"SYN-064","C1","FIXED",71,2024-09-12,2025-07-01,"USA","SYN-064-088"
"SYN-064","C1","FIXED",71,2024-09-12,2025-07-01,"USA","SYN-064-089"
"SYN-064","C1","FIXED",70,2024-09-12,2025-07-01,"USA","SYN-064-090"
"SYN-064","C1","FIXED",71,2024-09-12,2025-07-01,"USA","SYN-064-091"
"SYN-064","C1","FIXED",71,2024-09-12,2025-07-01,"USA","SYN-064-092"
"SYN-064","C1","FIXED",71,2024-09-12,2025-07-01,"USA","SYN-064-093"
"SYN-064","C1","FIXED",71,2024-09-12,2025-07-01,"USA","SYN-064-094"
"SYN-064","C1","FIXED",71,2024-09-12,2025-07-01,"USA","SYN-064-095"
"SYN-064","C1","FIXED",71,2024-09-12,2025-07-01,"USA","SYN-064-096"
"SYN-064","C1","FIXED",71,2024-09-12,2025-07-01,"USA","SYN-064-097"
"SYN-064","C1","FIXED",71,2024-09-12,2025-07-01,"USA","SYN-064-098"
"SYN-064","C1","FIXED",71,2024-09-12,2025-07-01,"USA","SYN-064-099"
"SYN-064","C1","FIXED",70,2024-09-12,2025-07-01,"USA","SYN-064-100"
"SYN-064","C1","FIXED",71,2024-09-12,2025-07-01,"USA","SYN-064-101"
"SYN-064","C1","FIXED",71,2024-09-12,2025-07-01,"USA","SYN-064-102"
"SYN-064","C1","FIXED",71,2024-09-12,2025-07-01,"USA","SYN-064-103"
"SYN-064","C1","FIXED",71,2024-09-12,2025-07-01,"USA","SYN-064-104"
"SYN-064","C1","FIXED",71,2024-09-12,2025-07-01,"USA","SYN-064-105"
"SYN-065","C1","TITR",5,2024-07-19,2025-08-13,"USA","SYN-065-001"
"SYN-065","C1","TITR",5,2024-07-19,2025-08-13,"USA","SYN-065-002"
"SYN-065","C1","TITR",6,2024-07-19,2025-08-13,"USA","SYN-065-003"
"SYN-065","C1","TITR",5,2024-07-19,2025-08-13,"USA","SYN-065-004"
"SYN-065","C1","TITR",5,2024-07-19,2025-08-13,"USA","SYN-065-005"
"SYN-065","C1","TITR",5,2024-07-19,2025-08-13,"USA","SYN-065-006"
"SYN-065","C1","TITR",5,2024-07-19,2025-08-13,"USA","SYN-065-007"
"SYN-065","C1","TITR",5,2024-07-19,2025-08-13,"USA","SYN-065-008"
"SYN-065","C1","TITR",5,2024-07-19,2025-08-13,"USA","SYN-065-009"
"SYN-065","C1","TITR",6,2024-07-19,2025-08-13,"USA","SYN-065-010"
"SYN-065","C1","TITR",5,2024-07-19,2025-08-13,"USA","SYN-065-011"
"SYN-065","C1","TITR",5,2024-07-19,2025-08-13,"USA","SYN-065-012"
"SYN-065","C1","TITR",5,2024-07-19,2025-08-13,"USA","SYN-065-013"
"SYN-065","C1","TITR",5,2024-07-19,2025-08-13,"USA","SYN-065-014"
"SYN-065","C1","TITR",6,2024-07-19,2025-08-13,"USA","SYN-065-015"
"SYN-065","C1","TITR",5,2024-07-19,2025-08-13,"USA","SYN-065-016"
"SYN-065","C1","TITR",5,2024-07-19,2025-08-13,"USA","SYN-065-017"
"SYN-065","C1","TITR",5,2024-07-19,2025-08-13,"USA","SYN-065-018"
"SYN-065","C1","TITR",5,2024-07-19,2025-08-13,"USA","SYN-065-019"
"SYN-065","C1","TITR",5,2024-07-19,2025-08-13,"USA","SYN-065-020"
"SYN-065","C1","TITR",5,2024-07-19,2025-08-13,"USA","SYN-065-021"
"SYN-065","C1","TITR",6,2024-07-19,2025-08-13,"USA","SYN-065-022"
"SYN-065","C1","TITR",5,2024-07-19,2025-08-13,"USA","SYN-065-023"
"SYN-065","C1","TITR",5,2024-07-19,2025-08-13,"USA","SYN-065-024"
"SYN-065","C1","TITR",5,2024-07-19,2025-08-13,"USA","SYN-065-025"
"SYN-065","C1","TITR",5,2024-07-19,2025-08-13,"USA","SYN-065-026"
"SYN-065","C1","TITR",6,2024-07-19,2025-08-13,"USA","SYN-065-027"
"SYN-065","C1","TITR",5,2024-07-19,2025-08-13,"USA","SYN-065-028"
"SYN-065","C1","TITR",5,2024-07-19,2025-08-13,"USA","SYN-065-029"
"SYN-065","C1","TITR",5,2024-07-19,2025-08-13,"USA","SYN-065-030"
"SYN-066","C1","FIXED",173,2022-10-13,2023-11-23,"USA","SYN-066-001"
"SYN-066","C1","FIXED",173,2022-10-13,2023-11-23,"USA","SYN-066-002"
"SYN-066","C1","FIXED",173,2022-10-13,2023-11-23,"USA","SYN-066-003"
"SYN-066","C1","FIXED",173,2022-10-13,2023-11-23,"USA","SYN-066-004"
"SYN-066","C1","FIXED",173,2022-10-13,2023-11-23,"USA","SYN-066-005"
"SYN-066","C1","FIXED",173,2022-10-13,2023-11-23,"USA","SYN-066-006"
"SYN-066","C1","FIXED",173,2022-10-13,2023-11-23,"USA","SYN-066-007"
"SYN-066","C1","FIXED",173,2022-10-13,2023-11-23,"USA","SYN-066-008"
"SYN-066","C1","FIXED",173,2022-10-13,2023-11-23,"USA","SYN-066-009"
"SYN-066","C1","FIXED",173,2022-10-13,2023-11-23,"USA","SYN-066-010"
"SYN-066","C1","FIXED",173,2022-10-13,2023-11-23,"USA","SYN-066-011"
"SYN-066","C1","FIXED",173,2022-10-13,2023-11-23,"USA","SYN-066-012"
"SYN-066","C1","FIXED",173,2022-10-13,2023-11-23,"USA","SYN-066-013"
"SYN-066","C1","FIXED",173,2022-10-13,2023-11-23,"USA","SYN-066-014"
"SYN-066","C1","FIXED",173,2022-10-13,2023-11-23,"USA","SYN-066-015"
"SYN-066","C1","FIXED",173,2022-10-13,2023-11-23,"USA","SYN-066-016"
"SYN-066","C1","FIXED",173,2022-10-13,2023-11-23,"USA","SYN-066-017"
"SYN-066","C1","FIXED",173,2022-10-13,2023-11-23,"USA","SYN-066-018"
"SYN-066","C1","FIXED",173,2022-10-13,2023-11-23,"USA","SYN-066-019"
"SYN-066","C1","FIXED",173,2022-10-13,2023-11-23,"USA","SYN-066-020"
"SYN-066","C1","FIXED",173,2022-10-13,2023-11-23,"USA","SYN-066-021"
"SYN-066","C1","FIXED",173,2022-10-13,2023-11-23,"USA","SYN-066-022"
"SYN-066","C1","FIXED",173,2022-10-13,2023-11-23,"USA","SYN-066-023"
"SYN-066","C1","FIXED",172,2022-10-13,2023-11-23,"USA","SYN-066-024"
"SYN-066","C1","FIXED",173,2022-10-13,2023-11-23,"USA","SYN-066-025"
"SYN-066","C1","FIXED",173,2022-10-13,2023-11-23,"USA","SYN-066-026"
"SYN-066","C1","FIXED",173,2022-10-13,2023-11-23,"USA","SYN-066-027"
"SYN-066","C1","FIXED",173,2022-10-13,2023-11-23,"USA","SYN-066-028"
"SYN-066","C1","FIXED",173,2022-10-13,2023-11-23,"USA","SYN-066-029"
"SYN-066","C1","FIXED",173,2022-10-13,2023-11-23,"USA","SYN-066-030"
"SYN-066","C1","FIXED",173,2022-10-13,2023-11-23,"USA","SYN-066-031"
"SYN-066","C1","FIXED",173,2022-10-13,2023-11-23,"USA","SYN-066-032"
"SYN-066","C1","FIXED",173,2022-10-13,2023-11-23,"USA","SYN-066-033"
"SYN-066","C1","FIXED",173,2022-10-13,2023-11-23,"USA","SYN-066-034"
"SYN-066","C1","FIXED",173,2022-10-13,2023-11-23,"USA","SYN-066-035"
"SYN-066","C1","FIXED",173,2022-10-13,2023-11-23,"USA","SYN-066-036"
"SYN-066","C1","FIXED",173,2022-10-13,2023-11-23,"USA","SYN-066-037"
"SYN-066","C1","FIXED",173,2022-10-13,2023-11-23,"USA","SYN-066-038"
"SYN-066","C1","FIXED",173,2022-10-13,2023-11-23,"USA","SYN-066-039"
"SYN-066","C1","FIXED",173,2022-10-13,2023-11-23,"USA","SYN-066-040"
"SYN-066","C1","FIXED",173,2022-10-13,2023-11-23,"USA","SYN-066-041"
"SYN-066","C1","FIXED",173,2022-10-13,2023-11-23,"USA","SYN-066-042"
"SYN-066","C1","FIXED",173,2022-10-13,2023-11-23,"USA","SYN-066-043"
"SYN-066","C1","FIXED",173,2022-10-13,2023-11-23,"USA","SYN-066-044"
"SYN-066","C1","FIXED",173,2022-10-13,2023-11-23,"USA","SYN-066-045"
"SYN-066","C1","FIXED",173,2022-10-13,2023-11-23,"USA","SYN-066-046"
"SYN-066","C1","FIXED",173,2022-10-13,2023-11-23,"USA","SYN-066-047"
"SYN-066","C1","FIXED",173,2022-10-13,2023-11-23,"USA","SYN-066-048"
"SYN-066","C1","FIXED",173,2022-10-13,2023-11-23,"USA","SYN-066-049"
"SYN-066","C1","FIXED",173,2022-10-13,2023-11-23,"USA","SYN-066-050"
"SYN-066","C1","FIXED",173,2022-10-13,2023-11-23,"USA","SYN-066-051"
"SYN-066","C1","FIXED",173,2022-10-13,2023-11-23,"USA","SYN-066-052"
"SYN-066","C1","FIXED",173,2022-10-13,2023-11-23,"USA","SYN-066-053"
"SYN-066","C1","FIXED",173,2022-10-13,2023-11-23,"USA","SYN-066-054"
"SYN-066","C1","FIXED",173,2022-10-13,2023-11-23,"USA","SYN-066-055"
"SYN-066","C1","FIXED",173,2022-10-13,2023-11-23,"USA","SYN-066-056"
"SYN-066","C1","FIXED",173,2022-10-13,2023-11-23,"USA","SYN-066-057"
"SYN-066","C1","FIXED",173,2022-10-13,2023-11-23,"USA","SYN-066-058"
"SYN-066","C1","FIXED",173,2022-10-13,2023-11-23,"USA","SYN-066-059"
"SYN-066","C1","FIXED",173,2022-10-13,2023-11-23,"USA","SYN-066-060"
"SYN-066","C1","FIXED",173,2022-10-13,2023-11-23,"USA","SYN-066-061"
"SYN-066","C1","FIXED",173,2022-10-13,2023-11-23,"USA","SYN-066-062"
"SYN-066","C1","FIXED",173,2022-10-13,2023-11-23,"USA","SYN-066-063"
"SYN-066","C1","FIXED",173,2022-10-13,2023-11-23,"USA","SYN-066-064"
"SYN-066","C1","FIXED",173,2022-10-13,2023-11-23,"USA","SYN-066-065"
"SYN-066","C1","FIXED",173,2022-10-13,2023-11-23,"USA","SYN-066-066"
"SYN-066","C1","FIXED",173,2022-10-13,2023-11-23,"USA","SYN-066-067"
"SYN-066","C1","FIXED",173,2022-10-13,2023-11-23,"USA","SYN-066-068"
"SYN-066","C1","FIXED",173,2022-10-13,2023-11-23,"USA","SYN-066-069"
"SYN-066","C1","FIXED",172,2022-10-13,2023-11-23,"USA","SYN-066-070"
"SYN-066","C1","FIXED",173,2022-10-13,2023-11-23,"USA","SYN-066-071"
"SYN-066","C1","FIXED",173,2022-10-13,2023-11-23,"USA","SYN-066-072"
"SYN-066","C1","FIXED",173,2022-10-13,2023-11-23,"USA","SYN-066-073"
"SYN-066","C1","FIXED",173,2022-10-13,2023-11-23,"USA","SYN-066-074"
"SYN-066","C1","FIXED",173,2022-10-13,2023-11-23,"USA","SYN-066-075"
"SYN-066","C1","FIXED",173,2022-10-13,2023-11-23,"USA","SYN-066-076"
"SYN-066","C1","FIXED",173,2022-10-13,2023-11-23,"USA","SYN-066-077"
"SYN-066","C1","FIXED",173,2022-10-13,2023-11-23,"USA","SYN-066-078"
"SYN-066","C1","FIXED",173,2022-10-13,2023-11-23,"USA","SYN-066-079"
"SYN-066","C1","FIXED",173,2022-10-13,2023-11-23,"USA","SYN-066-080"
"SYN-066","C1","FIXED",173,2022-10-13,2023-11-23,"USA","SYN-066-081"
"SYN-066","C1","FIXED",173,2022-10-13,2023-11-23,"USA","SYN-066-082"
"SYN-066","C1","FIXED",173,2022-10-13,2023-11-23,"USA","SYN-066-083"
"SYN-066","C1","FIXED",173,2022-10-13,2023-11-23,"USA","SYN-066-084"
"SYN-066","C1","FIXED",173,2022-10-13,2023-11-23,"USA","SYN-066-085"
"SYN-066","C1","FIXED",173,2022-10-13,2023-11-23,"USA","SYN-066-086"
"SYN-066","C1","FIXED",173,2022-10-13,2023-11-23,"USA","SYN-066-087"
"SYN-066","C1","FIXED",173,2022-10-13,2023-11-23,"USA","SYN-066-088"
"SYN-066","C1","FIXED",173,2022-10-13,2023-11-23,"USA","SYN-066-089"
"SYN-066","C1","FIXED",173,2022-10-13,2023-11-23,"USA","SYN-066-090"
"SYN-066","C1","FIXED",173,2022-10-13,2023-11-23,"USA","SYN-066-091"
"SYN-066","C1","FIXED",173,2022-10-13,2023-11-23,"USA","SYN-066-092"
"SYN-066","C1","FIXED",173,2022-10-13,2023-11-23,"USA","SYN-066-093"
"SYN-066","C1","FIXED",173,2022-10-13,2023-11-23,"USA","SYN-066-094"
"SYN-066","C1","FIXED",173,2022-10-13,2023-11-23,"USA","SYN-066-095"
"SYN-066","C1","FIXED",173,2022-10-13,2023-11-23,"USA","SYN-066-096"
"SYN-066","C1","FIXED",173,2022-10-13,2023-11-23,"USA","SYN-066-097"
"SYN-066","C1","FIXED",173,2022-10-13,2023-11-23,"USA","SYN-066-098"
"SYN-066","C1","FIXED",173,2022-10-13,2023-11-23,"USA","SYN-066-099"
"SYN-066","C1","FIXED",173,2022-10-13,2023-11-23,"USA","SYN-066-100"
"SYN-066","C1","FIXED",173,2022-10-13,2023-11-23,"USA","SYN-066-101"
"SYN-066","C1","FIXED",173,2022-10-13,2023-11-23,"USA","SYN-066-102"
"SYN-066","C1","FIXED",173,2022-10-13,2023-11-23,"USA","SYN-066-103"
"SYN-066","C1","FIXED",173,2022-10-13,2023-11-23,"USA","SYN-066-104"
"SYN-066","C1","FIXED",173,2022-10-13,2023-11-23,"USA","SYN-066-105"
"SYN-066","C1","FIXED",173,2022-10-13,2023-11-23,"USA","SYN-066-106"
"SYN-066","C1","FIXED",173,2022-10-13,2023-11-23,"USA","SYN-066-107"
"SYN-066","C1","FIXED",173,2022-10-13,2023-11-23,"USA","SYN-066-108"
"SYN-066","C1","FIXED",173,2022-10-13,2023-11-23,"USA","SYN-066-109"
"SYN-066","C1","FIXED",173,2022-10-13,2023-11-23,"USA","SYN-066-110"
"SYN-066","C1","FIXED",173,2022-10-13,2023-11-23,"USA","SYN-066-111"
"SYN-066","C1","FIXED",173,2022-10-13,2023-11-23,"USA","SYN-066-112"
"SYN-066","C1","FIXED",173,2022-10-13,2023-11-23,"USA","SYN-066-113"
"SYN-066","C1","FIXED",173,2022-10-13,2023-11-23,"USA","SYN-066-114"
"SYN-066","C1","FIXED",173,2022-10-13,2023-11-23,"USA","SYN-066-115"
"SYN-066","C1","FIXED",172,2022-10-13,2023-11-23,"USA","SYN-066-116"
"SYN-066","C1","FIXED",173,2022-10-13,2023-11-23,"USA","SYN-066-117"
"SYN-066","C1","FIXED",173,2022-10-13,2023-11-23,"USA","SYN-066-118"
"SYN-066","C1","FIXED",173,2022-10-13,2023-11-23,"USA","SYN-066-119"
"SYN-066","C1","FIXED",173,2022-10-13,2023-11-23,"USA","SYN-066-120"
"SYN-066","C1","FIXED",173,2022-10-13,2023-11-23,"USA","SYN-066-121"
"SYN-066","C1","FIXED",173,2022-10-13,2023-11-23,"USA","SYN-066-122"
"SYN-066","C1","FIXED",173,2022-10-13,2023-11-23,"USA","SYN-066-123"
"SYN-066","C1","FIXED",173,2022-10-13,2023-11-23,"USA","SYN-066-124"
"SYN-066","C1","FIXED",173,2022-10-13,2023-11-23,"USA","SYN-066-125"
"SYN-066","C1","FIXED",173,2022-10-13,2023-11-23,"USA","SYN-066-126"
"SYN-066","C1","FIXED",173,2022-10-13,2023-11-23,"USA","SYN-066-127"
"SYN-066","C1","FIXED",173,2022-10-13,2023-11-23,"USA","SYN-066-128"
"SYN-066","C1","FIXED",173,2022-10-13,2023-11-23,"USA","SYN-066-129"
"SYN-066","C1","FIXED",173,2022-10-13,2023-11-23,"USA","SYN-066-130"
"SYN-066","C1","FIXED",173,2022-10-13,2023-11-23,"USA","SYN-066-131"
"SYN-066","C1","FIXED",173,2022-10-13,2023-11-23,"USA","SYN-066-132"
"SYN-066","C1","FIXED",173,2022-10-13,2023-11-23,"USA","SYN-066-133"
"SYN-066","C1","FIXED",173,2022-10-13,2023-11-23,"USA","SYN-066-134"
"SYN-066","C1","FIXED",173,2022-10-13,2023-11-23,"USA","SYN-066-135"
"SYN-066","C1","FIXED",173,2022-10-13,2023-11-23,"USA","SYN-066-136"
"SYN-066","C1","FIXED",173,2022-10-13,2023-11-23,"USA","SYN-066-137"
"SYN-066","C1","FIXED",173,2022-10-13,2023-11-23,"USA","SYN-066-138"
"SYN-066","C1","FIXED",173,2022-10-13,2023-11-23,"USA","SYN-066-139"
"SYN-067","C1","FIXED",8,2024-10-03,2025-06-20,"USA","SYN-067-001"
"SYN-067","C1","FIXED",9,2024-10-03,2025-06-20,"USA","SYN-067-002"
"SYN-067","C1","FIXED",8,2024-10-03,2025-06-20,"USA","SYN-067-003"
"SYN-067","C1","FIXED",8,2024-10-03,2025-06-20,"USA","SYN-067-004"
"SYN-067","C1","FIXED",8,2024-10-03,2025-06-20,"USA","SYN-067-005"
"SYN-067","C1","FIXED",9,2024-10-03,2025-06-20,"USA","SYN-067-006"
"SYN-067","C1","FIXED",8,2024-10-03,2025-06-20,"USA","SYN-067-007"
"SYN-067","C1","FIXED",8,2024-10-03,2025-06-20,"USA","SYN-067-008"
"SYN-067","C1","FIXED",8,2024-10-03,2025-06-20,"USA","SYN-067-009"
"SYN-067","C1","FIXED",9,2024-10-03,2025-06-20,"USA","SYN-067-010"
"SYN-067","C1","FIXED",8,2024-10-03,2025-06-20,"USA","SYN-067-011"
"SYN-067","C1","FIXED",8,2024-10-03,2025-06-20,"USA","SYN-067-012"
"SYN-067","C1","FIXED",9,2024-10-03,2025-06-20,"USA","SYN-067-013"
"SYN-067","C1","FIXED",8,2024-10-03,2025-06-20,"USA","SYN-067-014"
"SYN-067","C1","FIXED",8,2024-10-03,2025-06-20,"USA","SYN-067-015"
"SYN-067","C1","FIXED",8,2024-10-03,2025-06-20,"USA","SYN-067-016"
"SYN-067","C1","FIXED",9,2024-10-03,2025-06-20,"USA","SYN-067-017"
"SYN-067","C1","FIXED",8,2024-10-03,2025-06-20,"USA","SYN-067-018"
"SYN-067","C1","FIXED",8,2024-10-03,2025-06-20,"USA","SYN-067-019"
"SYN-067","C1","FIXED",9,2024-10-03,2025-06-20,"USA","SYN-067-020"
"SYN-067","C1","FIXED",8,2024-10-03,2025-06-20,"USA","SYN-067-021"
"SYN-067","C1","FIXED",8,2024-10-03,2025-06-20,"USA","SYN-067-022"
"SYN-067","C1","FIXED",8,2024-10-03,2025-06-20,"USA","SYN-067-023"
"SYN-067","C1","FIXED",9,2024-10-03,2025-06-20,"USA","SYN-067-024"
"SYN-067","C1","FIXED",8,2024-10-03,2025-06-20,"USA","SYN-067-025"
"SYN-067","C1","FIXED",8,2024-10-03,2025-06-20,"USA","SYN-067-026"
"SYN-067","C1","FIXED",8,2024-10-03,2025-06-20,"USA","SYN-067-027"
"SYN-067","C1","FIXED",9,2024-10-03,2025-06-20,"USA","SYN-067-028"
"SYN-067","C1","FIXED",8,2024-10-03,2025-06-20,"USA","SYN-067-029"
"SYN-067","C1","FIXED",8,2024-10-03,2025-06-20,"USA","SYN-067-030"
"SYN-067","C1","FIXED",9,2024-10-03,2025-06-20,"USA","SYN-067-031"
"SYN-067","C1","FIXED",8,2024-10-03,2025-06-20,"USA","SYN-067-032"
"SYN-067","C1","FIXED",8,2024-10-03,2025-06-20,"USA","SYN-067-033"
"SYN-067","C1","FIXED",8,2024-10-03,2025-06-20,"USA","SYN-067-034"
"SYN-067","C1","FIXED",9,2024-10-03,2025-06-20,"USA","SYN-067-035"
"SYN-067","C1","FIXED",8,2024-10-03,2025-06-20,"USA","SYN-067-036"
"SYN-067","C1","FIXED",8,2024-10-03,2025-06-20,"USA","SYN-067-037"
"SYN-067","C1","FIXED",8,2024-10-03,2025-06-20,"USA","SYN-067-038"
"SYN-067","C1","FIXED",9,2024-10-03,2025-06-20,"USA","SYN-067-039"
"SYN-067","C1","FIXED",8,2024-10-03,2025-06-20,"USA","SYN-067-040"
"SYN-068","C1","TITR",9,2024-03-29,2024-09-01,"USA","SYN-068-001"
"SYN-068","C1","TITR",9,2024-03-29,2024-09-01,"USA","SYN-068-002"
"SYN-068","C1","TITR",10,2024-03-29,2024-09-01,"USA","SYN-068-003"
"SYN-068","C1","TITR",9,2024-03-29,2024-09-01,"USA","SYN-068-004"
"SYN-068","C1","TITR",9,2024-03-29,2024-09-01,"USA","SYN-068-005"
"SYN-068","C1","TITR",9,2024-03-29,2024-09-01,"USA","SYN-068-006"
"SYN-068","C1","TITR",9,2024-03-29,2024-09-01,"USA","SYN-068-007"
"SYN-068","C1","TITR",9,2024-03-29,2024-09-01,"USA","SYN-068-008"
"SYN-068","C1","TITR",9,2024-03-29,2024-09-01,"USA","SYN-068-009"
"SYN-068","C1","TITR",10,2024-03-29,2024-09-01,"USA","SYN-068-010"
"SYN-068","C1","TITR",9,2024-03-29,2024-09-01,"USA","SYN-068-011"
"SYN-068","C1","TITR",9,2024-03-29,2024-09-01,"USA","SYN-068-012"
"SYN-068","C1","TITR",9,2024-03-29,2024-09-01,"USA","SYN-068-013"
"SYN-068","C1","TITR",9,2024-03-29,2024-09-01,"USA","SYN-068-014"
"SYN-068","C1","TITR",10,2024-03-29,2024-09-01,"USA","SYN-068-015"
"SYN-068","C1","TITR",9,2024-03-29,2024-09-01,"USA","SYN-068-016"
"SYN-068","C1","TITR",9,2024-03-29,2024-09-01,"USA","SYN-068-017"
"SYN-068","C1","TITR",9,2024-03-29,2024-09-01,"USA","SYN-068-018"
"SYN-069","C1","TITR",5,2024-10-17,2025-04-01,"USA","SYN-069-001"
"SYN-069","C1","TITR",5,2024-10-17,2025-04-01,"USA","SYN-069-002"
"SYN-069","C1","TITR",5,2024-10-17,2025-04-01,"USA","SYN-069-003"
"SYN-069","C1","TITR",5,2024-10-17,2025-04-01,"USA","SYN-069-004"
"SYN-069","C1","TITR",5,2024-10-17,2025-04-01,"USA","SYN-069-005"
"SYN-069","C1","TITR",5,2024-10-17,2025-04-01,"USA","SYN-069-006"
"SYN-069","C1","TITR",5,2024-10-17,2025-04-01,"USA","SYN-069-007"
"SYN-069","C1","TITR",5,2024-10-17,2025-04-01,"USA","SYN-069-008"
"SYN-069","C1","TITR",5,2024-10-17,2025-04-01,"USA","SYN-069-009"
"SYN-069","C1","TITR",5,2024-10-17,2025-04-01,"USA","SYN-069-010"
"SYN-069","C1","TITR",5,2024-10-17,2025-04-01,"USA","SYN-069-011"
"SYN-069","C1","TITR",5,2024-10-17,2025-04-01,"USA","SYN-069-012"
"SYN-069","C1","TITR",5,2024-10-17,2025-04-01,"USA","SYN-069-013"
"SYN-069","C1","TITR",5,2024-10-17,2025-04-01,"USA","SYN-069-014"
"SYN-069","C1","TITR",5,2024-10-17,2025-04-01,"USA","SYN-069-015"
"SYN-070","C1","FIXED",5,2024-09-23,2025-04-22,"USA","SYN-070-001"
"SYN-070","C1","FIXED",5,2024-09-23,2025-04-22,"USA","SYN-070-002"
"SYN-070","C1","FIXED",4,2024-09-23,2025-04-22,"USA","SYN-070-003"
"SYN-070","C1","FIXED",5,2024-09-23,2025-04-22,"USA","SYN-070-004"
"SYN-070","C1","FIXED",5,2024-09-23,2025-04-22,"USA","SYN-070-005"
"SYN-070","C1","FIXED",4,2024-09-23,2025-04-22,"USA","SYN-070-006"
"SYN-070","C1","FIXED",5,2024-09-23,2025-04-22,"USA","SYN-070-007"
"SYN-070","C1","FIXED",5,2024-09-23,2025-04-22,"USA","SYN-070-008"
"SYN-070","C1","FIXED",5,2024-09-23,2025-04-22,"USA","SYN-070-009"
"SYN-070","C1","FIXED",5,2024-09-23,2025-04-22,"USA","SYN-070-010"
"SYN-070","C1","FIXED",4,2024-09-23,2025-04-22,"USA","SYN-070-011"
"SYN-070","C1","FIXED",5,2024-09-23,2025-04-22,"USA","SYN-070-012"
"SYN-070","C1","FIXED",5,2024-09-23,2025-04-22,"USA","SYN-070-013"
"SYN-070","C1","FIXED",4,2024-09-23,2025-04-22,"USA","SYN-070-014"
"SYN-070","C1","FIXED",5,2024-09-23,2025-04-22,"USA","SYN-070-015"
"SYN-070","C1","FIXED",5,2024-09-23,2025-04-22,"USA","SYN-070-016"
"SYN-070","C1","FIXED",5,2024-09-23,2025-04-22,"USA","SYN-070-017"
"SYN-070","C1","FIXED",5,2024-09-23,2025-04-22,"USA","SYN-070-018"
"SYN-070","C1","FIXED",4,2024-09-23,2025-04-22,"USA","SYN-070-019"
"SYN-070","C1","FIXED",5,2024-09-23,2025-04-22,"USA","SYN-070-020"
"SYN-070","C1","FIXED",5,2024-09-23,2025-04-22,"USA","SYN-070-021"
"SYN-070","C1","FIXED",4,2024-09-23,2025-04-22,"USA","SYN-070-022"
"SYN-070","C1","FIXED",5,2024-09-23,2025-04-22,"USA","SYN-070-023"
"SYN-070","C1","FIXED",5,2024-09-23,2025-04-22,"USA","SYN-070-024"
"SYN-070","C1","FIXED",5,2024-09-23,2025-04-22,"USA","SYN-070-025"
"SYN-070","C1","FIXED",5,2024-09-23,2025-04-22,"USA","SYN-070-026"
"SYN-070","C1","FIXED",4,2024-09-23,2025-04-22,"USA","SYN-070-027"
"SYN-070","C1","FIXED",5,2024-09-23,2025-04-22,"USA","SYN-070-028"
"SYN-070","C1","FIXED",5,2024-09-23,2025-04-22,"USA","SYN-070-029"
"SYN-070","C1","FIXED",4,2024-09-23,2025-04-22,"USA","SYN-070-030"
"SYN-070","C1","FIXED",5,2024-09-23,2025-04-22,"USA","SYN-070-031"
"SYN-070","C1","FIXED",5,2024-09-23,2025-04-22,"USA","SYN-070-032"
"SYN-070","C1","FIXED",5,2024-09-23,2025-04-22,"USA","SYN-070-033"
"SYN-070","C1","FIXED",5,2024-09-23,2025-04-22,"USA","SYN-070-034"
"SYN-070","C1","FIXED",4,2024-09-23,2025-04-22,"USA","SYN-070-035"
"SYN-070","C1","FIXED",5,2024-09-23,2025-04-22,"USA","SYN-070-036"
"SYN-070","C1","FIXED",5,2024-09-23,2025-04-22,"USA","SYN-070-037"
"SYN-070","C1","FIXED",4,2024-09-23,2025-04-22,"USA","SYN-070-038"
"SYN-070","C1","FIXED",5,2024-09-23,2025-04-22,"USA","SYN-070-039"
"SYN-070","C1","FIXED",5,2024-09-23,2025-04-22,"USA","SYN-070-040"
"SYN-070","C1","FIXED",5,2024-09-23,2025-04-22,"USA","SYN-070-041"
"SYN-070","C1","FIXED",5,2024-09-23,2025-04-22,"USA","SYN-070-042"
"SYN-070","C1","FIXED",4,2024-09-23,2025-04-22,"USA","SYN-070-043"
"SYN-070","C1","FIXED",5,2024-09-23,2025-04-22,"USA","SYN-070-044"
"SYN-070","C1","FIXED",5,2024-09-23,2025-04-22,"USA","SYN-070-045"
"SYN-070","C1","FIXED",4,2024-09-23,2025-04-22,"USA","SYN-070-046"
"SYN-070","C1","FIXED",5,2024-09-23,2025-04-22,"USA","SYN-070-047"
"SYN-070","C1","FIXED",5,2024-09-23,2025-04-22,"USA","SYN-070-048"
"SYN-070","C1","FIXED",5,2024-09-23,2025-04-22,"USA","SYN-070-049"
"SYN-070","C1","FIXED",5,2024-09-23,2025-04-22,"USA","SYN-070-050"
"SYN-070","C1","FIXED",4,2024-09-23,2025-04-22,"USA","SYN-070-051"
"SYN-070","C1","FIXED",5,2024-09-23,2025-04-22,"USA","SYN-070-052"
"SYN-070","C1","FIXED",5,2024-09-23,2025-04-22,"USA","SYN-070-053"
"SYN-070","C1","FIXED",4,2024-09-23,2025-04-22,"USA","SYN-070-054"
"SYN-070","C1","FIXED",5,2024-09-23,2025-04-22,"USA","SYN-070-055"
"SYN-070","C1","FIXED",5,2024-09-23,2025-04-22,"USA","SYN-070-056"
"SYN-071","C1","FIXED",12,2024-09-20,2025-05-04,"USA","SYN-071-001"
"SYN-071","C1","FIXED",13,2024-09-20,2025-05-04,"USA","SYN-071-002"
"SYN-071","C1","FIXED",12,2024-09-20,2025-05-04,"USA","SYN-071-003"
"SYN-071","C1","FIXED",13,2024-09-20,2025-05-04,"USA","SYN-071-004"
"SYN-071","C1","FIXED",12,2024-09-20,2025-05-04,"USA","SYN-071-005"
"SYN-071","C1","FIXED",13,2024-09-20,2025-05-04,"USA","SYN-071-006"
"SYN-071","C1","FIXED",12,2024-09-20,2025-05-04,"USA","SYN-071-007"
"SYN-071","C1","FIXED",13,2024-09-20,2025-05-04,"USA","SYN-071-008"
"SYN-071","C1","FIXED",12,2024-09-20,2025-05-04,"USA","SYN-071-009"
"SYN-071","C1","FIXED",13,2024-09-20,2025-05-04,"USA","SYN-071-010"
"SYN-071","C1","FIXED",12,2024-09-20,2025-05-04,"USA","SYN-071-011"
"SYN-071","C1","FIXED",13,2024-09-20,2025-05-04,"USA","SYN-071-012"
"SYN-071","C1","FIXED",12,2024-09-20,2025-05-04,"USA","SYN-071-013"
"SYN-071","C1","FIXED",13,2024-09-20,2025-05-04,"USA","SYN-071-014"
"SYN-071","C1","FIXED",12,2024-09-20,2025-05-04,"USA","SYN-071-015"
"SYN-071","C1","FIXED",13,2024-09-20,2025-05-04,"USA","SYN-071-016"
"SYN-071","C1","FIXED",12,2024-09-20,2025-05-04,"USA","SYN-071-017"
"SYN-071","C1","FIXED",13,2024-09-20,2025-05-04,"USA","SYN-071-018"
"SYN-071","C1","FIXED",12,2024-09-20,2025-05-04,"USA","SYN-071-019"
"SYN-071","C1","FIXED",13,2024-09-20,2025-05-04,"USA","SYN-071-020"
"SYN-071","C1","FIXED",12,2024-09-20,2025-05-04,"USA","SYN-071-021"
"SYN-071","C1","FIXED",13,2024-09-20,2025-05-04,"USA","SYN-071-022"
"SYN-071","C1","FIXED",12,2024-09-20,2025-05-04,"USA","SYN-071-023"
"SYN-072","C1","FIXED",8,2024-06-05,2025-01-11,"USA","SYN-072-001"
"SYN-072","C1","FIXED",8,2024-06-05,2025-01-11,"USA","SYN-072-002"
"SYN-072","C1","FIXED",7,2024-06-05,2025-01-11,"USA","SYN-072-003"
"SYN-072","C1","FIXED",8,2024-06-05,2025-01-11,"USA","SYN-072-004"
"SYN-072","C1","FIXED",8,2024-06-05,2025-01-11,"USA","SYN-072-005"
"SYN-072","C1","FIXED",8,2024-06-05,2025-01-11,"USA","SYN-072-006"
"SYN-072","C1","FIXED",7,2024-06-05,2025-01-11,"USA","SYN-072-007"
"SYN-072","C1","FIXED",8,2024-06-05,2025-01-11,"USA","SYN-072-008"
"SYN-072","C1","FIXED",8,2024-06-05,2025-01-11,"USA","SYN-072-009"
"SYN-072","C1","FIXED",8,2024-06-05,2025-01-11,"USA","SYN-072-010"
"SYN-072","C1","FIXED",7,2024-06-05,2025-01-11,"USA","SYN-072-011"
"SYN-072","C1","FIXED",8,2024-06-05,2025-01-11,"USA","SYN-072-012"
"SYN-072","C1","FIXED",8,2024-06-05,2025-01-11,"USA","SYN-072-013"
"SYN-072","C1","FIXED",8,2024-06-05,2025-01-11,"USA","SYN-072-014"
"SYN-072","C1","FIXED",7,2024-06-05,2025-01-11,"USA","SYN-072-015"
"SYN-072","C1","FIXED",8,2024-06-05,2025-01-11,"USA","SYN-072-016"
"SYN-072","C1","FIXED",8,2024-06-05,2025-01-11,"USA","SYN-072-017"
"SYN-072","C1","FIXED",8,2024-06-05,2025-01-11,"USA","SYN-072-018"
"SYN-072","C1","FIXED",8,2024-06-05,2025-01-11,"USA","SYN-072-019"
"SYN-072","C1","FIXED",7,2024-06-05,2025-01-11,"USA","SYN-072-020"
"SYN-072","C1","FIXED",8,2024-06-05,2025-01-11,"USA","SYN-072-021"
"SYN-072","C1","FIXED",8,2024-06-05,2025-01-11,"USA","SYN-072-022"
"SYN-072","C1","FIXED",8,2024-06-05,2025-01-11,"USA","SYN-072-023"
"SYN-072","C1","FIXED",7,2024-06-05,2025-01-11,"USA","SYN-072-024"
"SYN-072","C1","FIXED",8,2024-06-05,2025-01-11,"USA","SYN-072-025"
"SYN-072","C1","FIXED",8,2024-06-05,2025-01-11,"USA","SYN-072-026"
"SYN-072","C1","FIXED",8,2024-06-05,2025-01-11,"USA","SYN-072-027"
"SYN-072","C1","FIXED",7,2024-06-05,2025-01-11,"USA","SYN-072-028"
"SYN-072","C1","FIXED",8,2024-06-05,2025-01-11,"USA","SYN-072-029"
"SYN-072","C1","FIXED",8,2024-06-05,2025-01-11,"USA","SYN-072-030"
"SYN-072","C1","FIXED",8,2024-06-05,2025-01-11,"USA","SYN-072-031"
"SYN-072","C1","FIXED",7,2024-06-05,2025-01-11,"USA","SYN-072-032"
"SYN-072","C1","FIXED",8,2024-06-05,2025-01-11,"USA","SYN-072-033"
"SYN-072","C1","FIXED",8,2024-06-05,2025-01-11,"USA","SYN-072-034"
"SYN-073","C1","TITR",6,2024-03-30,2024-09-08,"USA","SYN-073-001"
"SYN-073","C1","TITR",6,2024-03-30,2024-09-08,"USA","SYN-073-002"
"SYN-073","C1","TITR",7,2024-03-30,2024-09-08,"USA","SYN-073-003"
"SYN-073","C1","TITR",6,2024-03-30,2024-09-08,"USA","SYN-073-004"
"SYN-073","C1","TITR",6,2024-03-30,2024-09-08,"USA","SYN-073-005"
"SYN-073","C1","TITR",6,2024-03-30,2024-09-08,"USA","SYN-073-006"
"SYN-073","C1","TITR",7,2024-03-30,2024-09-08,"USA","SYN-073-007"
"SYN-073","C1","TITR",6,2024-03-30,2024-09-08,"USA","SYN-073-008"
"SYN-073","C1","TITR",6,2024-03-30,2024-09-08,"USA","SYN-073-009"
"SYN-073","C1","TITR",6,2024-03-30,2024-09-08,"USA","SYN-073-010"
"SYN-073","C1","TITR",7,2024-03-30,2024-09-08,"USA","SYN-073-011"
"SYN-073","C1","TITR",6,2024-03-30,2024-09-08,"USA","SYN-073-012"
"SYN-073","C1","TITR",6,2024-03-30,2024-09-08,"USA","SYN-073-013"
"SYN-073","C1","TITR",6,2024-03-30,2024-09-08,"USA","SYN-073-014"
"SYN-073","C1","TITR",7,2024-03-30,2024-09-08,"USA","SYN-073-015"
"SYN-073","C1","TITR",6,2024-03-30,2024-09-08,"USA","SYN-073-016"
"SYN-073","C1","TITR",6,2024-03-30,2024-09-08,"USA","SYN-073-017"
"SYN-074","C1","TITR",11,2024-08-10,2024-10-08,"USA","SYN-074-001"
"SYN-074","C1","TITR",10,2024-08-10,2024-10-08,"USA","SYN-074-002"
"SYN-074","C1","TITR",11,2024-08-10,2024-10-08,"USA","SYN-074-003"
"SYN-074","C1","TITR",11,2024-08-10,2024-10-08,"USA","SYN-074-004"
"SYN-074","C1","TITR",10,2024-08-10,2024-10-08,"USA","SYN-074-005"
"SYN-074","C1","TITR",11,2024-08-10,2024-10-08,"USA","SYN-074-006"
"SYN-075","C1","FIXED",10,2024-06-13,2024-12-11,"USA","SYN-075-001"
"SYN-075","C1","FIXED",10,2024-06-13,2024-12-11,"USA","SYN-075-002"
"SYN-075","C1","FIXED",9,2024-06-13,2024-12-11,"USA","SYN-075-003"
"SYN-075","C1","FIXED",10,2024-06-13,2024-12-11,"USA","SYN-075-004"
"SYN-075","C1","FIXED",10,2024-06-13,2024-12-11,"USA","SYN-075-005"
"SYN-075","C1","FIXED",10,2024-06-13,2024-12-11,"USA","SYN-075-006"
"SYN-075","C1","FIXED",10,2024-06-13,2024-12-11,"USA","SYN-075-007"
"SYN-075","C1","FIXED",10,2024-06-13,2024-12-11,"USA","SYN-075-008"
"SYN-075","C1","FIXED",9,2024-06-13,2024-12-11,"USA","SYN-075-009"
"SYN-075","C1","FIXED",10,2024-06-13,2024-12-11,"USA","SYN-075-010"
"SYN-075","C1","FIXED",10,2024-06-13,2024-12-11,"USA","SYN-075-011"
"SYN-075","C1","FIXED",10,2024-06-13,2024-12-11,"USA","SYN-075-012"
"SYN-075","C1","FIXED",10,2024-06-13,2024-12-11,"USA","SYN-075-013"
"SYN-075","C1","FIXED",10,2024-06-13,2024-12-11,"USA","SYN-075-014"
"SYN-075","C1","FIXED",9,2024-06-13,2024-12-11,"USA","SYN-075-015"
"SYN-075","C1","FIXED",10,2024-06-13,2024-12-11,"USA","SYN-075-016"
"SYN-075","C1","FIXED",10,2024-06-13,2024-12-11,"USA","SYN-075-017"
"SYN-075","C1","FIXED",10,2024-06-13,2024-12-11,"USA","SYN-075-018"
"SYN-075","C1","FIXED",10,2024-06-13,2024-12-11,"USA","SYN-075-019"
"SYN-075","C1","FIXED",9,2024-06-13,2024-12-11,"USA","SYN-075-020"
"SYN-075","C1","FIXED",10,2024-06-13,2024-12-11,"USA","SYN-075-021"
"SYN-075","C1","FIXED",10,2024-06-13,2024-12-11,"USA","SYN-075-022"
"SYN-075","C1","FIXED",10,2024-06-13,2024-12-11,"USA","SYN-075-023"
"SYN-075","C1","FIXED",10,2024-06-13,2024-12-11,"USA","SYN-075-024"
"SYN-075","C1","FIXED",10,2024-06-13,2024-12-11,"USA","SYN-075-025"
"SYN-075","C1","FIXED",9,2024-06-13,2024-12-11,"USA","SYN-075-026"
"SYN-075","C1","FIXED",10,2024-06-13,2024-12-11,"USA","SYN-075-027"
"SYN-075","C1","FIXED",10,2024-06-13,2024-12-11,"USA","SYN-075-028"
"SYN-075","C1","FIXED",10,2024-06-13,2024-12-11,"USA","SYN-075-029"
"SYN-075","C1","FIXED",10,2024-06-13,2024-12-11,"USA","SYN-075-030"
"SYN-075","C1","FIXED",10,2024-06-13,2024-12-11,"USA","SYN-075-031"
"SYN-075","C1","FIXED",9,2024-06-13,2024-12-11,"USA","SYN-075-032"
"SYN-075","C1","FIXED",10,2024-06-13,2024-12-11,"USA","SYN-075-033"
"SYN-075","C1","FIXED",10,2024-06-13,2024-12-11,"USA","SYN-075-034"
"SYN-075","C1","FIXED",10,2024-06-13,2024-12-11,"USA","SYN-075-035"
"SYN-075","C1","FIXED",10,2024-06-13,2024-12-11,"USA","SYN-075-036"
"SYN-075","C1","FIXED",10,2024-06-13,2024-12-11,"USA","SYN-075-037"
"SYN-075","C1","FIXED",9,2024-06-13,2024-12-11,"USA","SYN-075-038"
"SYN-075","C1","FIXED",10,2024-06-13,2024-12-11,"USA","SYN-075-039"
"SYN-075","C1","FIXED",10,2024-06-13,2024-12-11,"USA","SYN-075-040"
"SYN-076","C1","FIXED",8,2024-05-02,2025-03-14,"USA","SYN-076-001"
"SYN-076","C1","FIXED",8,2024-05-02,2025-03-14,"USA","SYN-076-002"
"SYN-076","C1","FIXED",8,2024-05-02,2025-03-14,"USA","SYN-076-003"
"SYN-076","C1","FIXED",8,2024-05-02,2025-03-14,"USA","SYN-076-004"
"SYN-076","C1","FIXED",8,2024-05-02,2025-03-14,"USA","SYN-076-005"
"SYN-076","C1","FIXED",8,2024-05-02,2025-03-14,"USA","SYN-076-006"
"SYN-076","C1","FIXED",8,2024-05-02,2025-03-14,"USA","SYN-076-007"
"SYN-076","C1","FIXED",8,2024-05-02,2025-03-14,"USA","SYN-076-008"
"SYN-076","C1","FIXED",8,2024-05-02,2025-03-14,"USA","SYN-076-009"
"SYN-076","C1","FIXED",8,2024-05-02,2025-03-14,"USA","SYN-076-010"
"SYN-076","C1","FIXED",8,2024-05-02,2025-03-14,"USA","SYN-076-011"
"SYN-076","C1","FIXED",8,2024-05-02,2025-03-14,"USA","SYN-076-012"
"SYN-076","C1","FIXED",8,2024-05-02,2025-03-14,"USA","SYN-076-013"
"SYN-076","C1","FIXED",8,2024-05-02,2025-03-14,"USA","SYN-076-014"
"SYN-076","C1","FIXED",8,2024-05-02,2025-03-14,"USA","SYN-076-015"
"SYN-076","C1","FIXED",9,2024-05-02,2025-03-14,"USA","SYN-076-016"
"SYN-076","C1","FIXED",8,2024-05-02,2025-03-14,"USA","SYN-076-017"
"SYN-076","C1","FIXED",8,2024-05-02,2025-03-14,"USA","SYN-076-018"
"SYN-076","C1","FIXED",8,2024-05-02,2025-03-14,"USA","SYN-076-019"
"SYN-076","C1","FIXED",8,2024-05-02,2025-03-14,"USA","SYN-076-020"
"SYN-076","C1","FIXED",8,2024-05-02,2025-03-14,"USA","SYN-076-021"
"SYN-076","C1","FIXED",8,2024-05-02,2025-03-14,"USA","SYN-076-022"
"SYN-076","C1","FIXED",8,2024-05-02,2025-03-14,"USA","SYN-076-023"
"SYN-076","C1","FIXED",8,2024-05-02,2025-03-14,"USA","SYN-076-024"
"SYN-076","C1","FIXED",8,2024-05-02,2025-03-14,"USA","SYN-076-025"
"SYN-076","C1","FIXED",8,2024-05-02,2025-03-14,"USA","SYN-076-026"
"SYN-076","C1","FIXED",8,2024-05-02,2025-03-14,"USA","SYN-076-027"
"SYN-076","C1","FIXED",8,2024-05-02,2025-03-14,"USA","SYN-076-028"
"SYN-076","C1","FIXED",8,2024-05-02,2025-03-14,"USA","SYN-076-029"
"SYN-076","C1","FIXED",8,2024-05-02,2025-03-14,"USA","SYN-076-030"
"SYN-076","C1","FIXED",8,2024-05-02,2025-03-14,"USA","SYN-076-031"
"SYN-077","C1","FIXED",10,2024-06-02,2025-02-02,"USA","SYN-077-001"
"SYN-077","C1","FIXED",9,2024-06-02,2025-02-02,"USA","SYN-077-002"
"SYN-077","C1","FIXED",9,2024-06-02,2025-02-02,"USA","SYN-077-003"
"SYN-077","C1","FIXED",10,2024-06-02,2025-02-02,"USA","SYN-077-004"
"SYN-077","C1","FIXED",10,2024-06-02,2025-02-02,"USA","SYN-077-005"
"SYN-077","C1","FIXED",9,2024-06-02,2025-02-02,"USA","SYN-077-006"
"SYN-077","C1","FIXED",9,2024-06-02,2025-02-02,"USA","SYN-077-007"
"SYN-077","C1","FIXED",10,2024-06-02,2025-02-02,"USA","SYN-077-008"
"SYN-077","C1","FIXED",10,2024-06-02,2025-02-02,"USA","SYN-077-009"
"SYN-077","C1","FIXED",9,2024-06-02,2025-02-02,"USA","SYN-077-010"
"SYN-077","C1","FIXED",9,2024-06-02,2025-02-02,"USA","SYN-077-011"
"SYN-077","C1","FIXED",10,2024-06-02,2025-02-02,"USA","SYN-077-012"
"SYN-077","C1","FIXED",10,2024-06-02,2025-02-02,"USA","SYN-077-013"
"SYN-077","C1","FIXED",9,2024-06-02,2025-02-02,"USA","SYN-077-014"
"SYN-077","C1","FIXED",9,2024-06-02,2025-02-02,"USA","SYN-077-015"
"SYN-077","C1","FIXED",10,2024-06-02,2025-02-02,"USA","SYN-077-016"
"SYN-077","C1","FIXED",10,2024-06-02,2025-02-02,"USA","SYN-077-017"
"SYN-077","C1","FIXED",9,2024-06-02,2025-02-02,"USA","SYN-077-018"
"SYN-077","C1","FIXED",9,2024-06-02,2025-02-02,"USA","SYN-077-019"
"SYN-077","C1","FIXED",10,2024-06-02,2025-02-02,"USA","SYN-077-020"
"SYN-077","C1","FIXED",10,2024-06-02,2025-02-02,"USA","SYN-077-021"
"SYN-077","C1","FIXED",9,2024-06-02,2025-02-02,"USA","SYN-077-022"
"SYN-077","C1","FIXED",9,2024-06-02,2025-02-02,"USA","SYN-077-023"
"SYN-077","C1","FIXED",10,2024-06-02,2025-02-02,"USA","SYN-077-024"
"SYN-077","C1","FIXED",10,2024-06-02,2025-02-02,"USA","SYN-077-025"
"SYN-077","C1","FIXED",9,2024-06-02,2025-02-02,"USA","SYN-077-026"
"SYN-077","C1","FIXED",9,2024-06-02,2025-02-02,"USA","SYN-077-027"
"SYN-077","C1","FIXED",10,2024-06-02,2025-02-02,"USA","SYN-077-028"
"SYN-077","C1","FIXED",10,2024-06-02,2025-02-02,"USA","SYN-077-029"
"SYN-077","C1","FIXED",9,2024-06-02,2025-02-02,"USA","SYN-077-030"
"SYN-077","C1","FIXED",9,2024-06-02,2025-02-02,"USA","SYN-077-031"
"SYN-077","C1","FIXED",10,2024-06-02,2025-02-02,"USA","SYN-077-032"
"SYN-077","C1","FIXED",10,2024-06-02,2025-02-02,"USA","SYN-077-033"
"SYN-077","C1","FIXED",9,2024-06-02,2025-02-02,"USA","SYN-077-034"
"SYN-077","C1","FIXED",9,2024-06-02,2025-02-02,"USA","SYN-077-035"
"SYN-077","C1","FIXED",10,2024-06-02,2025-02-02,"USA","SYN-077-036"
"SYN-077","C1","FIXED",10,2024-06-02,2025-02-02,"USA","SYN-077-037"
"SYN-077","C1","FIXED",9,2024-06-02,2025-02-02,"USA","SYN-077-038"
"SYN-077","C1","FIXED",9,2024-06-02,2025-02-02,"USA","SYN-077-039"
"SYN-077","C1","FIXED",10,2024-06-02,2025-02-02,"USA","SYN-077-040"
"SYN-077","C1","FIXED",10,2024-06-02,2025-02-02,"USA","SYN-077-041"
"SYN-077","C1","FIXED",9,2024-06-02,2025-02-02,"USA","SYN-077-042"
"SYN-077","C1","FIXED",9,2024-06-02,2025-02-02,"USA","SYN-077-043"
"SYN-077","C1","FIXED",10,2024-06-02,2025-02-02,"USA","SYN-077-044"
"SYN-077","C1","FIXED",10,2024-06-02,2025-02-02,"USA","SYN-077-045"
"SYN-077","C1","FIXED",9,2024-06-02,2025-02-02,"USA","SYN-077-046"
"SYN-078","C1","TITR",7,2024-10-06,2025-01-22,"USA","SYN-078-001"
"SYN-078","C1","TITR",7,2024-10-06,2025-01-22,"USA","SYN-078-002"
"SYN-078","C1","TITR",7,2024-10-06,2025-01-22,"USA","SYN-078-003"
"SYN-078","C1","TITR",7,2024-10-06,2025-01-22,"USA","SYN-078-004"
"SYN-078","C1","TITR",7,2024-10-06,2025-01-22,"USA","SYN-078-005"
"SYN-078","C1","TITR",7,2024-10-06,2025-01-22,"USA","SYN-078-006"
"SYN-078","C1","TITR",6,2024-10-06,2025-01-22,"USA","SYN-078-007"
"SYN-078","C1","TITR",7,2024-10-06,2025-01-22,"USA","SYN-078-008"
"SYN-078","C1","TITR",7,2024-10-06,2025-01-22,"USA","SYN-078-009"
"SYN-078","C1","TITR",7,2024-10-06,2025-01-22,"USA","SYN-078-010"
"SYN-078","C1","TITR",7,2024-10-06,2025-01-22,"USA","SYN-078-011"
"SYN-078","C1","TITR",7,2024-10-06,2025-01-22,"USA","SYN-078-012"
"SYN-079","C1","FIXED",12,2024-11-03,2025-06-11,"USA","SYN-079-001"
"SYN-079","C1","FIXED",12,2024-11-03,2025-06-11,"USA","SYN-079-002"
"SYN-079","C1","FIXED",13,2024-11-03,2025-06-11,"USA","SYN-079-003"
"SYN-079","C1","FIXED",12,2024-11-03,2025-06-11,"USA","SYN-079-004"
"SYN-079","C1","FIXED",12,2024-11-03,2025-06-11,"USA","SYN-079-005"
"SYN-079","C1","FIXED",12,2024-11-03,2025-06-11,"USA","SYN-079-006"
"SYN-079","C1","FIXED",12,2024-11-03,2025-06-11,"USA","SYN-079-007"
"SYN-079","C1","FIXED",13,2024-11-03,2025-06-11,"USA","SYN-079-008"
"SYN-079","C1","FIXED",12,2024-11-03,2025-06-11,"USA","SYN-079-009"
"SYN-079","C1","FIXED",12,2024-11-03,2025-06-11,"USA","SYN-079-010"
"SYN-079","C1","FIXED",12,2024-11-03,2025-06-11,"USA","SYN-079-011"
"SYN-079","C1","FIXED",12,2024-11-03,2025-06-11,"USA","SYN-079-012"
"SYN-079","C1","FIXED",13,2024-11-03,2025-06-11,"USA","SYN-079-013"
"SYN-079","C1","FIXED",12,2024-11-03,2025-06-11,"USA","SYN-079-014"
"SYN-079","C1","FIXED",12,2024-11-03,2025-06-11,"USA","SYN-079-015"
"SYN-079","C1","FIXED",12,2024-11-03,2025-06-11,"USA","SYN-079-016"
"SYN-079","C1","FIXED",13,2024-11-03,2025-06-11,"USA","SYN-079-017"
"SYN-079","C1","FIXED",12,2024-11-03,2025-06-11,"USA","SYN-079-018"
"SYN-079","C1","FIXED",12,2024-11-03,2025-06-11,"USA","SYN-079-019"
"SYN-079","C1","FIXED",12,2024-11-03,2025-06-11,"USA","SYN-079-020"
"SYN-079","C1","FIXED",12,2024-11-03,2025-06-11,"USA","SYN-079-021"
"SYN-079","C1","FIXED",13,2024-11-03,2025-06-11,"USA","SYN-079-022"
"SYN-079","C1","FIXED",12,2024-11-03,2025-06-11,"USA","SYN-079-023"
"SYN-079","C1","FIXED",12,2024-11-03,2025-06-11,"USA","SYN-079-024"
"SYN-080","C1","TITR",7,2024-07-13,2025-01-17,"USA","SYN-080-001"
"SYN-080","C1","TITR",8,2024-07-13,2025-01-17,"USA","SYN-080-002"
"SYN-080","C1","TITR",7,2024-07-13,2025-01-17,"USA","SYN-080-003"
"SYN-080","C1","TITR",7,2024-07-13,2025-01-17,"USA","SYN-080-004"
"SYN-080","C1","TITR",8,2024-07-13,2025-01-17,"USA","SYN-080-005"
"SYN-080","C1","TITR",7,2024-07-13,2025-01-17,"USA","SYN-080-006"
"SYN-080","C1","TITR",7,2024-07-13,2025-01-17,"USA","SYN-080-007"
"SYN-080","C1","TITR",7,2024-07-13,2025-01-17,"USA","SYN-080-008"
"SYN-080","C1","TITR",8,2024-07-13,2025-01-17,"USA","SYN-080-009"
"SYN-080","C1","TITR",7,2024-07-13,2025-01-17,"USA","SYN-080-010"
"SYN-080","C1","TITR",7,2024-07-13,2025-01-17,"USA","SYN-080-011"
"SYN-080","C1","TITR",8,2024-07-13,2025-01-17,"USA","SYN-080-012"
"SYN-080","C1","TITR",7,2024-07-13,2025-01-17,"USA","SYN-080-013"
"SYN-080","C1","TITR",7,2024-07-13,2025-01-17,"USA","SYN-080-014"
"SYN-080","C1","TITR",8,2024-07-13,2025-01-17,"USA","SYN-080-015"
"SYN-080","C1","TITR",7,2024-07-13,2025-01-17,"USA","SYN-080-016"
"SYN-080","C1","TITR",7,2024-07-13,2025-01-17,"USA","SYN-080-017"
"SYN-080","C1","TITR",8,2024-07-13,2025-01-17,"USA","SYN-080-018"
"SYN-080","C1","TITR",7,2024-07-13,2025-01-17,"USA","SYN-080-019"
"SYN-080","C1","TITR",7,2024-07-13,2025-01-17,"USA","SYN-080-020"
"SYN-080","C1","TITR",8,2024-07-13,2025-01-17,"USA","SYN-080-021"
"SYN-080","C1","TITR",7,2024-07-13,2025-01-17,"USA","SYN-080-022"
"SYN-080","C1","TITR",7,2024-07-13,2025-01-17,"USA","SYN-080-023"
"SYN-080","C1","TITR",8,2024-07-13,2025-01-17,"USA","SYN-080-024"
"SYN-080","C1","TITR",7,2024-07-13,2025-01-17,"USA","SYN-080-025"
"SYN-080","C1","TITR",7,2024-07-13,2025-01-17,"USA","SYN-080-026"
"SYN-080","C1","TITR",7,2024-07-13,2025-01-17,"USA","SYN-080-027"
"SYN-080","C1","TITR",8,2024-07-13,2025-01-17,"USA","SYN-080-028"
"SYN-080","C1","TITR",7,2024-07-13,2025-01-17,"USA","SYN-080-029"
"SYN-080","C1","TITR",7,2024-07-13,2025-01-17,"USA","SYN-080-030"
"SYN-080","C1","TITR",8,2024-07-13,2025-01-17,"USA","SYN-080-031"
"SYN-080","C1","TITR",7,2024-07-13,2025-01-17,"USA","SYN-080-032"
"SYN-081","C1","FIXED",6,2024-06-26,2025-03-31,"USA","SYN-081-001"
"SYN-081","C1","FIXED",5,2024-06-26,2025-03-31,"USA","SYN-081-002"
"SYN-081","C1","FIXED",6,2024-06-26,2025-03-31,"USA","SYN-081-003"
"SYN-081","C1","FIXED",6,2024-06-26,2025-03-31,"USA","SYN-081-004"
"SYN-081","C1","FIXED",5,2024-06-26,2025-03-31,"USA","SYN-081-005"
"SYN-081","C1","FIXED",6,2024-06-26,2025-03-31,"USA","SYN-081-006"
"SYN-081","C1","FIXED",5,2024-06-26,2025-03-31,"USA","SYN-081-007"
"SYN-081","C1","FIXED",6,2024-06-26,2025-03-31,"USA","SYN-081-008"
"SYN-081","C1","FIXED",6,2024-06-26,2025-03-31,"USA","SYN-081-009"
"SYN-081","C1","FIXED",5,2024-06-26,2025-03-31,"USA","SYN-081-010"
"SYN-081","C1","FIXED",6,2024-06-26,2025-03-31,"USA","SYN-081-011"
"SYN-081","C1","FIXED",6,2024-06-26,2025-03-31,"USA","SYN-081-012"
"SYN-081","C1","FIXED",5,2024-06-26,2025-03-31,"USA","SYN-081-013"
"SYN-081","C1","FIXED",6,2024-06-26,2025-03-31,"USA","SYN-081-014"
"SYN-081","C1","FIXED",6,2024-06-26,2025-03-31,"USA","SYN-081-015"
"SYN-081","C1","FIXED",5,2024-06-26,2025-03-31,"USA","SYN-081-016"
"SYN-081","C1","FIXED",6,2024-06-26,2025-03-31,"USA","SYN-081-017"
"SYN-081","C1","FIXED",6,2024-06-26,2025-03-31,"USA","SYN-081-018"
"SYN-081","C1","FIXED",5,2024-06-26,2025-03-31,"USA","SYN-081-019"
"SYN-081","C1","FIXED",6,2024-06-26,2025-03-31,"USA","SYN-081-020"
"SYN-081","C1","FIXED",5,2024-06-26,2025-03-31,"USA","SYN-081-021"
"SYN-081","C1","FIXED",6,2024-06-26,2025-03-31,"USA","SYN-081-022"
"SYN-081","C1","FIXED",6,2024-06-26,2025-03-31,"USA","SYN-081-023"
"SYN-081","C1","FIXED",5,2024-06-26,2025-03-31,"USA","SYN-081-024"
"SYN-081","C1","FIXED",6,2024-06-26,2025-03-31,"USA","SYN-081-025"
"SYN-081","C1","FIXED",6,2024-06-26,2025-03-31,"USA","SYN-081-026"
"SYN-081","C1","FIXED",5,2024-06-26,2025-03-31,"USA","SYN-081-027"
"SYN-081","C1","FIXED",6,2024-06-26,2025-03-31,"USA","SYN-081-028"
"SYN-081","C1","FIXED",6,2024-06-26,2025-03-31,"USA","SYN-081-029"
"SYN-081","C1","FIXED",5,2024-06-26,2025-03-31,"USA","SYN-081-030"
"SYN-081","C1","FIXED",6,2024-06-26,2025-03-31,"USA","SYN-081-031"
"SYN-081","C1","FIXED",5,2024-06-26,2025-03-31,"USA","SYN-081-032"
"SYN-081","C1","FIXED",6,2024-06-26,2025-03-31,"USA","SYN-081-033"
"SYN-081","C1","FIXED",6,2024-06-26,2025-03-31,"USA","SYN-081-034"
"SYN-081","C1","FIXED",5,2024-06-26,2025-03-31,"USA","SYN-081-035"
"SYN-081","C1","FIXED",6,2024-06-26,2025-03-31,"USA","SYN-081-036"
"SYN-082","C1","FIXED",264,2022-11-02,2024-06-10,"USA","SYN-082-001"
"SYN-082","C1","FIXED",263,2022-11-02,2024-06-10,"USA","SYN-082-002"
"SYN-082","C1","FIXED",264,2022-11-02,2024-06-10,"USA","SYN-082-003"
"SYN-082","C1","FIXED",264,2022-11-02,2024-06-10,"USA","SYN-082-004"
"SYN-082","C1","FIXED",264,2022-11-02,2024-06-10,"USA","SYN-082-005"
"SYN-082","C1","FIXED",263,2022-11-02,2024-06-10,"USA","SYN-082-006"
"SYN-082","C1","FIXED",264,2022-11-02,2024-06-10,"USA","SYN-082-007"
"SYN-082","C1","FIXED",264,2022-11-02,2024-06-10,"USA","SYN-082-008"
"SYN-082","C1","FIXED",263,2022-11-02,2024-06-10,"USA","SYN-082-009"
"SYN-082","C1","FIXED",264,2022-11-02,2024-06-10,"USA","SYN-082-010"
"SYN-082","C1","FIXED",264,2022-11-02,2024-06-10,"USA","SYN-082-011"
"SYN-082","C1","FIXED",264,2022-11-02,2024-06-10,"USA","SYN-082-012"
"SYN-082","C1","FIXED",263,2022-11-02,2024-06-10,"USA","SYN-082-013"
"SYN-082","C1","FIXED",264,2022-11-02,2024-06-10,"USA","SYN-082-014"
"SYN-082","C1","FIXED",264,2022-11-02,2024-06-10,"USA","SYN-082-015"
"SYN-082","C1","FIXED",263,2022-11-02,2024-06-10,"USA","SYN-082-016"
"SYN-082","C1","FIXED",264,2022-11-02,2024-06-10,"USA","SYN-082-017"
"SYN-082","C1","FIXED",264,2022-11-02,2024-06-10,"USA","SYN-082-018"
"SYN-082","C1","FIXED",264,2022-11-02,2024-06-10,"USA","SYN-082-019"
"SYN-082","C1","FIXED",263,2022-11-02,2024-06-10,"USA","SYN-082-020"
"SYN-082","C1","FIXED",264,2022-11-02,2024-06-10,"USA","SYN-082-021"
"SYN-082","C1","FIXED",264,2022-11-02,2024-06-10,"USA","SYN-082-022"
"SYN-082","C1","FIXED",263,2022-11-02,2024-06-10,"USA","SYN-082-023"
"SYN-082","C1","FIXED",264,2022-11-02,2024-06-10,"USA","SYN-082-024"
"SYN-082","C1","FIXED",264,2022-11-02,2024-06-10,"USA","SYN-082-025"
"SYN-082","C1","FIXED",264,2022-11-02,2024-06-10,"USA","SYN-082-026"
"SYN-082","C1","FIXED",263,2022-11-02,2024-06-10,"USA","SYN-082-027"
"SYN-082","C1","FIXED",264,2022-11-02,2024-06-10,"USA","SYN-082-028"
"SYN-082","C1","FIXED",264,2022-11-02,2024-06-10,"USA","SYN-082-029"
"SYN-082","C1","FIXED",263,2022-11-02,2024-06-10,"USA","SYN-082-030"
"SYN-082","C1","FIXED",264,2022-11-02,2024-06-10,"USA","SYN-082-031"
"SYN-082","C1","FIXED",264,2022-11-02,2024-06-10,"USA","SYN-082-032"
"SYN-082","C1","FIXED",264,2022-11-02,2024-06-10,"USA","SYN-082-033"
"SYN-082","C1","FIXED",263,2022-11-02,2024-06-10,"USA","SYN-082-034"
"SYN-082","C1","FIXED",264,2022-11-02,2024-06-10,"USA","SYN-082-035"
"SYN-082","C1","FIXED",264,2022-11-02,2024-06-10,"USA","SYN-082-036"
"SYN-082","C1","FIXED",263,2022-11-02,2024-06-10,"USA","SYN-082-037"
"SYN-082","C1","FIXED",264,2022-11-02,2024-06-10,"USA","SYN-082-038"
"SYN-082","C1","FIXED",264,2022-11-02,2024-06-10,"USA","SYN-082-039"
"SYN-082","C1","FIXED",264,2022-11-02,2024-06-10,"USA","SYN-082-040"
"SYN-082","C1","FIXED",263,2022-11-02,2024-06-10,"USA","SYN-082-041"
"SYN-082","C1","FIXED",264,2022-11-02,2024-06-10,"USA","SYN-082-042"
"SYN-082","C1","FIXED",264,2022-11-02,2024-06-10,"USA","SYN-082-043"
"SYN-082","C1","FIXED",263,2022-11-02,2024-06-10,"USA","SYN-082-044"
"SYN-082","C1","FIXED",264,2022-11-02,2024-06-10,"USA","SYN-082-045"
"SYN-082","C1","FIXED",264,2022-11-02,2024-06-10,"USA","SYN-082-046"
"SYN-082","C1","FIXED",264,2022-11-02,2024-06-10,"USA","SYN-082-047"
"SYN-082","C1","FIXED",263,2022-11-02,2024-06-10,"USA","SYN-082-048"
"SYN-082","C1","FIXED",264,2022-11-02,2024-06-10,"USA","SYN-082-049"
"SYN-082","C1","FIXED",264,2022-11-02,2024-06-10,"USA","SYN-082-050"
"SYN-082","C1","FIXED",263,2022-11-02,2024-06-10,"USA","SYN-082-051"
"SYN-082","C1","FIXED",264,2022-11-02,2024-06-10,"USA","SYN-082-052"
"SYN-082","C1","FIXED",264,2022-11-02,2024-06-10,"USA","SYN-082-053"
"SYN-082","C1","FIXED",264,2022-11-02,2024-06-10,"USA","SYN-082-054"
"SYN-082","C1","FIXED",263,2022-11-02,2024-06-10,"USA","SYN-082-055"
"SYN-082","C1","FIXED",264,2022-11-02,2024-06-10,"USA","SYN-082-056"
"SYN-082","C1","FIXED",264,2022-11-02,2024-06-10,"USA","SYN-082-057"
"SYN-082","C1","FIXED",263,2022-11-02,2024-06-10,"USA","SYN-082-058"
"SYN-082","C1","FIXED",264,2022-11-02,2024-06-10,"USA","SYN-082-059"
"SYN-082","C1","FIXED",264,2022-11-02,2024-06-10,"USA","SYN-082-060"
"SYN-082","C1","FIXED",264,2022-11-02,2024-06-10,"USA","SYN-082-061"
"SYN-082","C1","FIXED",263,2022-11-02,2024-06-10,"USA","SYN-082-062"
"SYN-082","C1","FIXED",264,2022-11-02,2024-06-10,"USA","SYN-082-063"
"SYN-082","C1","FIXED",264,2022-11-02,2024-06-10,"USA","SYN-082-064"
"SYN-082","C1","FIXED",263,2022-11-02,2024-06-10,"USA","SYN-082-065"
"SYN-082","C1","FIXED",264,2022-11-02,2024-06-10,"USA","SYN-082-066"
"SYN-082","C1","FIXED",264,2022-11-02,2024-06-10,"USA","SYN-082-067"
"SYN-082","C1","FIXED",264,2022-11-02,2024-06-10,"USA","SYN-082-068"
"SYN-082","C1","FIXED",263,2022-11-02,2024-06-10,"USA","SYN-082-069"
"SYN-082","C1","FIXED",264,2022-11-02,2024-06-10,"USA","SYN-082-070"
"SYN-082","C1","FIXED",264,2022-11-02,2024-06-10,"USA","SYN-082-071"
"SYN-082","C1","FIXED",263,2022-11-02,2024-06-10,"USA","SYN-082-072"
"SYN-082","C1","FIXED",264,2022-11-02,2024-06-10,"USA","SYN-082-073"
"SYN-082","C1","FIXED",264,2022-11-02,2024-06-10,"USA","SYN-082-074"
"SYN-082","C1","FIXED",264,2022-11-02,2024-06-10,"USA","SYN-082-075"
"SYN-082","C1","FIXED",263,2022-11-02,2024-06-10,"USA","SYN-082-076"
"SYN-082","C1","FIXED",264,2022-11-02,2024-06-10,"USA","SYN-082-077"
"SYN-082","C1","FIXED",264,2022-11-02,2024-06-10,"USA","SYN-082-078"
"SYN-082","C1","FIXED",263,2022-11-02,2024-06-10,"USA","SYN-082-079"
"SYN-082","C1","FIXED",264,2022-11-02,2024-06-10,"USA","SYN-082-080"
"SYN-082","C1","FIXED",264,2022-11-02,2024-06-10,"USA","SYN-082-081"
"SYN-082","C1","FIXED",264,2022-11-02,2024-06-10,"USA","SYN-082-082"
"SYN-082","C1","FIXED",263,2022-11-02,2024-06-10,"USA","SYN-082-083"
"SYN-082","C1","FIXED",264,2022-11-02,2024-06-10,"USA","SYN-082-084"
"SYN-082","C1","FIXED",264,2022-11-02,2024-06-10,"USA","SYN-082-085"
"SYN-082","C1","FIXED",263,2022-11-02,2024-06-10,"USA","SYN-082-086"
"SYN-082","C1","FIXED",264,2022-11-02,2024-06-10,"USA","SYN-082-087"
"SYN-082","C1","FIXED",264,2022-11-02,2024-06-10,"USA","SYN-082-088"
"SYN-082","C1","FIXED",264,2022-11-02,2024-06-10,"USA","SYN-082-089"
"SYN-082","C1","FIXED",263,2022-11-02,2024-06-10,"USA","SYN-082-090"
"SYN-082","C1","FIXED",264,2022-11-02,2024-06-10,"USA","SYN-082-091"
"SYN-082","C1","FIXED",264,2022-11-02,2024-06-10,"USA","SYN-082-092"
"SYN-082","C1","FIXED",263,2022-11-02,2024-06-10,"USA","SYN-082-093"
"SYN-082","C1","FIXED",264,2022-11-02,2024-06-10,"USA","SYN-082-094"
"SYN-082","C1","FIXED",264,2022-11-02,2024-06-10,"USA","SYN-082-095"
"SYN-082","C1","FIXED",264,2022-11-02,2024-06-10,"USA","SYN-082-096"
"SYN-082","C1","FIXED",263,2022-11-02,2024-06-10,"USA","SYN-082-097"
"SYN-082","C1","FIXED",264,2022-11-02,2024-06-10,"USA","SYN-082-098"
"SYN-083","C1","TITR",8,2024-12-27,2025-04-06,"USA","SYN-083-001"
"SYN-083","C1","TITR",8,2024-12-27,2025-04-06,"USA","SYN-083-002"
"SYN-083","C1","TITR",8,2024-12-27,2025-04-06,"USA","SYN-083-003"
"SYN-083","C1","TITR",8,2024-12-27,2025-04-06,"USA","SYN-083-004"
"SYN-083","C1","TITR",9,2024-12-27,2025-04-06,"USA","SYN-083-005"
"SYN-083","C1","TITR",8,2024-12-27,2025-04-06,"USA","SYN-083-006"
"SYN-083","C1","TITR",8,2024-12-27,2025-04-06,"USA","SYN-083-007"
"SYN-083","C1","TITR",8,2024-12-27,2025-04-06,"USA","SYN-083-008"
"SYN-084","C1","TITR",22,2024-12-04,2025-05-05,"USA","SYN-084-001"
"SYN-084","C1","TITR",22,2024-12-04,2025-05-05,"USA","SYN-084-002"
"SYN-084","C1","TITR",22,2024-12-04,2025-05-05,"USA","SYN-084-003"
"SYN-084","C1","TITR",22,2024-12-04,2025-05-05,"USA","SYN-084-004"
"SYN-085","C1","TITR",10,2024-06-14,2025-03-01,"USA","SYN-085-001"
"SYN-085","C1","TITR",9,2024-06-14,2025-03-01,"USA","SYN-085-002"
"SYN-085","C1","TITR",10,2024-06-14,2025-03-01,"USA","SYN-085-003"
"SYN-085","C1","TITR",10,2024-06-14,2025-03-01,"USA","SYN-085-004"
"SYN-085","C1","TITR",9,2024-06-14,2025-03-01,"USA","SYN-085-005"
"SYN-085","C1","TITR",10,2024-06-14,2025-03-01,"USA","SYN-085-006"
"SYN-085","C1","TITR",10,2024-06-14,2025-03-01,"USA","SYN-085-007"
"SYN-085","C1","TITR",9,2024-06-14,2025-03-01,"USA","SYN-085-008"
"SYN-085","C1","TITR",10,2024-06-14,2025-03-01,"USA","SYN-085-009"
"SYN-085","C1","TITR",10,2024-06-14,2025-03-01,"USA","SYN-085-010"
"SYN-085","C1","TITR",9,2024-06-14,2025-03-01,"USA","SYN-085-011"
"SYN-085","C1","TITR",10,2024-06-14,2025-03-01,"USA","SYN-085-012"
"SYN-085","C1","TITR",10,2024-06-14,2025-03-01,"USA","SYN-085-013"
"SYN-085","C1","TITR",9,2024-06-14,2025-03-01,"USA","SYN-085-014"
"SYN-085","C1","TITR",10,2024-06-14,2025-03-01,"USA","SYN-085-015"
"SYN-085","C1","TITR",9,2024-06-14,2025-03-01,"USA","SYN-085-016"
"SYN-085","C1","TITR",10,2024-06-14,2025-03-01,"USA","SYN-085-017"
"SYN-085","C1","TITR",10,2024-06-14,2025-03-01,"USA","SYN-085-018"
"SYN-085","C1","TITR",9,2024-06-14,2025-03-01,"USA","SYN-085-019"
"SYN-085","C1","TITR",10,2024-06-14,2025-03-01,"USA","SYN-085-020"
"SYN-085","C1","TITR",10,2024-06-14,2025-03-01,"USA","SYN-085-021"
"SYN-085","C1","TITR",9,2024-06-14,2025-03-01,"USA","SYN-085-022"
"SYN-085","C1","TITR",10,2024-06-14,2025-03-01,"USA","SYN-085-023"
"SYN-085","C1","TITR",10,2024-06-14,2025-03-01,"USA","SYN-085-024"
"SYN-085","C1","TITR",9,2024-06-14,2025-03-01,"USA","SYN-085-025"
"SYN-085","C1","TITR",10,2024-06-14,2025-03-01,"USA","SYN-085-026"
"SYN-085","C1","TITR",10,2024-06-14,2025-03-01,"USA","SYN-085-027"
"SYN-085","C1","TITR",9,2024-06-14,2025-03-01,"USA","SYN-085-028"
"SYN-085","C1","TITR",10,2024-06-14,2025-03-01,"USA","SYN-085-029"
"SYN-085","C1","TITR",10,2024-06-14,2025-03-01,"USA","SYN-085-030"
"SYN-085","C1","TITR",9,2024-06-14,2025-03-01,"USA","SYN-085-031"
"SYN-085","C1","TITR",10,2024-06-14,2025-03-01,"USA","SYN-085-032"
"SYN-086","C1","TITR",10,2024-03-10,2024-06-24,"USA","SYN-086-001"
"SYN-086","C1","TITR",10,2024-03-10,2024-06-24,"USA","SYN-086-002"
"SYN-086","C1","TITR",10,2024-03-10,2024-06-24,"USA","SYN-086-003"
"SYN-086","C1","TITR",11,2024-03-10,2024-06-24,"USA","SYN-086-004"
"SYN-086","C1","TITR",10,2024-03-10,2024-06-24,"USA","SYN-086-005"
"SYN-086","C1","TITR",10,2024-03-10,2024-06-24,"USA","SYN-086-006"
"SYN-086","C1","TITR",10,2024-03-10,2024-06-24,"USA","SYN-086-007"
"SYN-086","C1","TITR",10,2024-03-10,2024-06-24,"USA","SYN-086-008"
"SYN-086","C1","TITR",10,2024-03-10,2024-06-24,"USA","SYN-086-009"
"SYN-086","C1","TITR",11,2024-03-10,2024-06-24,"USA","SYN-086-010"
"SYN-086","C1","TITR",10,2024-03-10,2024-06-24,"USA","SYN-086-011"
"SYN-086","C1","TITR",10,2024-03-10,2024-06-24,"USA","SYN-086-012"
"SYN-086","C1","TITR",10,2024-03-10,2024-06-24,"USA","SYN-086-013"
"SYN-087","C1","FIXED",10,2024-07-06,2025-04-26,"USA","SYN-087-001"
"SYN-087","C1","FIXED",10,2024-07-06,2025-04-26,"USA","SYN-087-002"
"SYN-087","C1","FIXED",9,2024-07-06,2025-04-26,"USA","SYN-087-003"
"SYN-087","C1","FIXED",10,2024-07-06,2025-04-26,"USA","SYN-087-004"
"SYN-087","C1","FIXED",10,2024-07-06,2025-04-26,"USA","SYN-087-005"
"SYN-087","C1","FIXED",10,2024-07-06,2025-04-26,"USA","SYN-087-006"
"SYN-087","C1","FIXED",10,2024-07-06,2025-04-26,"USA","SYN-087-007"
"SYN-087","C1","FIXED",10,2024-07-06,2025-04-26,"USA","SYN-087-008"
"SYN-087","C1","FIXED",9,2024-07-06,2025-04-26,"USA","SYN-087-009"
"SYN-087","C1","FIXED",10,2024-07-06,2025-04-26,"USA","SYN-087-010"
"SYN-087","C1","FIXED",10,2024-07-06,2025-04-26,"USA","SYN-087-011"
"SYN-087","C1","FIXED",10,2024-07-06,2025-04-26,"USA","SYN-087-012"
"SYN-087","C1","FIXED",10,2024-07-06,2025-04-26,"USA","SYN-087-013"
"SYN-087","C1","FIXED",10,2024-07-06,2025-04-26,"USA","SYN-087-014"
"SYN-087","C1","FIXED",9,2024-07-06,2025-04-26,"USA","SYN-087-015"
"SYN-087","C1","FIXED",10,2024-07-06,2025-04-26,"USA","SYN-087-016"
"SYN-087","C1","FIXED",10,2024-07-06,2025-04-26,"USA","SYN-087-017"
"SYN-087","C1","FIXED",10,2024-07-06,2025-04-26,"USA","SYN-087-018"
"SYN-087","C1","FIXED",10,2024-07-06,2025-04-26,"USA","SYN-087-019"
"SYN-087","C1","FIXED",10,2024-07-06,2025-04-26,"USA","SYN-087-020"
"SYN-087","C1","FIXED",9,2024-07-06,2025-04-26,"USA","SYN-087-021"
"SYN-087","C1","FIXED",10,2024-07-06,2025-04-26,"USA","SYN-087-022"
"SYN-087","C1","FIXED",10,2024-07-06,2025-04-26,"USA","SYN-087-023"
"SYN-087","C1","FIXED",10,2024-07-06,2025-04-26,"USA","SYN-087-024"
"SYN-087","C1","FIXED",10,2024-07-06,2025-04-26,"USA","SYN-087-025"
"SYN-087","C1","FIXED",9,2024-07-06,2025-04-26,"USA","SYN-087-026"
"SYN-087","C1","FIXED",10,2024-07-06,2025-04-26,"USA","SYN-087-027"
"SYN-087","C1","FIXED",10,2024-07-06,2025-04-26,"USA","SYN-087-028"
"SYN-087","C1","FIXED",10,2024-07-06,2025-04-26,"USA","SYN-087-029"
"SYN-087","C1","FIXED",10,2024-07-06,2025-04-26,"USA","SYN-087-030"
"SYN-087","C1","FIXED",10,2024-07-06,2025-04-26,"USA","SYN-087-031"
"SYN-087","C1","FIXED",9,2024-07-06,2025-04-26,"USA","SYN-087-032"
"SYN-087","C1","FIXED",10,2024-07-06,2025-04-26,"USA","SYN-087-033"
"SYN-087","C1","FIXED",10,2024-07-06,2025-04-26,"USA","SYN-087-034"
"SYN-087","C1","FIXED",10,2024-07-06,2025-04-26,"USA","SYN-087-035"
"SYN-087","C1","FIXED",10,2024-07-06,2025-04-26,"USA","SYN-087-036"
"SYN-087","C1","FIXED",10,2024-07-06,2025-04-26,"USA","SYN-087-037"
"SYN-087","C1","FIXED",9,2024-07-06,2025-04-26,"USA","SYN-087-038"
"SYN-087","C1","FIXED",10,2024-07-06,2025-04-26,"USA","SYN-087-039"
"SYN-087","C1","FIXED",10,2024-07-06,2025-04-26,"USA","SYN-087-040"
"SYN-087","C1","FIXED",10,2024-07-06,2025-04-26,"USA","SYN-087-041"
"SYN-087","C1","FIXED",10,2024-07-06,2025-04-26,"USA","SYN-087-042"
"SYN-087","C1","FIXED",10,2024-07-06,2025-04-26,"USA","SYN-087-043"
"SYN-087","C1","FIXED",9,2024-07-06,2025-04-26,"USA","SYN-087-044"
"SYN-087","C1","FIXED",10,2024-07-06,2025-04-26,"USA","SYN-087-045"
"SYN-087","C1","FIXED",10,2024-07-06,2025-04-26,"USA","SYN-087-046"
"SYN-088","C1","TITR",10,2024-06-14,2024-12-28,"USA","SYN-088-001"
"SYN-088","C1","TITR",11,2024-06-14,2024-12-28,"USA","SYN-088-002"
"SYN-088","C1","TITR",10,2024-06-14,2024-12-28,"USA","SYN-088-003"
"SYN-088","C1","TITR",10,2024-06-14,2024-12-28,"USA","SYN-088-004"
"SYN-088","C1","TITR",11,2024-06-14,2024-12-28,"USA","SYN-088-005"
"SYN-088","C1","TITR",10,2024-06-14,2024-12-28,"USA","SYN-088-006"
"SYN-088","C1","TITR",10,2024-06-14,2024-12-28,"USA","SYN-088-007"
"SYN-088","C1","TITR",11,2024-06-14,2024-12-28,"USA","SYN-088-008"
"SYN-088","C1","TITR",10,2024-06-14,2024-12-28,"USA","SYN-088-009"
"SYN-088","C1","TITR",10,2024-06-14,2024-12-28,"USA","SYN-088-010"
"SYN-088","C1","TITR",11,2024-06-14,2024-12-28,"USA","SYN-088-011"
"SYN-088","C1","TITR",10,2024-06-14,2024-12-28,"USA","SYN-088-012"
"SYN-088","C1","TITR",10,2024-06-14,2024-12-28,"USA","SYN-088-013"
"SYN-088","C1","TITR",11,2024-06-14,2024-12-28,"USA","SYN-088-014"
"SYN-088","C1","TITR",10,2024-06-14,2024-12-28,"USA","SYN-088-015"
"SYN-088","C1","TITR",10,2024-06-14,2024-12-28,"USA","SYN-088-016"
"SYN-088","C1","TITR",11,2024-06-14,2024-12-28,"USA","SYN-088-017"
"SYN-088","C1","TITR",10,2024-06-14,2024-12-28,"USA","SYN-088-018"
"SYN-089","C1","FIXED",6,2024-04-22,2024-10-18,"USA","SYN-089-001"
"SYN-089","C1","FIXED",5,2024-04-22,2024-10-18,"USA","SYN-089-002"
"SYN-089","C1","FIXED",6,2024-04-22,2024-10-18,"USA","SYN-089-003"
"SYN-089","C1","FIXED",5,2024-04-22,2024-10-18,"USA","SYN-089-004"
"SYN-089","C1","FIXED",6,2024-04-22,2024-10-18,"USA","SYN-089-005"
"SYN-089","C1","FIXED",6,2024-04-22,2024-10-18,"USA","SYN-089-006"
"SYN-089","C1","FIXED",5,2024-04-22,2024-10-18,"USA","SYN-089-007"
"SYN-089","C1","FIXED",6,2024-04-22,2024-10-18,"USA","SYN-089-008"
"SYN-089","C1","FIXED",6,2024-04-22,2024-10-18,"USA","SYN-089-009"
"SYN-089","C1","FIXED",5,2024-04-22,2024-10-18,"USA","SYN-089-010"
"SYN-089","C1","FIXED",6,2024-04-22,2024-10-18,"USA","SYN-089-011"
"SYN-089","C1","FIXED",5,2024-04-22,2024-10-18,"USA","SYN-089-012"
"SYN-089","C1","FIXED",6,2024-04-22,2024-10-18,"USA","SYN-089-013"
"SYN-089","C1","FIXED",6,2024-04-22,2024-10-18,"USA","SYN-089-014"
"SYN-089","C1","FIXED",5,2024-04-22,2024-10-18,"USA","SYN-089-015"
"SYN-089","C1","FIXED",6,2024-04-22,2024-10-18,"USA","SYN-089-016"
"SYN-089","C1","FIXED",5,2024-04-22,2024-10-18,"USA","SYN-089-017"
"SYN-089","C1","FIXED",6,2024-04-22,2024-10-18,"USA","SYN-089-018"
"SYN-089","C1","FIXED",6,2024-04-22,2024-10-18,"USA","SYN-089-019"
"SYN-089","C1","FIXED",5,2024-04-22,2024-10-18,"USA","SYN-089-020"
"SYN-089","C1","FIXED",6,2024-04-22,2024-10-18,"USA","SYN-089-021"
"SYN-089","C1","FIXED",6,2024-04-22,2024-10-18,"USA","SYN-089-022"
"SYN-089","C1","FIXED",5,2024-04-22,2024-10-18,"USA","SYN-089-023"
"SYN-089","C1","FIXED",6,2024-04-22,2024-10-18,"USA","SYN-089-024"
"SYN-089","C1","FIXED",5,2024-04-22,2024-10-18,"USA","SYN-089-025"
"SYN-089","C1","FIXED",6,2024-04-22,2024-10-18,"USA","SYN-089-026"
"SYN-089","C1","FIXED",6,2024-04-22,2024-10-18,"USA","SYN-089-027"
"SYN-089","C1","FIXED",5,2024-04-22,2024-10-18,"USA","SYN-089-028"
"SYN-089","C1","FIXED",6,2024-04-22,2024-10-18,"USA","SYN-089-029"
"SYN-089","C1","FIXED",5,2024-04-22,2024-10-18,"USA","SYN-089-030"
"SYN-089","C1","FIXED",6,2024-04-22,2024-10-18,"USA","SYN-089-031"
"SYN-089","C1","FIXED",6,2024-04-22,2024-10-18,"USA","SYN-089-032"
"SYN-089","C1","FIXED",5,2024-04-22,2024-10-18,"USA","SYN-089-033"
"SYN-089","C1","FIXED",6,2024-04-22,2024-10-18,"USA","SYN-089-034"
"SYN-089","C1","FIXED",5,2024-04-22,2024-10-18,"USA","SYN-089-035"
"SYN-089","C1","FIXED",6,2024-04-22,2024-10-18,"USA","SYN-089-036"
"SYN-089","C1","FIXED",6,2024-04-22,2024-10-18,"USA","SYN-089-037"
"SYN-089","C1","FIXED",5,2024-04-22,2024-10-18,"USA","SYN-089-038"
"SYN-089","C1","FIXED",6,2024-04-22,2024-10-18,"USA","SYN-089-039"
"SYN-089","C1","FIXED",6,2024-04-22,2024-10-18,"USA","SYN-089-040"
"SYN-089","C1","FIXED",5,2024-04-22,2024-10-18,"USA","SYN-089-041"
"SYN-089","C1","FIXED",6,2024-04-22,2024-10-18,"USA","SYN-089-042"
"SYN-089","C1","FIXED",5,2024-04-22,2024-10-18,"USA","SYN-089-043"
"SYN-089","C1","FIXED",6,2024-04-22,2024-10-18,"USA","SYN-089-044"
"SYN-090","C1","TITR",11,2024-04-15,2024-07-09,"USA","SYN-090-001"
"SYN-090","C1","TITR",12,2024-04-15,2024-07-09,"USA","SYN-090-002"
"SYN-090","C1","TITR",11,2024-04-15,2024-07-09,"USA","SYN-090-003"
"SYN-090","C1","TITR",11,2024-04-15,2024-07-09,"USA","SYN-090-004"
"SYN-090","C1","TITR",11,2024-04-15,2024-07-09,"USA","SYN-090-005"
"SYN-090","C1","TITR",12,2024-04-15,2024-07-09,"USA","SYN-090-006"
"SYN-090","C1","TITR",11,2024-04-15,2024-07-09,"USA","SYN-090-007"
"SYN-090","C1","TITR",11,2024-04-15,2024-07-09,"USA","SYN-090-008"
"SYN-090","C1","TITR",12,2024-04-15,2024-07-09,"USA","SYN-090-009"
"SYN-090","C1","TITR",11,2024-04-15,2024-07-09,"USA","SYN-090-010"
"SYN-091","C1","FIXED",5,2024-02-08,2024-08-14,"USA","SYN-091-001"
"SYN-091","C1","FIXED",6,2024-02-08,2024-08-14,"USA","SYN-091-002"
"SYN-091","C1","FIXED",5,2024-02-08,2024-08-14,"USA","SYN-091-003"
"SYN-091","C1","FIXED",6,2024-02-08,2024-08-14,"USA","SYN-091-004"
"SYN-091","C1","FIXED",5,2024-02-08,2024-08-14,"USA","SYN-091-005"
"SYN-091","C1","FIXED",6,2024-02-08,2024-08-14,"USA","SYN-091-006"
"SYN-091","C1","FIXED",5,2024-02-08,2024-08-14,"USA","SYN-091-007"
"SYN-091","C1","FIXED",6,2024-02-08,2024-08-14,"USA","SYN-091-008"
"SYN-091","C1","FIXED",5,2024-02-08,2024-08-14,"USA","SYN-091-009"
"SYN-091","C1","FIXED",6,2024-02-08,2024-08-14,"USA","SYN-091-010"
"SYN-091","C1","FIXED",5,2024-02-08,2024-08-14,"USA","SYN-091-011"
"SYN-091","C1","FIXED",6,2024-02-08,2024-08-14,"USA","SYN-091-012"
"SYN-091","C1","FIXED",5,2024-02-08,2024-08-14,"USA","SYN-091-013"
"SYN-091","C1","FIXED",6,2024-02-08,2024-08-14,"USA","SYN-091-014"
"SYN-091","C1","FIXED",5,2024-02-08,2024-08-14,"USA","SYN-091-015"
"SYN-091","C1","FIXED",6,2024-02-08,2024-08-14,"USA","SYN-091-016"
"SYN-091","C1","FIXED",5,2024-02-08,2024-08-14,"USA","SYN-091-017"
"SYN-091","C1","FIXED",6,2024-02-08,2024-08-14,"USA","SYN-091-018"
"SYN-091","C1","FIXED",5,2024-02-08,2024-08-14,"USA","SYN-091-019"
"SYN-091","C1","FIXED",6,2024-02-08,2024-08-14,"USA","SYN-091-020"
"SYN-091","C1","FIXED",5,2024-02-08,2024-08-14,"USA","SYN-091-021"
"SYN-091","C1","FIXED",6,2024-02-08,2024-08-14,"USA","SYN-091-022"
"SYN-091","C1","FIXED",5,2024-02-08,2024-08-14,"USA","SYN-091-023"
"SYN-091","C1","FIXED",6,2024-02-08,2024-08-14,"USA","SYN-091-024"
"SYN-091","C1","FIXED",5,2024-02-08,2024-08-14,"USA","SYN-091-025"
"SYN-091","C1","FIXED",6,2024-02-08,2024-08-14,"USA","SYN-091-026"
"SYN-091","C1","FIXED",5,2024-02-08,2024-08-14,"USA","SYN-091-027"
"SYN-091","C1","FIXED",6,2024-02-08,2024-08-14,"USA","SYN-091-028"
"SYN-091","C1","FIXED",5,2024-02-08,2024-08-14,"USA","SYN-091-029"
"SYN-091","C1","FIXED",6,2024-02-08,2024-08-14,"USA","SYN-091-030"
"SYN-091","C1","FIXED",5,2024-02-08,2024-08-14,"USA","SYN-091-031"
"SYN-091","C1","FIXED",6,2024-02-08,2024-08-14,"USA","SYN-091-032"
"SYN-091","C1","FIXED",5,2024-02-08,2024-08-14,"USA","SYN-091-033"
"SYN-091","C1","FIXED",6,2024-02-08,2024-08-14,"USA","SYN-091-034"
"SYN-091","C1","FIXED",5,2024-02-08,2024-08-14,"USA","SYN-091-035"
"SYN-091","C1","FIXED",6,2024-02-08,2024-08-14,"USA","SYN-091-036"
"SYN-091","C1","FIXED",5,2024-02-08,2024-08-14,"USA","SYN-091-037"
"SYN-091","C1","FIXED",6,2024-02-08,2024-08-14,"USA","SYN-091-038"
"SYN-091","C1","FIXED",5,2024-02-08,2024-08-14,"USA","SYN-091-039"
"SYN-091","C1","FIXED",6,2024-02-08,2024-08-14,"USA","SYN-091-040"
"SYN-091","C1","FIXED",5,2024-02-08,2024-08-14,"USA","SYN-091-041"
"SYN-091","C1","FIXED",6,2024-02-08,2024-08-14,"USA","SYN-091-042"
"SYN-091","C1","FIXED",5,2024-02-08,2024-08-14,"USA","SYN-091-043"
"SYN-091","C1","FIXED",6,2024-02-08,2024-08-14,"USA","SYN-091-044"
"SYN-091","C1","FIXED",5,2024-02-08,2024-08-14,"USA","SYN-091-045"
"SYN-091","C1","FIXED",6,2024-02-08,2024-08-14,"USA","SYN-091-046"
"SYN-091","C1","FIXED",5,2024-02-08,2024-08-14,"USA","SYN-091-047"
"SYN-091","C1","FIXED",6,2024-02-08,2024-08-14,"USA","SYN-091-048"
"SYN-091","C1","FIXED",5,2024-02-08,2024-08-14,"USA","SYN-091-049"
"SYN-092","C1","FIXED",8,2023-03-24,2023-12-30,"USA","SYN-092-001"
"SYN-092","C1","FIXED",8,2023-03-24,2023-12-30,"USA","SYN-092-002"
"SYN-092","C1","FIXED",8,2023-03-24,2023-12-30,"USA","SYN-092-003"
"SYN-092","C1","FIXED",8,2023-03-24,2023-12-30,"USA","SYN-092-004"
"SYN-092","C1","FIXED",8,2023-03-24,2023-12-30,"USA","SYN-092-005"
"SYN-092","C1","FIXED",8,2023-03-24,2023-12-30,"USA","SYN-092-006"
"SYN-092","C1","FIXED",7,2023-03-24,2023-12-30,"USA","SYN-092-007"
"SYN-092","C1","FIXED",8,2023-03-24,2023-12-30,"USA","SYN-092-008"
"SYN-092","C1","FIXED",8,2023-03-24,2023-12-30,"USA","SYN-092-009"
"SYN-092","C1","FIXED",8,2023-03-24,2023-12-30,"USA","SYN-092-010"
"SYN-092","C1","FIXED",8,2023-03-24,2023-12-30,"USA","SYN-092-011"
"SYN-092","C1","FIXED",8,2023-03-24,2023-12-30,"USA","SYN-092-012"
"SYN-092","C1","FIXED",8,2023-03-24,2023-12-30,"USA","SYN-092-013"
"SYN-092","C1","FIXED",8,2023-03-24,2023-12-30,"USA","SYN-092-014"
"SYN-092","C1","FIXED",8,2023-03-24,2023-12-30,"USA","SYN-092-015"
"SYN-092","C1","FIXED",8,2023-03-24,2023-12-30,"USA","SYN-092-016"
"SYN-092","C1","FIXED",8,2023-03-24,2023-12-30,"USA","SYN-092-017"
"SYN-092","C1","FIXED",7,2023-03-24,2023-12-30,"USA","SYN-092-018"
"SYN-092","C1","FIXED",8,2023-03-24,2023-12-30,"USA","SYN-092-019"
"SYN-092","C1","FIXED",8,2023-03-24,2023-12-30,"USA","SYN-092-020"
"SYN-092","C1","FIXED",8,2023-03-24,2023-12-30,"USA","SYN-092-021"
"SYN-092","C1","FIXED",8,2023-03-24,2023-12-30,"USA","SYN-092-022"
"SYN-092","C1","FIXED",8,2023-03-24,2023-12-30,"USA","SYN-092-023"
"SYN-092","C1","FIXED",8,2023-03-24,2023-12-30,"USA","SYN-092-024"
"SYN-092","C1","FIXED",8,2023-03-24,2023-12-30,"USA","SYN-092-025"
"SYN-092","C1","FIXED",8,2023-03-24,2023-12-30,"USA","SYN-092-026"
"SYN-092","C1","FIXED",8,2023-03-24,2023-12-30,"USA","SYN-092-027"
"SYN-092","C1","FIXED",8,2023-03-24,2023-12-30,"USA","SYN-092-028"
"SYN-092","C1","FIXED",8,2023-03-24,2023-12-30,"USA","SYN-092-029"
"SYN-092","C1","FIXED",8,2023-03-24,2023-12-30,"USA","SYN-092-030"
"SYN-092","C1","FIXED",7,2023-03-24,2023-12-30,"USA","SYN-092-031"
"SYN-092","C1","FIXED",8,2023-03-24,2023-12-30,"USA","SYN-092-032"
"SYN-092","C1","FIXED",8,2023-03-24,2023-12-30,"USA","SYN-092-033"
"SYN-092","C1","FIXED",8,2023-03-24,2023-12-30,"USA","SYN-092-034"
"SYN-092","C1","FIXED",8,2023-03-24,2023-12-30,"USA","SYN-092-035"
"SYN-092","C1","FIXED",8,2023-03-24,2023-12-30,"USA","SYN-092-036"
"SYN-092","C1","FIXED",8,2023-03-24,2023-12-30,"USA","SYN-092-037"
"SYN-092","C1","FIXED",8,2023-03-24,2023-12-30,"USA","SYN-092-038"
"SYN-092","C1","FIXED",8,2023-03-24,2023-12-30,"USA","SYN-092-039"
"SYN-092","C1","FIXED",8,2023-03-24,2023-12-30,"USA","SYN-092-040"
"SYN-092","C1","FIXED",8,2023-03-24,2023-12-30,"USA","SYN-092-041"
"SYN-092","C1","FIXED",7,2023-03-24,2023-12-30,"USA","SYN-092-042"
"SYN-092","C1","FIXED",8,2023-03-24,2023-12-30,"USA","SYN-092-043"
"SYN-092","C1","FIXED",8,2023-03-24,2023-12-30,"USA","SYN-092-044"
"SYN-092","C1","FIXED",8,2023-03-24,2023-12-30,"USA","SYN-092-045"
"SYN-092","C1","FIXED",8,2023-03-24,2023-12-30,"USA","SYN-092-046"
"SYN-092","C1","FIXED",8,2023-03-24,2023-12-30,"USA","SYN-092-047"
"SYN-092","C1","FIXED",8,2023-03-24,2023-12-30,"USA","SYN-092-048"
"SYN-092","C1","FIXED",8,2023-03-24,2023-12-30,"USA","SYN-092-049"
"SYN-092","C1","FIXED",8,2023-03-24,2023-12-30,"USA","SYN-092-050"
"SYN-092","C1","FIXED",8,2023-03-24,2023-12-30,"USA","SYN-092-051"
"SYN-092","C1","FIXED",8,2023-03-24,2023-12-30,"USA","SYN-092-052"
"SYN-092","C1","FIXED",8,2023-03-24,2023-12-30,"USA","SYN-092-053"
"SYN-092","C1","FIXED",8,2023-03-24,2023-12-30,"USA","SYN-092-054"
"SYN-092","C1","FIXED",7,2023-03-24,2023-12-30,"USA","SYN-092-055"
"SYN-092","C1","FIXED",8,2023-03-24,2023-12-30,"USA","SYN-092-056"
"SYN-092","C1","FIXED",8,2023-03-24,2023-12-30,"USA","SYN-092-057"
"SYN-092","C1","FIXED",8,2023-03-24,2023-12-30,"USA","SYN-092-058"
"SYN-092","C1","FIXED",8,2023-03-24,2023-12-30,"USA","SYN-092-059"
"SYN-092","C1","FIXED",8,2023-03-24,2023-12-30,"USA","SYN-092-060"
"SYN-093","C1","FIXED",15,2024-08-30,2025-03-24,"USA","SYN-093-001"
"SYN-093","C1","FIXED",15,2024-08-30,2025-03-24,"USA","SYN-093-002"
"SYN-093","C1","FIXED",15,2024-08-30,2025-03-24,"USA","SYN-093-003"
"SYN-093","C1","FIXED",15,2024-08-30,2025-03-24,"USA","SYN-093-004"
"SYN-093","C1","FIXED",14,2024-08-30,2025-03-24,"USA","SYN-093-005"
"SYN-093","C1","FIXED",15,2024-08-30,2025-03-24,"USA","SYN-093-006"
"SYN-093","C1","FIXED",15,2024-08-30,2025-03-24,"USA","SYN-093-007"
"SYN-093","C1","FIXED",15,2024-08-30,2025-03-24,"USA","SYN-093-008"
"SYN-093","C1","FIXED",15,2024-08-30,2025-03-24,"USA","SYN-093-009"
"SYN-093","C1","FIXED",15,2024-08-30,2025-03-24,"USA","SYN-093-010"
"SYN-093","C1","FIXED",15,2024-08-30,2025-03-24,"USA","SYN-093-011"
"SYN-093","C1","FIXED",14,2024-08-30,2025-03-24,"USA","SYN-093-012"
"SYN-093","C1","FIXED",15,2024-08-30,2025-03-24,"USA","SYN-093-013"
"SYN-093","C1","FIXED",15,2024-08-30,2025-03-24,"USA","SYN-093-014"
"SYN-093","C1","FIXED",15,2024-08-30,2025-03-24,"USA","SYN-093-015"
"SYN-093","C1","FIXED",15,2024-08-30,2025-03-24,"USA","SYN-093-016"
"SYN-093","C1","FIXED",15,2024-08-30,2025-03-24,"USA","SYN-093-017"
"SYN-093","C1","FIXED",15,2024-08-30,2025-03-24,"USA","SYN-093-018"
"SYN-093","C1","FIXED",15,2024-08-30,2025-03-24,"USA","SYN-093-019"
"SYN-093","C1","FIXED",15,2024-08-30,2025-03-24,"USA","SYN-093-020"
"SYN-093","C1","FIXED",14,2024-08-30,2025-03-24,"USA","SYN-093-021"
"SYN-093","C1","FIXED",15,2024-08-30,2025-03-24,"USA","SYN-093-022"
"SYN-093","C1","FIXED",15,2024-08-30,2025-03-24,"USA","SYN-093-023"
"SYN-093","C1","FIXED",15,2024-08-30,2025-03-24,"USA","SYN-093-024"
"SYN-094","C1","FIXED",11,2024-06-30,2025-04-02,"USA","SYN-094-001"
"SYN-094","C1","FIXED",11,2024-06-30,2025-04-02,"USA","SYN-094-002"
"SYN-094","C1","FIXED",10,2024-06-30,2025-04-02,"USA","SYN-094-003"
"SYN-094","C1","FIXED",11,2024-06-30,2025-04-02,"USA","SYN-094-004"
"SYN-094","C1","FIXED",11,2024-06-30,2025-04-02,"USA","SYN-094-005"
"SYN-094","C1","FIXED",11,2024-06-30,2025-04-02,"USA","SYN-094-006"
"SYN-094","C1","FIXED",11,2024-06-30,2025-04-02,"USA","SYN-094-007"
"SYN-094","C1","FIXED",10,2024-06-30,2025-04-02,"USA","SYN-094-008"
"SYN-094","C1","FIXED",11,2024-06-30,2025-04-02,"USA","SYN-094-009"
"SYN-094","C1","FIXED",11,2024-06-30,2025-04-02,"USA","SYN-094-010"
"SYN-094","C1","FIXED",11,2024-06-30,2025-04-02,"USA","SYN-094-011"
"SYN-094","C1","FIXED",11,2024-06-30,2025-04-02,"USA","SYN-094-012"
"SYN-094","C1","FIXED",11,2024-06-30,2025-04-02,"USA","SYN-094-013"
"SYN-094","C1","FIXED",10,2024-06-30,2025-04-02,"USA","SYN-094-014"
"SYN-094","C1","FIXED",11,2024-06-30,2025-04-02,"USA","SYN-094-015"
"SYN-094","C1","FIXED",11,2024-06-30,2025-04-02,"USA","SYN-094-016"
"SYN-094","C1","FIXED",11,2024-06-30,2025-04-02,"USA","SYN-094-017"
"SYN-094","C1","FIXED",11,2024-06-30,2025-04-02,"USA","SYN-094-018"
"SYN-094","C1","FIXED",10,2024-06-30,2025-04-02,"USA","SYN-094-019"
"SYN-094","C1","FIXED",11,2024-06-30,2025-04-02,"USA","SYN-094-020"
"SYN-094","C1","FIXED",11,2024-06-30,2025-04-02,"USA","SYN-094-021"
"SYN-094","C1","FIXED",11,2024-06-30,2025-04-02,"USA","SYN-094-022"
"SYN-094","C1","FIXED",11,2024-06-30,2025-04-02,"USA","SYN-094-023"
"SYN-094","C1","FIXED",11,2024-06-30,2025-04-02,"USA","SYN-094-024"
"SYN-094","C1","FIXED",10,2024-06-30,2025-04-02,"USA","SYN-094-025"
"SYN-094","C1","FIXED",11,2024-06-30,2025-04-02,"USA","SYN-094-026"
"SYN-094","C1","FIXED",11,2024-06-30,2025-04-02,"USA","SYN-094-027"
"SYN-094","C1","FIXED",11,2024-06-30,2025-04-02,"USA","SYN-094-028"
"SYN-094","C1","FIXED",11,2024-06-30,2025-04-02,"USA","SYN-094-029"
"SYN-094","C1","FIXED",10,2024-06-30,2025-04-02,"USA","SYN-094-030"
"SYN-094","C1","FIXED",11,2024-06-30,2025-04-02,"USA","SYN-094-031"
"SYN-094","C1","FIXED",11,2024-06-30,2025-04-02,"USA","SYN-094-032"
"SYN-095","C1","TITR",9,2024-04-03,2024-11-30,"USA","SYN-095-001"
"SYN-095","C1","TITR",8,2024-04-03,2024-11-30,"USA","SYN-095-002"
"SYN-095","C1","TITR",9,2024-04-03,2024-11-30,"USA","SYN-095-003"
"SYN-095","C1","TITR",8,2024-04-03,2024-11-30,"USA","SYN-095-004"
"SYN-095","C1","TITR",9,2024-04-03,2024-11-30,"USA","SYN-095-005"
"SYN-095","C1","TITR",9,2024-04-03,2024-11-30,"USA","SYN-095-006"
"SYN-095","C1","TITR",8,2024-04-03,2024-11-30,"USA","SYN-095-007"
"SYN-095","C1","TITR",9,2024-04-03,2024-11-30,"USA","SYN-095-008"
"SYN-095","C1","TITR",8,2024-04-03,2024-11-30,"USA","SYN-095-009"
"SYN-095","C1","TITR",9,2024-04-03,2024-11-30,"USA","SYN-095-010"
"SYN-095","C1","TITR",9,2024-04-03,2024-11-30,"USA","SYN-095-011"
"SYN-095","C1","TITR",8,2024-04-03,2024-11-30,"USA","SYN-095-012"
"SYN-095","C1","TITR",9,2024-04-03,2024-11-30,"USA","SYN-095-013"
"SYN-095","C1","TITR",8,2024-04-03,2024-11-30,"USA","SYN-095-014"
"SYN-095","C1","TITR",9,2024-04-03,2024-11-30,"USA","SYN-095-015"
"SYN-095","C1","TITR",9,2024-04-03,2024-11-30,"USA","SYN-095-016"
"SYN-095","C1","TITR",8,2024-04-03,2024-11-30,"USA","SYN-095-017"
"SYN-095","C1","TITR",9,2024-04-03,2024-11-30,"USA","SYN-095-018"
"SYN-095","C1","TITR",8,2024-04-03,2024-11-30,"USA","SYN-095-019"
"SYN-095","C1","TITR",9,2024-04-03,2024-11-30,"USA","SYN-095-020"
"SYN-095","C1","TITR",9,2024-04-03,2024-11-30,"USA","SYN-095-021"
"SYN-095","C1","TITR",8,2024-04-03,2024-11-30,"USA","SYN-095-022"
"SYN-095","C1","TITR",9,2024-04-03,2024-11-30,"USA","SYN-095-023"
"SYN-095","C1","TITR",8,2024-04-03,2024-11-30,"USA","SYN-095-024"
"SYN-095","C1","TITR",9,2024-04-03,2024-11-30,"USA","SYN-095-025"
"SYN-096","C1","FIXED",13,2024-05-21,2024-12-11,"USA","SYN-096-001"
"SYN-096","C1","FIXED",13,2024-05-21,2024-12-11,"USA","SYN-096-002"
"SYN-096","C1","FIXED",13,2024-05-21,2024-12-11,"USA","SYN-096-003"
"SYN-096","C1","FIXED",14,2024-05-21,2024-12-11,"USA","SYN-096-004"
"SYN-096","C1","FIXED",13,2024-05-21,2024-12-11,"USA","SYN-096-005"
"SYN-096","C1","FIXED",13,2024-05-21,2024-12-11,"USA","SYN-096-006"
"SYN-096","C1","FIXED",13,2024-05-21,2024-12-11,"USA","SYN-096-007"
"SYN-096","C1","FIXED",13,2024-05-21,2024-12-11,"USA","SYN-096-008"
"SYN-096","C1","FIXED",13,2024-05-21,2024-12-11,"USA","SYN-096-009"
"SYN-096","C1","FIXED",13,2024-05-21,2024-12-11,"USA","SYN-096-010"
"SYN-096","C1","FIXED",13,2024-05-21,2024-12-11,"USA","SYN-096-011"
"SYN-096","C1","FIXED",14,2024-05-21,2024-12-11,"USA","SYN-096-012"
"SYN-096","C1","FIXED",13,2024-05-21,2024-12-11,"USA","SYN-096-013"
"SYN-096","C1","FIXED",13,2024-05-21,2024-12-11,"USA","SYN-096-014"
"SYN-096","C1","FIXED",13,2024-05-21,2024-12-11,"USA","SYN-096-015"
"SYN-096","C1","FIXED",13,2024-05-21,2024-12-11,"USA","SYN-096-016"
"SYN-096","C1","FIXED",13,2024-05-21,2024-12-11,"USA","SYN-096-017"
"SYN-096","C1","FIXED",13,2024-05-21,2024-12-11,"USA","SYN-096-018"
"SYN-096","C1","FIXED",14,2024-05-21,2024-12-11,"USA","SYN-096-019"
"SYN-096","C1","FIXED",13,2024-05-21,2024-12-11,"USA","SYN-096-020"
"SYN-096","C1","FIXED",13,2024-05-21,2024-12-11,"USA","SYN-096-021"
"SYN-096","C1","FIXED",13,2024-05-21,2024-12-11,"USA","SYN-096-022"
"SYN-097","C1","TITR",14,2023-03-15,2024-03-17,"USA","SYN-097-001"
"SYN-097","C1","TITR",14,2023-03-15,2024-03-17,"USA","SYN-097-002"
"SYN-097","C1","TITR",14,2023-03-15,2024-03-17,"USA","SYN-097-003"
"SYN-097","C1","TITR",14,2023-03-15,2024-03-17,"USA","SYN-097-004"
"SYN-097","C1","TITR",14,2023-03-15,2024-03-17,"USA","SYN-097-005"
"SYN-097","C1","TITR",14,2023-03-15,2024-03-17,"USA","SYN-097-006"
"SYN-097","C1","TITR",14,2023-03-15,2024-03-17,"USA","SYN-097-007"
"SYN-097","C1","TITR",14,2023-03-15,2024-03-17,"USA","SYN-097-008"
"SYN-097","C1","TITR",14,2023-03-15,2024-03-17,"USA","SYN-097-009"
"SYN-097","C1","TITR",14,2023-03-15,2024-03-17,"USA","SYN-097-010"
"SYN-097","C1","TITR",14,2023-03-15,2024-03-17,"USA","SYN-097-011"
"SYN-097","C1","TITR",14,2023-03-15,2024-03-17,"USA","SYN-097-012"
"SYN-097","C1","TITR",14,2023-03-15,2024-03-17,"USA","SYN-097-013"
"SYN-097","C1","TITR",14,2023-03-15,2024-03-17,"USA","SYN-097-014"
"SYN-097","C1","TITR",14,2023-03-15,2024-03-17,"USA","SYN-097-015"
"SYN-097","C1","TITR",14,2023-03-15,2024-03-17,"USA","SYN-097-016"
"SYN-098","C1","TITR",6,2024-10-24,2025-01-18,"USA","SYN-098-001"
"SYN-098","C1","TITR",6,2024-10-24,2025-01-18,"USA","SYN-098-002"
"SYN-098","C1","TITR",6,2024-10-24,2025-01-18,"USA","SYN-098-003"
"SYN-098","C1","TITR",6,2024-10-24,2025-01-18,"USA","SYN-098-004"
"SYN-098","C1","TITR",6,2024-10-24,2025-01-18,"USA","SYN-098-005"
"SYN-098","C1","TITR",6,2024-10-24,2025-01-18,"USA","SYN-098-006"
"SYN-098","C1","TITR",6,2024-10-24,2025-01-18,"USA","SYN-098-007"
"SYN-098","C1","TITR",6,2024-10-24,2025-01-18,"USA","SYN-098-008"
"SYN-098","C1","TITR",6,2024-10-24,2025-01-18,"USA","SYN-098-009"
"SYN-098","C1","TITR",6,2024-10-24,2025-01-18,"USA","SYN-098-010"
"SYN-098","C1","TITR",6,2024-10-24,2025-01-18,"USA","SYN-098-011"
"SYN-098","C1","TITR",6,2024-10-24,2025-01-18,"USA","SYN-098-012"
